"WinterNr";"CountNr";"date";"year";"month";"day";"Room";"Category";"ObjectType";"Mdau";"Mmyo";"Mnat";"Mbra";"Paur";"Eser";"ObjectID"
19;1;"19/11/19";2019;11;19;"1";"room";"room";0;1;0;0;0;0;1
19;1;"19/11/19";2019;11;19;"1";"object";"brick_flat";0;1;0;0;0;0;6
19;1;"19/11/19";2019;11;19;"10";"room";"room";4;1;0;0;0;0;23
19;1;"19/11/19";2019;11;19;"10";"object";"brick_large";0;1;0;0;0;0;25
19;1;"19/11/19";2019;11;19;"10";"object";"brick_large";0;1;1;0;0;0;27
19;1;"19/11/19";2019;11;19;"10";"object";"chimney";1;0;0;0;0;0;30
19;1;"19/11/19";2019;11;19;"10";"object";"brick_large";0;2;0;0;0;0;32
19;1;"19/11/19";2019;11;19;"11";"room";"room";0;2;0;0;0;0;45
19;1;"19/11/19";2019;11;19;"11";"object";"chimney";0;1;0;0;0;0;47
19;1;"19/11/19";2019;11;19;"11";"object";"tunnel";2;0;0;0;1;0;52
19;1;"19/11/19";2019;11;19;"12";"room";"room";5;2;0;0;0;0;59
19;1;"19/11/19";2019;11;19;"12";"object";"wall";0;0;1;0;0;0;75
19;1;"19/11/19";2019;11;19;"12";"object";"brick_flat";1;0;0;0;0;0;96
19;1;"19/11/19";2019;11;19;"12";"object";"pile";1;0;0;0;0;0;98
19;1;"19/11/19";2019;11;19;"12";"object";"pile";1;0;0;0;0;0;99
19;1;"19/11/19";2019;11;19;"2";"room";"room";4;0;0;1;0;0;102
19;1;"19/11/19";2019;11;19;"2";"object";"wall";1;0;0;0;0;0;128
19;1;"19/11/19";2019;11;19;"2";"object";"wall";1;0;0;0;0;0;132
19;1;"19/11/19";2019;11;19;"2";"object";"wall";1;0;0;0;0;0;135
19;1;"19/11/19";2019;11;19;"2";"object";"wall";1;0;0;0;0;0;141
19;1;"19/11/19";2019;11;19;"2";"object";"wall";1;0;0;0;0;0;150
19;1;"19/11/19";2019;11;19;"2";"object";"wall";1;0;0;0;0;0;162
19;1;"19/11/19";2019;11;19;"2";"object";"brick_flat";0;1;0;0;0;0;187
19;1;"19/11/19";2019;11;19;"3";"room";"room";6;2;0;0;1;0;195
19;1;"19/11/19";2019;11;19;"3";"object";"chimney";0;7;0;0;0;0;198
19;1;"19/11/19";2019;11;19;"3";"object";"brick_round";1;0;0;0;0;0;214
19;1;"19/11/19";2019;11;19;"3";"object";"wall";1;0;0;0;0;0;241
19;1;"19/11/19";2019;11;19;"3";"object";"wall";1;0;0;0;0;0;252
19;1;"19/11/19";2019;11;19;"4";"room";"room";10;1;0;2;0;0;259
19;1;"19/11/19";2019;11;19;"4";"object";"other";3;0;0;0;0;0;260
19;1;"19/11/19";2019;11;19;"4";"object";"other";1;0;0;0;0;0;277
19;1;"19/11/19";2019;11;19;"5";"room";"room";6;1;1;1;0;0;298
19;1;"19/11/19";2019;11;19;"5";"object";"other";1;0;1;0;0;0;303
19;1;"19/11/19";2019;11;19;"5";"object";"brick_flat";0;1;0;0;0;0;316
19;1;"19/11/19";2019;11;19;"5";"object";"other";3;0;0;0;0;0;334
19;1;"19/11/19";2019;11;19;"5";"object";"other";3;0;0;0;0;0;335
19;1;"19/11/19";2019;11;19;"5";"object";"other";1;0;0;0;0;0;336
19;1;"19/11/19";2019;11;19;"5";"object";"brick_flat";1;0;0;0;0;0;339
19;1;"19/11/19";2019;11;19;"6";"room";"room";3;0;0;0;0;0;347
19;1;"19/11/19";2019;11;19;"6";"object";"brick_large";1;0;0;0;0;0;354
19;1;"19/11/19";2019;11;19;"6";"object";"brick_large";0;1;0;0;0;0;359
19;1;"19/11/19";2019;11;19;"6";"object";"crevice";1;0;0;0;0;0;380
19;1;"19/11/19";2019;11;19;"7";"room";"room";5;0;0;0;0;0;395
19;1;"19/11/19";2019;11;19;"7";"object";"wall";1;0;0;0;0;0;420
19;1;"19/11/19";2019;11;19;"7";"object";"wall";1;0;0;0;0;0;429
19;1;"19/11/19";2019;11;19;"8";"room";"room";7;1;0;0;0;0;442
19;1;"19/11/19";2019;11;19;"8";"object";"brick_large";1;0;0;0;0;0;444
19;1;"19/11/19";2019;11;19;"8";"object";"brick_large";0;1;0;0;0;0;445
19;1;"19/11/19";2019;11;19;"8";"object";"brick_flat";0;1;0;0;0;0;455
19;1;"19/11/19";2019;11;19;"9";"room";"room";2;0;0;2;0;0;463
19;1;"19/11/19";2019;11;19;"9";"object";"brick_large";0;3;0;0;0;0;464
19;1;"19/11/19";2019;11;19;"9";"object";"brick_large";0;3;0;0;0;0;467
19;1;"19/11/19";2019;11;19;"9";"object";"brick_large";0;3;0;0;0;0;468
19;1;"19/11/19";2019;11;19;"9";"object";"wall";1;0;0;0;0;0;505
19;1;"19/11/19";2019;11;19;"9";"object";"wall";1;0;0;0;0;0;507
19;1;"19/11/19";2019;11;19;"9";"object";"wall";1;0;0;0;0;0;517
19;1;"19/11/19";2019;11;19;"9";"object";"wall";1;0;0;0;0;0;535
19;1;"19/11/19";2019;11;19;"9";"object";"wall";1;0;0;0;0;0;537
19;1;"19/11/19";2019;11;19;"9";"object";"wall";0;0;1;0;0;0;543
19;1;"19/11/19";2019;11;19;"9";"object";"wall";0;0;0;0;1;0;545
19;1;"19/11/19";2019;11;19;"9";"object";"wall";1;0;0;0;0;0;548
19;1;"19/11/19";2019;11;19;"9";"object";"wall";1;0;0;0;0;0;552
19;10;"07/03/20";2020;3;7;"1";"room";"room";0;0;2;0;0;0;1
19;10;"07/03/20";2020;3;7;"10";"room";"room";2;1;0;0;0;0;23
19;10;"07/03/20";2020;3;7;"10";"object";"brick_large";0;1;1;0;0;0;25
19;10;"07/03/20";2020;3;7;"10";"object";"brick_large";0;4;0;0;0;0;27
19;10;"07/03/20";2020;3;7;"10";"object";"brick_large";0;1;0;0;0;0;28
19;10;"07/03/20";2020;3;7;"10";"object";"chimney";1;0;0;0;0;0;30
19;10;"07/03/20";2020;3;7;"10";"object";"brick_large";0;4;0;0;0;0;33
19;10;"07/03/20";2020;3;7;"10";"object";"brick_large";0;2;1;0;0;0;34
19;10;"07/03/20";2020;3;7;"10";"object";"brick_flat";0;0;6;0;0;0;37
19;10;"07/03/20";2020;3;7;"10";"object";"tunnel";1;0;0;0;0;0;40
19;10;"07/03/20";2020;3;7;"11";"room";"room";2;0;1;0;0;0;45
19;10;"07/03/20";2020;3;7;"11";"room";"room";0;1;0;0;0;0;45
19;10;"07/03/20";2020;3;7;"11";"object";"chimney";0;1;0;0;0;0;51
19;10;"07/03/20";2020;3;7;"11";"object";"other";0;0;1;0;0;0;57
19;10;"07/03/20";2020;3;7;"11";"object";"other";0;0;1;0;0;0;58
19;10;"07/03/20";2020;3;7;"12";"room";"room";3;1;0;0;0;0;59
19;10;"07/03/20";2020;3;7;"12";"object";"wall";1;0;0;0;0;0;70
19;10;"07/03/20";2020;3;7;"12";"object";"wall";1;0;0;0;0;0;72
19;10;"07/03/20";2020;3;7;"12";"object";"brick_flat";1;0;0;0;0;0;97
19;10;"07/03/20";2020;3;7;"12";"object";"pile";2;0;0;0;0;0;99
19;10;"07/03/20";2020;3;7;"2";"room";"room";1;0;4;0;0;0;102
19;10;"07/03/20";2020;3;7;"2";"room";"room";0;0;0;1;0;0;102
19;10;"07/03/20";2020;3;7;"2";"object";"wall";0;0;1;0;0;0;107
19;10;"07/03/20";2020;3;7;"2";"object";"wall";0;0;1;0;0;0;124
19;10;"07/03/20";2020;3;7;"2";"object";"wall";1;0;0;0;0;0;160
19;10;"07/03/20";2020;3;7;"2";"object";"pile";2;0;0;0;0;0;173
19;10;"07/03/20";2020;3;7;"2";"object";"brick_flat";0;0;1;0;0;0;179
19;10;"07/03/20";2020;3;7;"2";"object";"brick_flat";1;0;1;0;0;0;181
19;10;"07/03/20";2020;3;7;"3";"room";"room";6;0;10;1;0;0;195
19;10;"07/03/20";2020;3;7;"3";"room";"room";1;1;0;0;0;0;195
19;10;"07/03/20";2020;3;7;"3";"object";"other";0;2;0;0;0;0;196
19;10;"07/03/20";2020;3;7;"3";"object";"chimney";0;11;1;0;0;0;198
19;10;"07/03/20";2020;3;7;"3";"object";"brick_round";1;0;0;0;0;0;211
19;10;"07/03/20";2020;3;7;"3";"object";"wall";0;0;1;0;0;0;239
19;10;"07/03/20";2020;3;7;"3";"object";"wall";0;0;1;0;0;0;242
19;10;"07/03/20";2020;3;7;"3";"object";"other";1;0;0;0;0;0;254
19;10;"07/03/20";2020;3;7;"3";"object";"other";1;0;0;0;0;0;255
19;10;"07/03/20";2020;3;7;"3";"object";"other";2;0;0;0;0;0;256
19;10;"07/03/20";2020;3;7;"4";"room";"room";8;0;6;0;0;0;259
19;10;"07/03/20";2020;3;7;"4";"room";"room";4;1;0;0;0;0;259
19;10;"07/03/20";2020;3;7;"4";"object";"brick_flat";0;0;1;0;0;0;274
19;10;"07/03/20";2020;3;7;"5";"room";"room";6;0;8;0;1;0;298
19;10;"07/03/20";2020;3;7;"5";"object";"brick_flat";0;0;1;0;0;0;328
19;10;"07/03/20";2020;3;7;"5";"object";"other";1;0;0;0;0;0;335
19;10;"07/03/20";2020;3;7;"6";"room";"room";1;0;1;1;0;0;347
19;10;"07/03/20";2020;3;7;"6";"object";"brick_large";0;2;0;0;0;0;356
19;10;"07/03/20";2020;3;7;"6";"object";"brick_large";0;1;0;0;0;0;363
19;10;"07/03/20";2020;3;7;"6";"object";"chimney";0;2;0;0;0;0;367
19;10;"07/03/20";2020;3;7;"6";"object";"brick_flat";2;0;0;0;0;0;369
19;10;"07/03/20";2020;3;7;"6";"object";"crevice";1;0;0;0;0;0;380
19;10;"07/03/20";2020;3;7;"6";"object";"crevice";2;0;0;0;0;0;381
19;10;"07/03/20";2020;3;7;"6";"object";"crevice";1;0;0;0;0;0;384
19;10;"07/03/20";2020;3;7;"6";"object";"crevice";0;0;1;0;0;0;386
19;10;"07/03/20";2020;3;7;"7";"room";"room";2;0;0;0;0;0;395
19;10;"07/03/20";2020;3;7;"7";"object";"brick_large";0;1;2;0;0;0;401
19;10;"07/03/20";2020;3;7;"7";"object";"brick_large";0;0;1;0;0;0;402
19;10;"07/03/20";2020;3;7;"7";"object";"brick_flat";0;0;2;0;0;0;409
19;10;"07/03/20";2020;3;7;"7";"object";"brick_flat";1;0;2;0;0;0;411
19;10;"07/03/20";2020;3;7;"7";"object";"brick_flat";1;0;0;0;0;0;415
19;10;"07/03/20";2020;3;7;"7";"object";"brick_flat";0;0;1;0;0;0;417
19;10;"07/03/20";2020;3;7;"7";"object";"wall";0;0;1;0;0;0;423
19;10;"07/03/20";2020;3;7;"8";"room";"room";4;1;1;0;0;0;442
19;10;"07/03/20";2020;3;7;"8";"object";"brick_large";0;0;8;0;0;0;448
19;10;"07/03/20";2020;3;7;"8";"object";"brick_flat";0;0;1;0;0;0;455
19;10;"07/03/20";2020;3;7;"8";"object";"brick_flat";1;0;1;0;0;0;456
19;10;"07/03/20";2020;3;7;"8";"object";"tunnel";2;0;0;0;0;0;460
19;10;"07/03/20";2020;3;7;"9";"room";"room";2;0;0;0;0;0;463
19;10;"07/03/20";2020;3;7;"9";"room";"room";3;0;0;0;0;0;463
19;10;"07/03/20";2020;3;7;"9";"object";"brick_large";0;3;0;0;0;0;464
19;10;"07/03/20";2020;3;7;"9";"object";"brick_large";0;7;0;0;0;0;467
19;10;"07/03/20";2020;3;7;"9";"object";"brick_large";0;2;3;0;0;0;468
19;10;"07/03/20";2020;3;7;"9";"object";"brick_large";0;3;0;0;0;0;469
19;10;"07/03/20";2020;3;7;"9";"object";"brick_flat";0;0;2;0;0;0;477
19;10;"07/03/20";2020;3;7;"9";"object";"brick_flat";1;0;1;0;0;0;478
19;10;"07/03/20";2020;3;7;"9";"object";"brick_flat";0;0;0;1;0;0;479
19;10;"07/03/20";2020;3;7;"9";"object";"brick_flat";0;0;0;1;0;0;480
19;10;"07/03/20";2020;3;7;"9";"object";"brick_flat";1;0;1;0;0;0;481
19;10;"07/03/20";2020;3;7;"9";"object";"brick_flat";0;0;0;1;0;0;482
19;10;"07/03/20";2020;3;7;"9";"object";"wall";0;0;1;0;0;0;490
19;10;"07/03/20";2020;3;7;"9";"object";"wall";1;0;0;0;0;0;508
19;10;"07/03/20";2020;3;7;"9";"object";"wall";1;0;0;0;0;0;513
19;10;"07/03/20";2020;3;7;"9";"object";"wall";1;0;0;0;0;0;525
19;10;"07/03/20";2020;3;7;"9";"object";"wall";1;0;0;0;0;0;527
19;10;"07/03/20";2020;3;7;"9";"object";"wall";1;0;1;0;0;0;533
19;10;"07/03/20";2020;3;7;"9";"object";"wall";1;0;0;0;0;0;548
19;10;"07/03/20";2020;3;7;"9";"object";"brick_round";1;0;0;0;0;0;563
19;10;"07/03/20";2020;3;7;"9";"object";"brick_round";1;0;0;0;0;0;564
19;11;"18/03/20";2020;3;18;"1";"room";"room";0;1;0;0;0;0;1
19;11;"18/03/20";2020;3;18;"1";"object";"brick_flat";0;0;1;0;0;0;18
19;11;"18/03/20";2020;3;18;"10";"room";"room";1;2;0;0;0;0;23
19;11;"18/03/20";2020;3;18;"10";"object";"brick_large";0;2;0;0;0;0;25
19;11;"18/03/20";2020;3;18;"10";"object";"brick_large";0;2;0;0;0;0;27
19;11;"18/03/20";2020;3;18;"10";"object";"brick_large";0;0;1;0;0;0;28
19;11;"18/03/20";2020;3;18;"10";"object";"brick_large";0;2;0;0;0;0;32
19;11;"18/03/20";2020;3;18;"10";"object";"brick_large";0;2;0;0;0;0;33
19;11;"18/03/20";2020;3;18;"10";"object";"brick_large";0;2;1;0;0;0;34
19;11;"18/03/20";2020;3;18;"10";"object";"brick_flat";0;0;3;0;0;0;37
19;11;"18/03/20";2020;3;18;"11";"room";"room";0;0;1;0;0;0;45
19;11;"18/03/20";2020;3;18;"11";"room";"room";0;1;0;0;0;0;45
19;11;"18/03/20";2020;3;18;"11";"object";"brick_flat";0;0;1;0;0;0;54
19;11;"18/03/20";2020;3;18;"12";"room";"room";0;0;1;0;0;0;59
19;11;"18/03/20";2020;3;18;"12";"room";"room";2;0;0;0;0;0;59
19;11;"18/03/20";2020;3;18;"12";"object";"wall";1;0;0;0;0;0;73
19;11;"18/03/20";2020;3;18;"12";"object";"brick_flat";0;1;0;0;0;0;89
19;11;"18/03/20";2020;3;18;"2";"room";"room";1;0;2;0;0;0;102
19;11;"18/03/20";2020;3;18;"2";"room";"room";0;0;0;1;0;0;102
19;11;"18/03/20";2020;3;18;"2";"object";"wall";1;0;0;0;0;0;129
19;11;"18/03/20";2020;3;18;"2";"object";"wall";0;0;1;0;0;0;138
19;11;"18/03/20";2020;3;18;"2";"object";"wall";1;0;0;0;0;0;142
19;11;"18/03/20";2020;3;18;"2";"object";"wall";1;0;0;0;0;0;152
19;11;"18/03/20";2020;3;18;"2";"object";"pile";1;0;0;0;0;0;173
19;11;"18/03/20";2020;3;18;"2";"object";"brick_flat";1;0;1;0;0;0;181
19;11;"18/03/20";2020;3;18;"3";"room";"room";5;0;0;1;0;0;195
19;11;"18/03/20";2020;3;18;"3";"room";"room";1;2;0;0;0;0;195
19;11;"18/03/20";2020;3;18;"3";"object";"other";0;1;0;0;0;0;196
19;11;"18/03/20";2020;3;18;"3";"object";"chimney";0;10;0;0;0;0;198
19;11;"18/03/20";2020;3;18;"3";"object";"wall";1;0;0;0;0;0;231
19;11;"18/03/20";2020;3;18;"3";"object";"wall";1;0;0;0;0;0;245
19;11;"18/03/20";2020;3;18;"3";"object";"wall";0;0;1;0;0;0;251
19;11;"18/03/20";2020;3;18;"4";"room";"room";5;0;0;0;0;0;259
19;11;"18/03/20";2020;3;18;"4";"room";"room";0;1;0;0;0;0;259
19;11;"18/03/20";2020;3;18;"5";"room";"room";1;0;0;0;0;0;298
19;11;"18/03/20";2020;3;18;"5";"object";"brick_flat";0;0;1;0;0;0;343
19;11;"18/03/20";2020;3;18;"6";"room";"room";1;0;0;0;0;0;347
19;11;"18/03/20";2020;3;18;"6";"object";"brick_flat";1;0;0;0;0;0;348
19;11;"18/03/20";2020;3;18;"6";"object";"brick_flat";1;0;0;0;0;0;370
19;11;"18/03/20";2020;3;18;"7";"room";"room";1;0;0;0;0;0;395
19;11;"18/03/20";2020;3;18;"7";"object";"brick_large";1;0;1;0;0;0;401
19;11;"18/03/20";2020;3;18;"7";"object";"brick_large";0;0;3;0;0;0;402
19;11;"18/03/20";2020;3;18;"7";"object";"brick_large";0;1;2;0;0;0;403
19;11;"18/03/20";2020;3;18;"7";"object";"brick_flat";0;0;1;0;0;0;409
19;11;"18/03/20";2020;3;18;"7";"object";"brick_flat";1;0;1;0;0;0;411
19;11;"18/03/20";2020;3;18;"8";"room";"room";2;0;0;0;0;0;442
19;11;"18/03/20";2020;3;18;"8";"object";"brick_large";0;0;3;0;0;0;448
19;11;"18/03/20";2020;3;18;"8";"object";"brick_large";0;0;3;0;0;0;449
19;11;"18/03/20";2020;3;18;"8";"object";"brick_flat";0;0;1;0;0;0;456
19;11;"18/03/20";2020;3;18;"8";"object";"brick_flat";0;0;1;0;0;0;457
19;11;"18/03/20";2020;3;18;"8";"object";"tunnel";1;0;0;0;0;0;460
19;11;"18/03/20";2020;3;18;"9";"room";"room";0;0;0;1;0;0;463
19;11;"18/03/20";2020;3;18;"9";"object";"brick_large";0;2;0;0;0;0;464
19;11;"18/03/20";2020;3;18;"9";"object";"brick_large";0;7;0;0;0;0;467
19;11;"18/03/20";2020;3;18;"9";"object";"brick_large";0;2;2;0;0;0;468
19;11;"18/03/20";2020;3;18;"9";"object";"brick_large";0;2;0;0;0;0;471
19;11;"18/03/20";2020;3;18;"9";"object";"brick_flat";1;0;1;0;0;0;477
19;11;"18/03/20";2020;3;18;"9";"object";"brick_flat";0;0;3;0;0;0;478
19;11;"18/03/20";2020;3;18;"9";"object";"brick_flat";0;0;0;1;0;0;479
19;11;"18/03/20";2020;3;18;"9";"object";"brick_flat";0;0;0;1;0;0;480
19;11;"18/03/20";2020;3;18;"9";"object";"brick_flat";0;0;2;0;0;0;481
19;11;"18/03/20";2020;3;18;"9";"object";"wall";1;0;0;0;0;0;513
19;11;"18/03/20";2020;3;18;"9";"object";"wall";1;0;0;0;0;0;517
19;11;"18/03/20";2020;3;18;"9";"object";"wall";1;0;0;0;0;0;526
19;11;"18/03/20";2020;3;18;"9";"object";"wall";1;0;0;0;0;0;529
19;11;"18/03/20";2020;3;18;"9";"object";"wall";0;0;1;0;0;0;541
19;11;"18/03/20";2020;3;18;"9";"object";"wall";2;0;0;0;0;0;548
19;11;"18/03/20";2020;3;18;"9";"object";"brick_round";1;0;0;0;0;0;563
19;12;"28/03/20";2020;3;28;"1";"room";"room";0;1;0;0;0;0;1
19;12;"28/03/20";2020;3;28;"10";"room";"room";0;1;0;0;0;0;23
19;12;"28/03/20";2020;3;28;"10";"object";"brick_large";0;3;0;0;0;0;27
19;12;"28/03/20";2020;3;28;"10";"object";"brick_large";0;2;0;0;0;0;28
19;12;"28/03/20";2020;3;28;"10";"object";"brick_flat";0;0;1;0;0;0;37
19;12;"28/03/20";2020;3;28;"11";"room";"room";0;0;1;0;0;0;45
19;12;"28/03/20";2020;3;28;"11";"object";"other";0;0;0;1;0;0;58
19;12;"28/03/20";2020;3;28;"12";"room";"room";0;1;0;0;0;0;59
19;12;"28/03/20";2020;3;28;"12";"object";"brick_flat";0;1;0;0;0;0;89
19;12;"28/03/20";2020;3;28;"2";"room";"room";0;0;1;1;0;0;102
19;12;"28/03/20";2020;3;28;"2";"room";"room";1;0;0;1;0;0;102
19;12;"28/03/20";2020;3;28;"2";"object";"wall";1;0;0;0;0;0;129
19;12;"28/03/20";2020;3;28;"2";"object";"wall";1;0;0;0;0;0;143
19;12;"28/03/20";2020;3;28;"2";"object";"pile";1;0;0;0;0;0;173
19;12;"28/03/20";2020;3;28;"2";"object";"brick_flat";0;0;1;0;0;0;181
19;12;"28/03/20";2020;3;28;"3";"room";"room";3;0;0;0;0;0;195
19;12;"28/03/20";2020;3;28;"3";"room";"room";0;2;0;0;0;0;195
19;12;"28/03/20";2020;3;28;"3";"object";"other";0;1;0;0;0;0;196
19;12;"28/03/20";2020;3;28;"3";"object";"chimney";0;10;1;0;0;0;198
19;12;"28/03/20";2020;3;28;"3";"object";"wall";1;0;0;0;0;0;238
19;12;"28/03/20";2020;3;28;"3";"object";"other";1;0;0;0;0;0;254
19;12;"28/03/20";2020;3;28;"3";"object";"other";1;0;0;0;0;0;255
19;12;"28/03/20";2020;3;28;"4";"room";"room";2;0;0;0;0;0;259
19;12;"28/03/20";2020;3;28;"4";"room";"room";0;1;0;0;0;0;259
19;12;"28/03/20";2020;3;28;"4";"object";"crevice";2;0;0;0;0;0;263
19;12;"28/03/20";2020;3;28;"5";"room";"room";0;0;1;0;0;0;298
19;12;"28/03/20";2020;3;28;"5";"object";"brick_flat";0;0;1;0;0;0;316
19;12;"28/03/20";2020;3;28;"6";"room";"room";1;0;0;0;0;0;347
19;12;"28/03/20";2020;3;28;"6";"object";"brick_flat";1;0;0;0;0;0;348
19;12;"28/03/20";2020;3;28;"6";"object";"brick_large";0;1;0;0;0;0;359
19;12;"28/03/20";2020;3;28;"6";"object";"chimney";0;1;0;0;0;0;367
19;12;"28/03/20";2020;3;28;"6";"object";"brick_flat";1;0;0;0;0;0;370
19;12;"28/03/20";2020;3;28;"6";"object";"crevice";1;0;0;0;0;0;380
19;12;"28/03/20";2020;3;28;"7";"object";"brick_large";0;0;2;0;0;0;401
19;12;"28/03/20";2020;3;28;"7";"object";"brick_large";0;0;3;0;0;0;402
19;12;"28/03/20";2020;3;28;"7";"object";"brick_large";0;1;0;0;0;0;403
19;12;"28/03/20";2020;3;28;"7";"object";"brick_flat";0;0;2;0;0;0;411
19;12;"28/03/20";2020;3;28;"7";"object";"brick_flat";0;0;1;0;0;0;413
19;12;"28/03/20";2020;3;28;"7";"object";"wall";0;0;1;0;0;0;423
19;12;"28/03/20";2020;3;28;"8";"room";"room";0;0;1;0;0;0;442
19;12;"28/03/20";2020;3;28;"8";"room";"room";3;0;0;0;0;0;442
19;12;"28/03/20";2020;3;28;"8";"object";"brick_large";0;1;0;0;0;0;449
19;12;"28/03/20";2020;3;28;"8";"object";"brick_flat";0;0;1;0;0;0;456
19;12;"28/03/20";2020;3;28;"9";"room";"room";0;0;0;1;0;0;463
19;12;"28/03/20";2020;3;28;"9";"object";"brick_large";0;1;0;0;0;0;464
19;12;"28/03/20";2020;3;28;"9";"object";"brick_large";0;2;0;0;0;0;467
19;12;"28/03/20";2020;3;28;"9";"object";"brick_large";0;3;1;0;0;0;468
19;12;"28/03/20";2020;3;28;"9";"object";"brick_large";0;1;0;0;0;0;471
19;12;"28/03/20";2020;3;28;"9";"object";"brick_flat";0;0;0;1;0;0;479
19;12;"28/03/20";2020;3;28;"9";"object";"wall";1;0;0;0;0;0;502
19;12;"28/03/20";2020;3;28;"9";"object";"wall";1;0;0;0;0;0;517
19;12;"28/03/20";2020;3;28;"9";"object";"wall";1;0;0;0;0;0;548
19;12;"28/03/20";2020;3;28;"9";"object";"wall";0;0;1;0;0;0;549
19;12;"28/03/20";2020;3;28;"9";"object";"brick_round";1;0;0;0;0;0;563
19;13;"10/04/20";2020;4;10;"2";"room";"room";0;0;0;1;0;0;102
19;13;"10/04/20";2020;4;10;"2";"object";"brick_flat";1;0;0;0;0;0;181
19;13;"10/04/20";2020;4;10;"3";"room";"room";1;0;0;0;0;0;195
19;13;"10/04/20";2020;4;10;"3";"object";"tunnel";0;1;0;0;0;0;197
19;13;"10/04/20";2020;4;10;"5";"room";"room";0;1;0;0;0;0;298
19;13;"10/04/20";2020;4;10;"5";"object";"brick_flat";0;0;0;1;0;0;328
19;13;"10/04/20";2020;4;10;"5";"object";"brick_flat";0;1;0;0;0;0;338
19;13;"10/04/20";2020;4;10;"9";"room";"room";0;0;0;1;0;0;463
19;13;"10/04/20";2020;4;10;"9";"object";"brick_large";0;1;0;0;0;0;470
19;13;"10/04/20";2020;4;10;"9";"object";"brick_flat";0;0;1;1;0;0;479
19;2;"27/11/19";2019;11;27;"1";"room";"room";0;0;1;0;0;0;1
19;2;"27/11/19";2019;11;27;"1";"room";"room";0;1;0;0;0;0;1
19;2;"27/11/19";2019;11;27;"10";"room";"room";3;1;0;0;0;0;23
19;2;"27/11/19";2019;11;27;"10";"object";"brick_large";0;2;0;0;0;0;28
19;2;"27/11/19";2019;11;27;"10";"object";"brick_large";0;2;0;0;0;0;32
19;2;"27/11/19";2019;11;27;"10";"object";"tunnel";1;0;0;0;0;0;40
19;2;"27/11/19";2019;11;27;"10";"object";"pile";1;0;0;0;0;0;43
19;2;"27/11/19";2019;11;27;"11";"room";"room";0;0;1;0;0;0;45
19;2;"27/11/19";2019;11;27;"11";"room";"room";1;2;2;0;1;0;45
19;2;"27/11/19";2019;11;27;"11";"object";"tunnel";2;0;0;0;0;0;52
19;2;"27/11/19";2019;11;27;"11";"object";"other";0;0;1;0;0;0;57
19;2;"27/11/19";2019;11;27;"12";"room";"room";1;0;0;0;0;0;59
19;2;"27/11/19";2019;11;27;"12";"room";"room";2;2;0;0;0;0;59
19;2;"27/11/19";2019;11;27;"12";"object";"wall";0;0;1;0;0;0;67
19;2;"27/11/19";2019;11;27;"12";"object";"wall";1;0;0;0;0;0;73
19;2;"27/11/19";2019;11;27;"12";"object";"wall";0;0;1;0;0;0;76
19;2;"27/11/19";2019;11;27;"12";"object";"wall";1;0;0;0;0;0;79
19;2;"27/11/19";2019;11;27;"12";"object";"pile";1;0;0;0;0;0;98
19;2;"27/11/19";2019;11;27;"2";"room";"room";5;0;0;0;0;0;102
19;2;"27/11/19";2019;11;27;"2";"room";"room";0;0;0;0;1;0;102
19;2;"27/11/19";2019;11;27;"2";"object";"wall";0;0;1;0;0;0;116
19;2;"27/11/19";2019;11;27;"2";"object";"wall";1;0;0;0;0;0;128
19;2;"27/11/19";2019;11;27;"2";"object";"wall";0;0;1;0;0;0;135
19;2;"27/11/19";2019;11;27;"2";"object";"wall";1;0;0;0;0;0;141
19;2;"27/11/19";2019;11;27;"2";"object";"wall";1;0;0;0;0;0;150
19;2;"27/11/19";2019;11;27;"2";"object";"wall";0;0;1;0;0;0;158
19;2;"27/11/19";2019;11;27;"2";"object";"other";1;0;0;0;0;0;172
19;2;"27/11/19";2019;11;27;"2";"object";"brick_flat";1;0;0;0;0;0;193
19;2;"27/11/19";2019;11;27;"3";"room";"room";3;0;2;1;0;0;195
19;2;"27/11/19";2019;11;27;"3";"room";"room";3;2;0;0;1;0;195
19;2;"27/11/19";2019;11;27;"3";"object";"tunnel";1;0;0;0;0;0;197
19;2;"27/11/19";2019;11;27;"3";"object";"chimney";0;7;0;0;0;0;198
19;2;"27/11/19";2019;11;27;"3";"object";"brick_round";1;0;0;0;0;0;214
19;2;"27/11/19";2019;11;27;"3";"object";"wall";1;0;0;0;0;0;224
19;2;"27/11/19";2019;11;27;"4";"room";"room";10;0;0;0;1;0;259
19;2;"27/11/19";2019;11;27;"4";"room";"room";2;1;0;1;0;0;259
19;2;"27/11/19";2019;11;27;"4";"object";"other";3;0;1;0;0;0;260
19;2;"27/11/19";2019;11;27;"4";"object";"other";1;0;0;0;0;0;262
19;2;"27/11/19";2019;11;27;"4";"object";"crevice";0;1;1;0;0;0;263
19;2;"27/11/19";2019;11;27;"4";"object";"other";1;0;0;0;0;0;277
19;2;"27/11/19";2019;11;27;"4";"object";"brick_flat";0;0;1;0;0;0;294
19;2;"27/11/19";2019;11;27;"4";"object";"brick_flat";0;0;1;0;0;0;295
19;2;"27/11/19";2019;11;27;"5";"room";"room";5;0;1;0;0;0;298
19;2;"27/11/19";2019;11;27;"5";"room";"room";3;1;0;1;0;0;298
19;2;"27/11/19";2019;11;27;"5";"object";"brick_flat";0;0;2;0;0;0;316
19;2;"27/11/19";2019;11;27;"5";"object";"chimney";0;2;0;0;0;0;332
19;2;"27/11/19";2019;11;27;"5";"object";"other";1;0;0;0;0;0;334
19;2;"27/11/19";2019;11;27;"5";"object";"other";4;0;1;0;0;0;335
19;2;"27/11/19";2019;11;27;"5";"object";"brick_flat";1;0;0;0;0;0;340
19;2;"27/11/19";2019;11;27;"6";"room";"room";3;0;0;0;0;0;347
19;2;"27/11/19";2019;11;27;"6";"object";"brick_large";1;0;0;0;0;0;353
19;2;"27/11/19";2019;11;27;"6";"object";"brick_large";0;0;1;0;0;0;354
19;2;"27/11/19";2019;11;27;"6";"object";"brick_large";0;1;0;0;0;0;356
19;2;"27/11/19";2019;11;27;"6";"object";"brick_large";0;1;0;0;0;0;359
19;2;"27/11/19";2019;11;27;"6";"object";"brick_flat";0;0;1;0;0;0;372
19;2;"27/11/19";2019;11;27;"6";"object";"crevice";1;0;0;0;0;0;381
19;2;"27/11/19";2019;11;27;"7";"room";"room";2;0;0;2;0;0;395
19;2;"27/11/19";2019;11;27;"7";"object";"brick_flat";0;0;1;0;0;0;408
19;2;"27/11/19";2019;11;27;"7";"object";"brick_flat";0;0;1;0;0;0;417
19;2;"27/11/19";2019;11;27;"7";"object";"wall";0;0;1;0;0;0;418
19;2;"27/11/19";2019;11;27;"7";"object";"wall";1;0;0;0;0;0;425
19;2;"27/11/19";2019;11;27;"7";"object";"wall";0;0;1;0;0;0;429
19;2;"27/11/19";2019;11;27;"7";"object";"wall";0;0;1;0;0;0;440
19;2;"27/11/19";2019;11;27;"8";"room";"room";8;1;1;0;0;0;442
19;2;"27/11/19";2019;11;27;"8";"object";"brick_large";0;1;0;0;0;0;445
19;2;"27/11/19";2019;11;27;"8";"object";"chimney";2;0;0;0;0;0;454
19;2;"27/11/19";2019;11;27;"8";"object";"brick_flat";0;0;1;0;0;0;456
19;2;"27/11/19";2019;11;27;"8";"object";"tunnel";3;0;0;0;0;0;460
19;2;"27/11/19";2019;11;27;"8";"object";"tunnel";1;0;0;0;0;0;461
19;2;"27/11/19";2019;11;27;"9";"room";"room";2;1;0;2;0;0;463
19;2;"27/11/19";2019;11;27;"9";"object";"brick_large";0;3;0;0;0;0;464
19;2;"27/11/19";2019;11;27;"9";"object";"brick_large";0;3;0;0;0;0;467
19;2;"27/11/19";2019;11;27;"9";"object";"brick_large";0;1;0;0;0;0;468
19;2;"27/11/19";2019;11;27;"9";"object";"brick_large";0;2;0;0;0;0;473
19;2;"27/11/19";2019;11;27;"9";"object";"wall";0;0;0;0;1;0;498
19;2;"27/11/19";2019;11;27;"9";"object";"wall";1;0;0;0;0;0;505
19;2;"27/11/19";2019;11;27;"9";"object";"wall";1;0;0;0;0;0;509
19;2;"27/11/19";2019;11;27;"9";"object";"wall";1;0;0;0;0;0;514
19;2;"27/11/19";2019;11;27;"9";"object";"wall";1;0;0;0;0;0;518
19;2;"27/11/19";2019;11;27;"9";"object";"wall";1;0;0;0;0;0;524
19;2;"27/11/19";2019;11;27;"9";"object";"wall";1;0;0;0;0;0;526
19;2;"27/11/19";2019;11;27;"9";"object";"wall";1;0;0;0;0;0;546
19;2;"27/11/19";2019;11;27;"9";"object";"wall";1;0;0;0;0;0;548
19;2;"27/11/19";2019;11;27;"9";"object";"brick_round";1;0;0;0;0;0;559
19;3;"08/12/19";2019;12;8;"1";"room";"room";0;0;1;0;0;0;1
19;3;"08/12/19";2019;12;8;"1";"room";"room";0;2;0;0;0;0;1
19;3;"08/12/19";2019;12;8;"1";"object";"brick_round";1;0;0;0;0;0;12
19;3;"08/12/19";2019;12;8;"1";"object";"brick_flat";0;0;1;0;0;0;19
19;3;"08/12/19";2019;12;8;"10";"room";"room";1;1;0;0;0;0;23
19;3;"08/12/19";2019;12;8;"10";"object";"brick_large";0;2;0;0;0;0;28
19;3;"08/12/19";2019;12;8;"10";"object";"brick_large";0;2;0;0;0;0;32
19;3;"08/12/19";2019;12;8;"10";"object";"brick_large";0;0;1;0;0;0;33
19;3;"08/12/19";2019;12;8;"10";"object";"tunnel";2;0;0;0;0;0;40
19;3;"08/12/19";2019;12;8;"10";"object";"pile";2;0;0;0;0;0;43
19;3;"08/12/19";2019;12;8;"11";"room";"room";0;0;1;0;0;0;45
19;3;"08/12/19";2019;12;8;"11";"room";"room";2;1;0;0;0;0;45
19;3;"08/12/19";2019;12;8;"11";"object";"chimney";0;1;0;0;0;0;47
19;3;"08/12/19";2019;12;8;"11";"object";"chimney";0;0;1;0;0;0;51
19;3;"08/12/19";2019;12;8;"11";"object";"tunnel";1;0;0;0;0;0;52
19;3;"08/12/19";2019;12;8;"11";"object";"other";0;0;1;0;0;0;58
19;3;"08/12/19";2019;12;8;"12";"room";"room";3;0;2;0;0;0;59
19;3;"08/12/19";2019;12;8;"12";"room";"room";1;1;0;0;0;0;59
19;3;"08/12/19";2019;12;8;"12";"object";"wall";3;0;0;0;0;0;73
19;3;"08/12/19";2019;12;8;"12";"object";"wall";1;0;0;0;0;0;79
19;3;"08/12/19";2019;12;8;"12";"object";"brick_flat";0;1;0;0;0;0;89
19;3;"08/12/19";2019;12;8;"12";"object";"brick_flat";0;0;1;0;0;0;92
19;3;"08/12/19";2019;12;8;"12";"object";"pile";1;0;0;0;0;0;98
19;3;"08/12/19";2019;12;8;"12";"object";"pile";2;0;0;0;0;0;99
19;3;"08/12/19";2019;12;8;"2";"room";"room";5;0;5;0;0;0;102
19;3;"08/12/19";2019;12;8;"2";"object";"wall";0;0;1;0;0;0;106
19;3;"08/12/19";2019;12;8;"2";"object";"wall";0;0;1;0;0;0;125
19;3;"08/12/19";2019;12;8;"2";"object";"wall";0;0;1;0;0;0;127
19;3;"08/12/19";2019;12;8;"2";"object";"wall";1;0;0;0;0;0;156
19;3;"08/12/19";2019;12;8;"2";"object";"wall";1;0;0;0;0;0;157
19;3;"08/12/19";2019;12;8;"2";"object";"wall";1;0;0;0;0;0;160
19;3;"08/12/19";2019;12;8;"2";"object";"wall";0;0;1;0;0;0;162
19;3;"08/12/19";2019;12;8;"2";"object";"brick_flat";0;0;1;0;0;0;185
19;3;"08/12/19";2019;12;8;"3";"room";"room";6;0;11;0;0;0;195
19;3;"08/12/19";2019;12;8;"3";"room";"room";3;3;0;0;2;0;195
19;3;"08/12/19";2019;12;8;"3";"object";"chimney";0;10;0;0;0;0;198
19;3;"08/12/19";2019;12;8;"3";"object";"brick_round";1;0;0;0;0;0;213
19;3;"08/12/19";2019;12;8;"3";"object";"wall";0;0;1;0;0;0;233
19;3;"08/12/19";2019;12;8;"3";"object";"wall";0;0;1;0;0;0;235
19;3;"08/12/19";2019;12;8;"3";"object";"wall";0;0;1;0;0;0;241
19;3;"08/12/19";2019;12;8;"3";"object";"wall";1;0;0;0;0;0;247
19;3;"08/12/19";2019;12;8;"3";"object";"wall";0;0;1;0;0;0;248
19;3;"08/12/19";2019;12;8;"3";"object";"wall";0;0;1;0;0;0;252
19;3;"08/12/19";2019;12;8;"3";"object";"other";1;0;0;0;0;0;256
19;3;"08/12/19";2019;12;8;"4";"room";"room";10;0;5;0;0;0;259
19;3;"08/12/19";2019;12;8;"4";"room";"room";2;1;0;1;0;0;259
19;3;"08/12/19";2019;12;8;"4";"object";"other";1;0;0;0;0;0;260
19;3;"08/12/19";2019;12;8;"4";"object";"other";1;0;2;0;0;0;262
19;3;"08/12/19";2019;12;8;"4";"object";"crevice";0;1;0;0;0;0;263
19;3;"08/12/19";2019;12;8;"4";"object";"brick_flat";0;0;1;0;0;0;270
19;3;"08/12/19";2019;12;8;"4";"object";"other";1;0;0;0;0;0;277
19;3;"08/12/19";2019;12;8;"4";"object";"other";1;0;1;0;0;0;280
19;3;"08/12/19";2019;12;8;"5";"room";"room";3;0;4;0;0;0;298
19;3;"08/12/19";2019;12;8;"5";"room";"room";2;1;1;0;0;0;298
19;3;"08/12/19";2019;12;8;"5";"object";"other";4;0;1;0;0;0;334
19;3;"08/12/19";2019;12;8;"5";"object";"other";0;0;1;0;0;0;335
19;3;"08/12/19";2019;12;8;"5";"object";"brick_flat";1;0;0;0;0;0;340
19;3;"08/12/19";2019;12;8;"6";"room";"room";1;0;0;0;0;0;347
19;3;"08/12/19";2019;12;8;"6";"room";"room";2;0;0;0;0;0;347
19;3;"08/12/19";2019;12;8;"6";"object";"brick_large";0;0;2;0;0;0;354
19;3;"08/12/19";2019;12;8;"6";"object";"chimney";0;1;0;0;0;0;367
19;3;"08/12/19";2019;12;8;"6";"room";"room";0;0;1;0;0;0;347
19;3;"08/12/19";2019;12;8;"6";"object";"crevice";0;0;1;0;0;0;380
19;3;"08/12/19";2019;12;8;"6";"object";"crevice";1;0;0;0;0;0;381
19;3;"08/12/19";2019;12;8;"6";"object";"crevice";1;0;0;0;0;0;384
19;3;"08/12/19";2019;12;8;"7";"room";"room";1;0;0;0;0;0;395
19;3;"08/12/19";2019;12;8;"7";"room";"room";3;0;0;0;0;0;395
19;3;"08/12/19";2019;12;8;"7";"room";"room";1;0;0;0;0;0;395
19;3;"08/12/19";2019;12;8;"7";"object";"brick_flat";2;0;0;0;0;0;408
19;3;"08/12/19";2019;12;8;"7";"object";"brick_flat";0;0;3;0;0;0;409
19;3;"08/12/19";2019;12;8;"7";"object";"brick_flat";0;0;1;0;0;0;414
19;3;"08/12/19";2019;12;8;"7";"object";"brick_flat";0;0;1;0;0;0;415
19;3;"08/12/19";2019;12;8;"7";"object";"brick_flat";0;0;1;0;0;0;417
19;3;"08/12/19";2019;12;8;"7";"object";"wall";1;0;0;0;0;0;426
19;3;"08/12/19";2019;12;8;"7";"object";"wall";0;0;1;0;0;0;427
19;3;"08/12/19";2019;12;8;"7";"object";"wall";0;0;1;0;0;0;431
19;3;"08/12/19";2019;12;8;"7";"object";"wall";1;0;0;0;0;0;438
19;3;"08/12/19";2019;12;8;"7";"object";"wall";0;0;1;0;0;0;439
19;3;"08/12/19";2019;12;8;"8";"room";"room";9;2;1;0;0;0;442
19;3;"08/12/19";2019;12;8;"8";"room";"room";1;0;0;0;0;0;442
19;3;"08/12/19";2019;12;8;"8";"object";"brick_large";0;1;0;0;0;0;445
19;3;"08/12/19";2019;12;8;"8";"object";"chimney";1;0;1;0;0;0;454
19;3;"08/12/19";2019;12;8;"9";"room";"room";0;0;3;0;0;0;463
19;3;"08/12/19";2019;12;8;"9";"room";"room";3;1;0;2;0;0;463
19;3;"08/12/19";2019;12;8;"9";"object";"brick_large";1;3;0;0;0;0;464
19;3;"08/12/19";2019;12;8;"9";"object";"brick_large";0;4;0;0;0;0;467
19;3;"08/12/19";2019;12;8;"9";"object";"brick_large";0;1;0;0;0;0;470
19;3;"08/12/19";2019;12;8;"9";"object";"brick_large";0;1;0;0;0;0;473
19;3;"08/12/19";2019;12;8;"9";"object";"brick_large";0;3;1;0;0;0;474
19;3;"08/12/19";2019;12;8;"9";"object";"wall";1;0;0;0;0;0;485
19;3;"08/12/19";2019;12;8;"9";"object";"wall";0;0;1;0;0;0;487
19;3;"08/12/19";2019;12;8;"9";"object";"wall";1;0;0;0;0;0;498
19;3;"08/12/19";2019;12;8;"9";"object";"wall";0;0;1;0;0;0;504
19;3;"08/12/19";2019;12;8;"9";"object";"wall";0;0;1;0;0;0;505
19;3;"08/12/19";2019;12;8;"9";"object";"wall";0;0;1;0;0;0;511
19;3;"08/12/19";2019;12;8;"9";"object";"wall";1;0;0;0;0;0;512
19;3;"08/12/19";2019;12;8;"9";"object";"wall";1;0;0;0;0;0;515
19;3;"08/12/19";2019;12;8;"9";"object";"wall";2;0;0;0;0;0;517
19;3;"08/12/19";2019;12;8;"9";"object";"wall";1;0;0;0;0;0;520
19;3;"08/12/19";2019;12;8;"9";"object";"wall";1;0;0;0;0;0;533
19;3;"08/12/19";2019;12;8;"9";"object";"wall";0;0;1;0;0;0;540
19;3;"08/12/19";2019;12;8;"9";"object";"wall";0;0;1;0;0;0;541
19;3;"08/12/19";2019;12;8;"9";"object";"wall";1;0;0;0;0;0;543
19;3;"08/12/19";2019;12;8;"9";"object";"wall";1;0;0;0;0;0;547
19;3;"08/12/19";2019;12;8;"9";"object";"wall";0;0;1;0;0;0;549
19;3;"08/12/19";2019;12;8;"9";"object";"wall";1;0;0;0;0;0;551
19;3;"08/12/19";2019;12;8;"9";"object";"wall";0;0;1;0;0;0;552
19;3;"08/12/19";2019;12;8;"9";"object";"wall";1;0;0;0;0;0;553
19;4;"18/12/19";2019;12;18;"1";"room";"room";0;0;1;0;0;0;1
19;4;"18/12/19";2019;12;18;"1";"object";"brick_flat";0;0;1;0;0;0;17
19;4;"18/12/19";2019;12;18;"1";"object";"brick_flat";0;0;1;0;0;0;19
19;4;"18/12/19";2019;12;18;"10";"room";"room";1;1;0;0;0;0;23
19;4;"18/12/19";2019;12;18;"10";"object";"brick_large";0;2;0;0;0;0;25
19;4;"18/12/19";2019;12;18;"10";"object";"brick_large";0;1;0;0;0;0;28
19;4;"18/12/19";2019;12;18;"10";"object";"brick_large";0;2;0;0;0;0;32
19;4;"18/12/19";2019;12;18;"10";"object";"tunnel";1;1;1;0;0;0;40
19;4;"18/12/19";2019;12;18;"10";"object";"pile";3;0;0;0;0;0;43
19;4;"18/12/19";2019;12;18;"11";"room";"room";1;0;2;0;0;0;45
19;4;"18/12/19";2019;12;18;"11";"room";"room";4;3;0;0;0;0;45
19;4;"18/12/19";2019;12;18;"11";"object";"chimney";0;0;1;0;0;0;47
19;4;"18/12/19";2019;12;18;"11";"object";"chimney";0;0;1;0;0;0;51
19;4;"18/12/19";2019;12;18;"11";"object";"brick_flat";0;0;1;0;0;0;55
19;4;"18/12/19";2019;12;18;"11";"object";"other";0;0;1;0;0;0;57
19;4;"18/12/19";2019;12;18;"11";"object";"other";0;0;1;0;0;0;58
19;4;"18/12/19";2019;12;18;"12";"room";"room";1;0;1;0;0;0;59
19;4;"18/12/19";2019;12;18;"12";"room";"room";4;1;0;0;1;0;59
19;4;"18/12/19";2019;12;18;"12";"object";"wall";1;0;0;0;0;0;72
19;4;"18/12/19";2019;12;18;"12";"object";"wall";1;0;0;0;0;0;80
19;4;"18/12/19";2019;12;18;"12";"object";"brick_flat";0;1;0;0;0;0;89
19;4;"18/12/19";2019;12;18;"12";"object";"pile";2;0;0;0;0;0;99
19;4;"18/12/19";2019;12;18;"2";"room";"room";3;0;7;1;0;0;102
19;4;"18/12/19";2019;12;18;"2";"room";"room";0;0;0;0;1;0;102
19;4;"18/12/19";2019;12;18;"2";"object";"wall";0;0;1;0;0;0;109
19;4;"18/12/19";2019;12;18;"2";"object";"wall";0;0;1;0;0;0;113
19;4;"18/12/19";2019;12;18;"2";"object";"wall";0;0;1;0;0;0;122
19;4;"18/12/19";2019;12;18;"2";"object";"wall";0;0;1;0;0;0;138
19;4;"18/12/19";2019;12;18;"2";"object";"wall";1;0;0;0;0;0;141
19;4;"18/12/19";2019;12;18;"2";"object";"wall";0;0;1;0;0;0;143
19;4;"18/12/19";2019;12;18;"2";"object";"wall";0;0;1;0;0;0;144
19;4;"18/12/19";2019;12;18;"2";"object";"wall";1;0;0;0;0;0;160
19;4;"18/12/19";2019;12;18;"2";"object";"wall";0;0;1;0;0;0;162
19;4;"18/12/19";2019;12;18;"2";"object";"wall";1;0;0;0;0;0;164
19;4;"18/12/19";2019;12;18;"2";"object";"pile";2;0;0;0;0;0;173
19;4;"18/12/19";2019;12;18;"2";"object";"brick_flat";0;0;2;0;0;0;176
19;4;"18/12/19";2019;12;18;"2";"object";"brick_flat";0;0;1;0;0;0;188
19;4;"18/12/19";2019;12;18;"3";"room";"room";4;0;11;0;0;0;195
19;4;"18/12/19";2019;12;18;"3";"room";"room";1;2;1;0;1;0;195
19;4;"18/12/19";2019;12;18;"3";"object";"tunnel";2;0;0;0;0;0;197
19;4;"18/12/19";2019;12;18;"3";"object";"chimney";0;10;0;0;0;0;198
19;4;"18/12/19";2019;12;18;"3";"object";"brick_round";1;0;0;0;0;0;210
19;4;"18/12/19";2019;12;18;"3";"object";"brick_round";1;0;0;0;0;0;213
19;4;"18/12/19";2019;12;18;"3";"object";"wall";0;0;1;0;0;0;234
19;4;"18/12/19";2019;12;18;"3";"object";"wall";0;0;1;0;0;0;239
19;4;"18/12/19";2019;12;18;"3";"object";"wall";1;0;0;0;0;0;248
19;4;"18/12/19";2019;12;18;"3";"object";"wall";0;0;1;0;0;0;250
19;4;"18/12/19";2019;12;18;"3";"object";"wall";0;0;1;0;0;0;252
19;4;"18/12/19";2019;12;18;"3";"object";"other";0;0;1;0;0;0;257
19;4;"18/12/19";2019;12;18;"4";"room";"room";7;0;5;0;0;0;259
19;4;"18/12/19";2019;12;18;"4";"room";"room";1;1;0;1;0;0;259
19;4;"18/12/19";2019;12;18;"4";"object";"other";1;0;1;0;0;0;262
19;4;"18/12/19";2019;12;18;"4";"object";"crevice";0;1;0;0;0;0;264
19;4;"18/12/19";2019;12;18;"4";"object";"other";1;0;0;0;0;0;277
19;4;"18/12/19";2019;12;18;"4";"object";"other";0;0;1;0;0;0;279
19;4;"18/12/19";2019;12;18;"4";"object";"crevice";0;0;1;0;0;0;297
19;4;"18/12/19";2019;12;18;"5";"room";"room";4;0;8;0;0;0;298
19;4;"18/12/19";2019;12;18;"5";"room";"room";2;1;1;0;1;0;298
19;4;"18/12/19";2019;12;18;"5";"object";"brick_flat";0;0;1;0;0;0;315
19;4;"18/12/19";2019;12;18;"5";"object";"other";0;0;1;0;0;0;335
19;4;"18/12/19";2019;12;18;"5";"object";"other";1;0;1;0;0;0;336
19;4;"18/12/19";2019;12;18;"5";"object";"brick_flat";1;0;0;0;0;0;339
19;4;"18/12/19";2019;12;18;"6";"room";"room";1;0;1;1;0;0;347
19;4;"18/12/19";2019;12;18;"6";"room";"room";1;0;0;0;0;0;347
19;4;"18/12/19";2019;12;18;"6";"object";"brick_large";0;1;0;0;0;0;356
19;4;"18/12/19";2019;12;18;"6";"object";"chimney";0;1;0;0;0;0;367
19;4;"18/12/19";2019;12;18;"6";"object";"brick_flat";0;0;2;0;0;0;377
19;4;"18/12/19";2019;12;18;"6";"object";"crevice";1;0;2;0;0;0;380
19;4;"18/12/19";2019;12;18;"6";"object";"crevice";1;0;0;0;0;0;381
19;4;"18/12/19";2019;12;18;"7";"room";"room";1;0;0;0;0;0;395
19;4;"18/12/19";2019;12;18;"7";"room";"room";3;0;0;0;0;0;395
19;4;"18/12/19";2019;12;18;"7";"object";"brick_flat";1;0;0;0;0;0;408
19;4;"18/12/19";2019;12;18;"7";"object";"brick_flat";0;0;2;0;0;0;409
19;4;"18/12/19";2019;12;18;"7";"object";"brick_flat";0;0;1;0;0;0;411
19;4;"18/12/19";2019;12;18;"7";"object";"brick_flat";0;0;1;0;0;0;414
19;4;"18/12/19";2019;12;18;"7";"object";"brick_flat";0;0;3;0;0;0;415
19;4;"18/12/19";2019;12;18;"7";"object";"brick_flat";0;0;1;0;0;0;416
19;4;"18/12/19";2019;12;18;"7";"object";"wall";0;0;2;0;0;0;423
19;4;"18/12/19";2019;12;18;"7";"object";"wall";0;0;1;0;0;0;427
19;4;"18/12/19";2019;12;18;"7";"object";"wall";0;0;1;0;0;0;431
19;4;"18/12/19";2019;12;18;"8";"room";"room";5;2;0;0;0;0;442
19;4;"18/12/19";2019;12;18;"8";"room";"room";3;0;0;0;0;0;442
19;4;"18/12/19";2019;12;18;"8";"room";"room";1;0;0;0;0;0;442
19;4;"18/12/19";2019;12;18;"8";"object";"brick_large";0;1;0;0;0;0;446
19;4;"18/12/19";2019;12;18;"8";"object";"tunnel";1;0;0;0;0;0;461
19;4;"18/12/19";2019;12;18;"9";"room";"room";0;0;2;1;0;0;463
19;4;"18/12/19";2019;12;18;"9";"room";"room";4;1;0;1;0;0;463
19;4;"18/12/19";2019;12;18;"9";"object";"brick_large";0;4;1;0;0;0;464
19;4;"18/12/19";2019;12;18;"9";"object";"brick_large";0;3;1;0;0;0;467
19;4;"18/12/19";2019;12;18;"9";"object";"brick_large";0;1;0;0;0;0;469
19;4;"18/12/19";2019;12;18;"9";"object";"brick_large";0;1;0;0;0;0;473
19;4;"18/12/19";2019;12;18;"9";"object";"brick_large";0;3;0;0;0;0;474
19;4;"18/12/19";2019;12;18;"9";"object";"brick_flat";0;0;0;1;0;0;482
19;4;"18/12/19";2019;12;18;"9";"object";"wall";0;0;1;0;0;0;486
19;4;"18/12/19";2019;12;18;"9";"object";"wall";1;0;0;0;0;0;492
19;4;"18/12/19";2019;12;18;"9";"object";"wall";0;0;1;0;0;0;498
19;4;"18/12/19";2019;12;18;"9";"object";"wall";1;0;0;0;0;0;500
19;4;"18/12/19";2019;12;18;"9";"object";"wall";1;0;0;0;0;0;501
19;4;"18/12/19";2019;12;18;"9";"object";"wall";1;0;0;0;0;0;504
19;4;"18/12/19";2019;12;18;"9";"object";"wall";0;0;1;0;0;0;509
19;4;"18/12/19";2019;12;18;"9";"object";"wall";1;0;0;0;0;0;513
19;4;"18/12/19";2019;12;18;"9";"object";"wall";1;0;0;0;0;0;515
19;4;"18/12/19";2019;12;18;"9";"object";"wall";1;0;1;0;0;0;517
19;4;"18/12/19";2019;12;18;"9";"object";"wall";1;0;0;0;0;0;522
19;4;"18/12/19";2019;12;18;"9";"object";"wall";0;0;1;0;0;0;524
19;4;"18/12/19";2019;12;18;"9";"object";"wall";0;0;1;0;0;0;526
19;4;"18/12/19";2019;12;18;"9";"object";"wall";1;0;0;0;0;0;542
19;4;"18/12/19";2019;12;18;"9";"object";"wall";0;0;1;0;0;0;543
19;4;"18/12/19";2019;12;18;"9";"object";"wall";0;0;0;0;1;0;545
19;4;"18/12/19";2019;12;18;"9";"object";"wall";1;0;0;0;0;0;546
19;4;"18/12/19";2019;12;18;"9";"object";"wall";1;0;0;0;0;0;547
19;4;"18/12/19";2019;12;18;"9";"object";"wall";1;0;0;0;0;0;548
19;4;"18/12/19";2019;12;18;"9";"object";"wall";0;0;1;0;0;0;552
19;4;"18/12/19";2019;12;18;"9";"object";"wall";1;0;0;0;0;0;553
19;4;"18/12/19";2019;12;18;"9";"object";"brick_round";1;0;0;0;0;0;560
19;5;"08/01/20";2020;1;8;"1";"room";"room";0;1;0;0;0;0;1
19;5;"08/01/20";2020;1;8;"1";"object";"brick_flat";0;0;1;0;0;0;4
19;5;"08/01/20";2020;1;8;"1";"object";"brick_flat";0;0;1;0;0;0;9
19;5;"08/01/20";2020;1;8;"1";"object";"brick_flat";0;0;2;0;0;0;19
19;5;"08/01/20";2020;1;8;"10";"room";"room";3;3;0;0;0;0;23
19;5;"08/01/20";2020;1;8;"10";"object";"brick_large";0;1;2;0;0;0;25
19;5;"08/01/20";2020;1;8;"10";"object";"brick_large";0;3;0;0;0;0;27
19;5;"08/01/20";2020;1;8;"10";"object";"brick_large";0;2;1;0;0;0;28
19;5;"08/01/20";2020;1;8;"10";"object";"chimney";1;0;1;0;0;0;30
19;5;"08/01/20";2020;1;8;"10";"object";"brick_flat";0;3;0;0;0;0;38
19;5;"08/01/20";2020;1;8;"10";"object";"brick_flat";0;1;0;0;0;0;39
19;5;"08/01/20";2020;1;8;"10";"object";"tunnel";1;0;1;0;0;0;40
19;5;"08/01/20";2020;1;8;"10";"object";"pile";4;0;0;0;0;0;43
19;5;"08/01/20";2020;1;8;"11";"room";"room";1;0;3;0;0;0;45
19;5;"08/01/20";2020;1;8;"11";"room";"room";1;2;1;0;0;0;45
19;5;"08/01/20";2020;1;8;"11";"object";"chimney";0;0;1;0;0;0;51
19;5;"08/01/20";2020;1;8;"11";"object";"other";0;0;1;0;0;0;56
19;5;"08/01/20";2020;1;8;"11";"object";"other";0;0;1;0;0;0;57
19;5;"08/01/20";2020;1;8;"12";"room";"room";1;0;1;0;0;0;59
19;5;"08/01/20";2020;1;8;"12";"room";"room";1;1;0;0;1;0;59
19;5;"08/01/20";2020;1;8;"12";"object";"wall";1;0;0;0;0;0;73
19;5;"08/01/20";2020;1;8;"12";"object";"wall";1;0;0;0;0;0;79
19;5;"08/01/20";2020;1;8;"12";"object";"brick_flat";0;1;0;0;0;0;88
19;5;"08/01/20";2020;1;8;"12";"object";"pile";1;0;0;0;0;0;98
19;5;"08/01/20";2020;1;8;"12";"object";"pile";1;0;0;0;0;0;99
19;5;"08/01/20";2020;1;8;"2";"room";"room";5;0;6;0;0;0;102
19;5;"08/01/20";2020;1;8;"2";"room";"room";0;0;0;1;0;0;102
19;5;"08/01/20";2020;1;8;"2";"object";"wall";0;0;1;0;0;0;116
19;5;"08/01/20";2020;1;8;"2";"object";"wall";1;0;0;0;0;0;117
19;5;"08/01/20";2020;1;8;"2";"object";"wall";1;0;0;0;0;0;118
19;5;"08/01/20";2020;1;8;"2";"object";"wall";0;0;1;0;0;0;119
19;5;"08/01/20";2020;1;8;"2";"object";"wall";0;0;1;0;0;0;130
19;5;"08/01/20";2020;1;8;"2";"object";"wall";0;0;1;0;0;0;135
19;5;"08/01/20";2020;1;8;"2";"object";"wall";0;0;1;0;0;0;139
19;5;"08/01/20";2020;1;8;"2";"object";"wall";1;0;0;0;0;0;142
19;5;"08/01/20";2020;1;8;"2";"object";"wall";0;0;1;0;0;0;143
19;5;"08/01/20";2020;1;8;"2";"object";"wall";1;0;0;0;0;0;146
19;5;"08/01/20";2020;1;8;"2";"object";"wall";1;0;0;0;0;0;156
19;5;"08/01/20";2020;1;8;"2";"object";"wall";0;0;1;0;0;0;158
19;5;"08/01/20";2020;1;8;"2";"object";"pile";2;0;0;0;0;0;173
19;5;"08/01/20";2020;1;8;"2";"object";"pile";1;0;0;0;0;0;174
19;5;"08/01/20";2020;1;8;"2";"object";"brick_flat";0;0;1;0;0;0;179
19;5;"08/01/20";2020;1;8;"2";"object";"brick_flat";0;0;1;0;0;0;180
19;5;"08/01/20";2020;1;8;"2";"object";"brick_flat";0;0;1;0;0;0;188
19;5;"08/01/20";2020;1;8;"3";"room";"room";7;0;12;1;0;0;195
19;5;"08/01/20";2020;1;8;"3";"room";"room";1;2;0;0;0;0;195
19;5;"08/01/20";2020;1;8;"3";"object";"other";0;1;1;0;0;0;196
19;5;"08/01/20";2020;1;8;"3";"object";"tunnel";1;0;0;0;0;0;197
19;5;"08/01/20";2020;1;8;"3";"object";"chimney";0;12;0;0;0;0;198
19;5;"08/01/20";2020;1;8;"3";"object";"brick_round";1;0;0;0;0;0;209
19;5;"08/01/20";2020;1;8;"3";"object";"brick_round";1;0;0;0;0;0;215
19;5;"08/01/20";2020;1;8;"3";"object";"wall";0;0;1;0;0;0;227
19;5;"08/01/20";2020;1;8;"3";"object";"wall";0;0;1;0;0;0;239
19;5;"08/01/20";2020;1;8;"3";"object";"wall";1;0;0;0;0;0;240
19;5;"08/01/20";2020;1;8;"3";"object";"wall";0;0;1;0;0;0;248
19;5;"08/01/20";2020;1;8;"3";"object";"wall";0;0;1;0;0;0;250
19;5;"08/01/20";2020;1;8;"3";"object";"wall";0;0;1;0;0;0;252
19;5;"08/01/20";2020;1;8;"3";"object";"other";1;0;0;0;0;0;258
19;5;"08/01/20";2020;1;8;"4";"room";"room";11;0;10;1;1;0;259
19;5;"08/01/20";2020;1;8;"4";"room";"room";1;1;0;0;0;0;259
19;5;"08/01/20";2020;1;8;"4";"object";"other";1;0;0;0;0;0;261
19;5;"08/01/20";2020;1;8;"4";"object";"other";0;0;1;0;0;0;262
19;5;"08/01/20";2020;1;8;"4";"object";"brick_flat";1;0;0;0;0;0;269
19;5;"08/01/20";2020;1;8;"4";"object";"other";1;0;0;0;0;0;277
19;5;"08/01/20";2020;1;8;"4";"object";"other";0;0;1;0;0;0;279
19;5;"08/01/20";2020;1;8;"4";"object";"other";1;0;0;0;0;0;280
19;5;"08/01/20";2020;1;8;"4";"object";"brick_flat";0;0;1;0;0;0;291
19;5;"08/01/20";2020;1;8;"4";"object";"brick_flat";0;0;1;0;0;0;292
19;5;"08/01/20";2020;1;8;"5";"room";"room";3;0;9;0;0;0;298
19;5;"08/01/20";2020;1;8;"5";"room";"room";3;0;1;0;1;0;298
19;5;"08/01/20";2020;1;8;"5";"object";"other";1;0;0;0;0;0;334
19;5;"08/01/20";2020;1;8;"5";"object";"brick_flat";0;0;1;0;0;0;338
19;5;"08/01/20";2020;1;8;"5";"object";"brick_flat";1;0;0;0;0;0;340
19;5;"08/01/20";2020;1;8;"6";"room";"room";3;0;1;1;0;0;347
19;5;"08/01/20";2020;1;8;"6";"room";"room";2;0;0;0;0;0;347
19;5;"08/01/20";2020;1;8;"6";"object";"brick_flat";0;0;2;0;0;0;348
19;5;"08/01/20";2020;1;8;"6";"object";"brick_large";0;0;1;0;0;0;354
19;5;"08/01/20";2020;1;8;"6";"object";"brick_large";0;0;2;0;0;0;359
19;5;"08/01/20";2020;1;8;"6";"object";"chimney";0;1;0;0;0;0;367
19;5;"08/01/20";2020;1;8;"6";"object";"brick_flat";0;0;1;0;0;0;369
19;5;"08/01/20";2020;1;8;"6";"object";"brick_flat";0;0;3;0;0;0;377
19;5;"08/01/20";2020;1;8;"6";"object";"crevice";1;0;0;0;0;0;381
19;5;"08/01/20";2020;1;8;"6";"object";"crevice";0;0;0;1;0;0;384
19;5;"08/01/20";2020;1;8;"6";"object";"crevice";0;0;1;0;0;0;386
19;5;"08/01/20";2020;1;8;"7";"room";"room";1;0;0;0;0;0;395
19;5;"08/01/20";2020;1;8;"7";"room";"room";3;0;1;0;0;0;395
19;5;"08/01/20";2020;1;8;"7";"object";"brick_large";0;0;0;0;1;0;402
19;5;"08/01/20";2020;1;8;"7";"object";"brick_large";0;0;3;0;0;0;403
19;5;"08/01/20";2020;1;8;"7";"object";"brick_flat";1;0;0;0;0;0;408
19;5;"08/01/20";2020;1;8;"7";"object";"brick_flat";0;0;3;0;0;0;409
19;5;"08/01/20";2020;1;8;"7";"object";"brick_flat";0;0;2;0;0;0;411
19;5;"08/01/20";2020;1;8;"7";"object";"brick_flat";0;0;1;0;0;0;414
19;5;"08/01/20";2020;1;8;"7";"object";"brick_flat";1;0;1;0;0;0;417
19;5;"08/01/20";2020;1;8;"7";"object";"wall";0;0;1;0;0;0;422
19;5;"08/01/20";2020;1;8;"7";"object";"wall";0;0;1;0;0;0;431
19;5;"08/01/20";2020;1;8;"7";"object";"wall";0;0;1;0;0;0;432
19;5;"08/01/20";2020;1;8;"7";"object";"wall";1;0;0;0;0;0;437
19;5;"08/01/20";2020;1;8;"7";"object";"wall";1;0;0;0;0;0;439
19;5;"08/01/20";2020;1;8;"8";"room";"room";5;1;0;0;0;0;442
19;5;"08/01/20";2020;1;8;"8";"object";"brick_large";0;0;1;0;0;0;446
19;5;"08/01/20";2020;1;8;"8";"object";"brick_flat";0;0;1;0;0;0;457
19;5;"08/01/20";2020;1;8;"8";"object";"tunnel";1;0;0;0;0;0;460
19;5;"08/01/20";2020;1;8;"9";"room";"room";0;0;2;1;0;0;463
19;5;"08/01/20";2020;1;8;"9";"room";"room";3;0;2;1;0;0;463
19;5;"08/01/20";2020;1;8;"9";"object";"brick_large";0;5;0;0;0;0;464
19;5;"08/01/20";2020;1;8;"9";"object";"brick_large";0;6;0;0;0;0;467
19;5;"08/01/20";2020;1;8;"9";"object";"brick_large";0;1;0;0;0;0;472
19;5;"08/01/20";2020;1;8;"9";"object";"brick_large";0;2;0;0;0;0;473
19;5;"08/01/20";2020;1;8;"9";"object";"brick_large";0;2;0;0;0;0;474
19;5;"08/01/20";2020;1;8;"9";"object";"brick_flat";0;0;0;1;0;0;481
19;5;"08/01/20";2020;1;8;"9";"object";"wall";1;0;0;0;0;0;487
19;5;"08/01/20";2020;1;8;"9";"object";"wall";0;0;1;0;0;0;490
19;5;"08/01/20";2020;1;8;"9";"object";"wall";1;0;0;0;0;0;492
19;5;"08/01/20";2020;1;8;"9";"object";"wall";1;0;0;0;0;0;497
19;5;"08/01/20";2020;1;8;"9";"object";"wall";1;0;0;0;0;0;503
19;5;"08/01/20";2020;1;8;"9";"object";"wall";1;0;0;0;0;0;504
19;5;"08/01/20";2020;1;8;"9";"object";"wall";1;0;0;0;0;0;507
19;5;"08/01/20";2020;1;8;"9";"object";"wall";1;0;0;0;0;0;508
19;5;"08/01/20";2020;1;8;"9";"object";"wall";1;0;0;0;0;0;509
19;5;"08/01/20";2020;1;8;"9";"object";"wall";0;0;1;0;0;0;513
19;5;"08/01/20";2020;1;8;"9";"object";"wall";1;0;0;0;0;0;515
19;5;"08/01/20";2020;1;8;"9";"object";"wall";1;0;0;0;0;0;517
19;5;"08/01/20";2020;1;8;"9";"object";"wall";1;0;0;0;0;0;531
19;5;"08/01/20";2020;1;8;"9";"object";"wall";0;0;1;0;0;0;533
19;5;"08/01/20";2020;1;8;"9";"object";"wall";1;0;0;0;0;0;543
19;5;"08/01/20";2020;1;8;"9";"object";"wall";0;0;1;0;0;0;547
19;5;"08/01/20";2020;1;8;"9";"object";"wall";1;0;0;0;0;0;548
19;5;"08/01/20";2020;1;8;"9";"object";"wall";0;0;1;0;0;0;549
19;5;"08/01/20";2020;1;8;"9";"object";"wall";1;0;0;0;0;0;550
19;5;"08/01/20";2020;1;8;"9";"object";"wall";0;0;1;0;0;0;553
19;5;"08/01/20";2020;1;8;"9";"object";"crevice";1;0;0;0;0;0;558
19;5;"08/01/20";2020;1;8;"9";"object";"brick_round";0;0;1;0;0;0;560
19;5;"08/01/20";2020;1;8;"9";"object";"brick_round";1;0;0;0;0;0;561
19;6;"21/01/20";2020;1;21;"1";"object";"brick_flat";0;0;1;0;0;0;4
19;6;"21/01/20";2020;1;21;"1";"object";"brick_flat";0;0;1;0;0;0;9
19;6;"21/01/20";2020;1;21;"1";"object";"brick_flat";0;0;1;0;0;0;17
19;6;"21/01/20";2020;1;21;"10";"room";"room";2;3;0;0;0;0;23
19;6;"21/01/20";2020;1;21;"10";"object";"brick_large";0;0;1;0;0;0;25
19;6;"21/01/20";2020;1;21;"10";"object";"brick_large";0;4;0;0;0;0;27
19;6;"21/01/20";2020;1;21;"10";"object";"brick_large";0;3;1;0;0;0;28
19;6;"21/01/20";2020;1;21;"10";"object";"chimney";0;0;0;0;1;0;30
19;6;"21/01/20";2020;1;21;"10";"object";"brick_large";0;3;0;0;0;0;33
19;6;"21/01/20";2020;1;21;"10";"object";"brick_large";0;1;0;0;0;0;34
19;6;"21/01/20";2020;1;21;"10";"object";"brick_flat";0;0;1;0;0;0;37
19;6;"21/01/20";2020;1;21;"10";"object";"tunnel";1;0;2;0;0;0;40
19;6;"21/01/20";2020;1;21;"10";"object";"pile";3;0;0;0;0;0;43
19;6;"21/01/20";2020;1;21;"11";"room";"room";1;2;0;0;0;0;45
19;6;"21/01/20";2020;1;21;"11";"room";"room";3;0;5;0;0;0;45
19;6;"21/01/20";2020;1;21;"11";"object";"chimney";0;0;1;0;0;0;47
19;6;"21/01/20";2020;1;21;"11";"object";"other";0;0;1;0;0;0;57
19;6;"21/01/20";2020;1;21;"11";"object";"other";0;0;1;0;0;0;58
19;6;"21/01/20";2020;1;21;"12";"room";"room";5;0;0;0;0;0;59
19;6;"21/01/20";2020;1;21;"12";"room";"room";3;0;0;0;1;0;59
19;6;"21/01/20";2020;1;21;"12";"object";"wall";1;0;0;0;0;0;73
19;6;"21/01/20";2020;1;21;"12";"object";"brick_flat";0;1;0;0;0;0;87
19;6;"21/01/20";2020;1;21;"12";"object";"brick_flat";0;0;1;0;0;0;91
19;6;"21/01/20";2020;1;21;"12";"object";"pile";1;0;0;0;0;0;98
19;6;"21/01/20";2020;1;21;"12";"object";"pile";2;0;0;0;0;0;99
19;6;"21/01/20";2020;1;21;"2";"room";"room";6;0;4;0;0;0;102
19;6;"21/01/20";2020;1;21;"2";"room";"room";0;0;2;0;0;0;102
19;6;"21/01/20";2020;1;21;"2";"object";"wall";1;0;0;0;0;0;114
19;6;"21/01/20";2020;1;21;"2";"object";"wall";1;0;0;0;0;0;116
19;6;"21/01/20";2020;1;21;"2";"object";"wall";0;0;1;0;0;0;130
19;6;"21/01/20";2020;1;21;"2";"object";"wall";0;0;1;0;0;0;137
19;6;"21/01/20";2020;1;21;"2";"object";"wall";0;0;1;0;0;0;139
19;6;"21/01/20";2020;1;21;"2";"object";"wall";1;0;0;0;0;0;142
19;6;"21/01/20";2020;1;21;"2";"object";"wall";0;0;1;0;0;0;143
19;6;"21/01/20";2020;1;21;"2";"object";"wall";0;0;1;0;0;0;144
19;6;"21/01/20";2020;1;21;"2";"object";"wall";0;0;1;0;0;0;145
19;6;"21/01/20";2020;1;21;"2";"object";"wall";0;0;1;0;0;0;146
19;6;"21/01/20";2020;1;21;"2";"object";"wall";1;0;0;0;0;0;156
19;6;"21/01/20";2020;1;21;"2";"object";"wall";1;0;0;0;0;0;166
19;6;"21/01/20";2020;1;21;"2";"object";"wall";0;0;1;0;0;0;170
19;6;"21/01/20";2020;1;21;"2";"object";"pile";4;0;0;0;0;0;173
19;6;"21/01/20";2020;1;21;"2";"object";"brick_flat";0;0;1;0;0;0;180
19;6;"21/01/20";2020;1;21;"3";"room";"room";9;0;20;0;0;0;195
19;6;"21/01/20";2020;1;21;"3";"room";"room";4;0;3;0;1;0;195
19;6;"21/01/20";2020;1;21;"3";"object";"tunnel";1;0;0;0;0;0;197
19;6;"21/01/20";2020;1;21;"3";"object";"chimney";0;13;0;0;0;0;198
19;6;"21/01/20";2020;1;21;"3";"object";"brick_round";1;0;0;0;0;0;215
19;6;"21/01/20";2020;1;21;"3";"object";"wall";0;0;1;0;0;0;227
19;6;"21/01/20";2020;1;21;"3";"object";"wall";0;0;1;0;0;0;239
19;6;"21/01/20";2020;1;21;"3";"object";"wall";0;0;1;0;0;0;250
19;6;"21/01/20";2020;1;21;"3";"object";"other";0;0;1;0;0;0;258
19;6;"21/01/20";2020;1;21;"4";"room";"room";12;0;8;0;0;0;259
19;6;"21/01/20";2020;1;21;"4";"room";"room";1;1;0;0;0;0;259
19;6;"21/01/20";2020;1;21;"4";"object";"other";0;0;1;0;0;0;262
19;6;"21/01/20";2020;1;21;"4";"object";"crevice";1;0;0;0;0;0;263
19;6;"21/01/20";2020;1;21;"4";"object";"brick_flat";0;0;1;0;0;0;272
19;6;"21/01/20";2020;1;21;"4";"object";"brick_flat";0;0;2;0;0;0;275
19;6;"21/01/20";2020;1;21;"4";"object";"other";1;0;0;0;0;0;277
19;6;"21/01/20";2020;1;21;"5";"room";"room";3;0;8;0;0;0;298
19;6;"21/01/20";2020;1;21;"5";"room";"room";6;0;0;0;0;0;298
19;6;"21/01/20";2020;1;21;"5";"object";"other";1;0;0;0;0;0;334
19;6;"21/01/20";2020;1;21;"5";"object";"brick_flat";2;0;0;0;0;0;340
19;6;"21/01/20";2020;1;21;"6";"room";"room";2;0;1;1;0;0;347
19;6;"21/01/20";2020;1;21;"6";"room";"room";2;0;0;0;0;0;347
19;6;"21/01/20";2020;1;21;"6";"object";"brick_flat";0;0;1;0;0;0;348
19;6;"21/01/20";2020;1;21;"6";"object";"brick_large";0;0;1;0;0;0;353
19;6;"21/01/20";2020;1;21;"6";"object";"brick_large";0;0;1;0;0;0;354
19;6;"21/01/20";2020;1;21;"6";"object";"brick_large";0;0;1;0;0;0;361
19;6;"21/01/20";2020;1;21;"6";"object";"chimney";0;2;0;0;0;0;367
19;6;"21/01/20";2020;1;21;"6";"object";"crevice";1;0;0;0;0;0;380
19;6;"21/01/20";2020;1;21;"6";"object";"crevice";1;0;0;0;0;0;381
19;6;"21/01/20";2020;1;21;"6";"object";"crevice";0;0;1;0;0;0;384
19;6;"21/01/20";2020;1;21;"6";"object";"crevice";0;0;2;0;0;0;386
19;6;"21/01/20";2020;1;21;"7";"room";"room";3;0;0;0;0;0;395
19;6;"21/01/20";2020;1;21;"7";"room";"room";1;0;0;0;0;0;395
19;6;"21/01/20";2020;1;21;"7";"object";"brick_large";0;0;5;0;0;0;403
19;6;"21/01/20";2020;1;21;"7";"object";"brick_flat";1;0;0;0;0;0;408
19;6;"21/01/20";2020;1;21;"7";"object";"brick_flat";0;0;2;0;0;0;409
19;6;"21/01/20";2020;1;21;"7";"object";"brick_flat";0;0;3;0;0;0;411
19;6;"21/01/20";2020;1;21;"7";"object";"brick_flat";0;0;1;0;0;0;414
19;6;"21/01/20";2020;1;21;"7";"object";"brick_flat";1;0;1;0;0;0;417
19;6;"21/01/20";2020;1;21;"7";"object";"wall";0;0;1;0;0;0;431
19;6;"21/01/20";2020;1;21;"7";"object";"wall";0;0;1;0;0;0;434
19;6;"21/01/20";2020;1;21;"7";"object";"wall";1;0;0;0;0;0;439
19;6;"21/01/20";2020;1;21;"8";"room";"room";4;0;0;0;0;0;442
19;6;"21/01/20";2020;1;21;"8";"object";"brick_large";0;0;2;0;0;0;448
19;6;"21/01/20";2020;1;21;"8";"object";"brick_flat";0;0;2;0;0;0;457
19;6;"21/01/20";2020;1;21;"8";"object";"tunnel";1;0;0;0;0;0;460
19;6;"21/01/20";2020;1;21;"8";"object";"tunnel";2;0;0;0;0;0;461
19;6;"21/01/20";2020;1;21;"9";"room";"room";1;0;0;0;0;0;463
19;6;"21/01/20";2020;1;21;"9";"room";"room";3;0;0;1;0;0;463
19;6;"21/01/20";2020;1;21;"9";"object";"brick_large";0;4;1;0;0;0;464
19;6;"21/01/20";2020;1;21;"9";"object";"brick_large";0;7;1;0;0;0;467
19;6;"21/01/20";2020;1;21;"9";"object";"brick_large";0;1;0;0;0;0;470
19;6;"21/01/20";2020;1;21;"9";"object";"brick_large";0;2;0;0;0;0;471
19;6;"21/01/20";2020;1;21;"9";"object";"brick_large";0;1;0;0;0;0;472
19;6;"21/01/20";2020;1;21;"9";"object";"brick_large";0;2;0;0;0;0;473
19;6;"21/01/20";2020;1;21;"9";"object";"brick_large";1;0;1;0;0;0;474
19;6;"21/01/20";2020;1;21;"9";"object";"brick_flat";2;0;0;0;0;0;479
19;6;"21/01/20";2020;1;21;"9";"object";"brick_flat";0;0;0;1;0;0;481
19;6;"21/01/20";2020;1;21;"9";"object";"brick_flat";0;0;0;1;0;0;482
19;6;"21/01/20";2020;1;21;"9";"object";"wall";2;0;0;0;0;0;486
19;6;"21/01/20";2020;1;21;"9";"object";"wall";1;0;0;0;0;0;487
19;6;"21/01/20";2020;1;21;"9";"object";"wall";0;0;1;0;0;0;490
19;6;"21/01/20";2020;1;21;"9";"object";"wall";1;0;0;0;0;0;503
19;6;"21/01/20";2020;1;21;"9";"object";"wall";0;0;1;0;0;0;505
19;6;"21/01/20";2020;1;21;"9";"object";"wall";1;0;0;0;0;0;507
19;6;"21/01/20";2020;1;21;"9";"object";"wall";2;0;0;0;0;0;508
19;6;"21/01/20";2020;1;21;"9";"object";"wall";0;0;2;0;0;0;513
19;6;"21/01/20";2020;1;21;"9";"object";"wall";1;0;0;0;0;0;515
19;6;"21/01/20";2020;1;21;"9";"object";"wall";0;0;1;0;0;0;517
19;6;"21/01/20";2020;1;21;"9";"object";"wall";0;0;1;0;0;0;522
19;6;"21/01/20";2020;1;21;"9";"object";"wall";0;0;1;0;0;0;533
19;6;"21/01/20";2020;1;21;"9";"object";"wall";1;0;0;0;0;0;541
19;6;"21/01/20";2020;1;21;"9";"object";"wall";0;0;1;0;0;0;543
19;6;"21/01/20";2020;1;21;"9";"object";"wall";0;0;0;0;1;0;545
19;6;"21/01/20";2020;1;21;"9";"object";"wall";1;0;0;0;0;0;548
19;6;"21/01/20";2020;1;21;"9";"object";"wall";1;0;0;0;0;0;550
19;6;"21/01/20";2020;1;21;"9";"object";"wall";0;0;1;0;0;0;553
19;6;"21/01/20";2020;1;21;"9";"object";"brick_round";1;0;0;0;0;0;560
19;7;"07/02/20";2020;2;7;"10";"room";"room";2;0;0;0;0;0;23
19;7;"07/02/20";2020;2;7;"10";"room";"room";4;4;0;0;0;0;23
19;7;"07/02/20";2020;2;7;"10";"object";"brick_large";0;2;1;0;0;0;25
19;7;"07/02/20";2020;2;7;"10";"object";"brick_large";0;4;0;0;0;0;27
19;7;"07/02/20";2020;2;7;"10";"object";"brick_large";0;1;0;0;0;0;28
19;7;"07/02/20";2020;2;7;"10";"object";"chimney";1;0;0;0;0;0;30
19;7;"07/02/20";2020;2;7;"10";"object";"brick_large";0;2;0;0;0;0;32
19;7;"07/02/20";2020;2;7;"10";"object";"brick_large";0;1;0;0;0;0;33
19;7;"07/02/20";2020;2;7;"10";"object";"brick_large";0;2;0;0;0;0;34
19;7;"07/02/20";2020;2;7;"10";"object";"brick_flat";1;0;2;0;0;0;38
19;7;"07/02/20";2020;2;7;"10";"object";"tunnel";3;0;0;0;0;0;40
19;7;"07/02/20";2020;2;7;"10";"object";"tunnel";1;0;0;0;0;0;42
19;7;"07/02/20";2020;2;7;"10";"object";"pile";1;0;0;0;0;0;43
19;7;"07/02/20";2020;2;7;"11";"room";"room";0;0;1;0;0;0;45
19;7;"07/02/20";2020;2;7;"11";"room";"room";2;1;1;0;0;0;45
19;7;"07/02/20";2020;2;7;"11";"object";"chimney";0;0;1;0;0;0;47
19;7;"07/02/20";2020;2;7;"11";"room";"room";0;0;0;0;1;0;45
19;7;"07/02/20";2020;2;7;"11";"object";"tunnel";1;0;0;0;0;0;52
19;7;"07/02/20";2020;2;7;"11";"object";"other";0;0;2;0;0;0;56
19;7;"07/02/20";2020;2;7;"12";"room";"room";2;0;1;0;0;0;59
19;7;"07/02/20";2020;2;7;"12";"room";"room";2;1;0;0;0;0;59
19;7;"07/02/20";2020;2;7;"12";"object";"brick_flat";1;0;0;0;0;0;96
19;7;"07/02/20";2020;2;7;"12";"object";"pile";1;0;0;0;0;0;99
19;7;"07/02/20";2020;2;7;"2";"room";"room";3;0;5;1;0;0;102
19;7;"07/02/20";2020;2;7;"2";"object";"wall";0;0;1;0;0;0;106
19;7;"07/02/20";2020;2;7;"2";"object";"wall";1;0;0;0;0;0;114
19;7;"07/02/20";2020;2;7;"2";"object";"wall";0;0;1;0;0;0;137
19;7;"07/02/20";2020;2;7;"2";"object";"wall";1;0;0;0;0;0;138
19;7;"07/02/20";2020;2;7;"2";"object";"wall";1;0;0;0;0;0;142
19;7;"07/02/20";2020;2;7;"2";"object";"wall";0;0;1;0;0;0;144
19;7;"07/02/20";2020;2;7;"2";"object";"wall";0;0;1;0;0;0;145
19;7;"07/02/20";2020;2;7;"2";"object";"wall";0;0;1;0;0;0;149
19;7;"07/02/20";2020;2;7;"2";"object";"pile";1;0;0;0;0;0;173
19;7;"07/02/20";2020;2;7;"2";"object";"brick_flat";0;0;1;0;0;0;180
19;7;"07/02/20";2020;2;7;"2";"object";"brick_flat";1;0;0;0;0;0;192
19;7;"07/02/20";2020;2;7;"3";"room";"room";8;0;17;0;0;0;195
19;7;"07/02/20";2020;2;7;"3";"room";"room";3;2;0;0;0;0;195
19;7;"07/02/20";2020;2;7;"3";"object";"other";0;2;1;0;0;0;196
19;7;"07/02/20";2020;2;7;"3";"object";"chimney";1;9;1;0;0;0;198
19;7;"07/02/20";2020;2;7;"3";"object";"brick_round";1;0;0;0;0;0;210
19;7;"07/02/20";2020;2;7;"3";"object";"brick_round";1;0;0;0;0;0;214
19;7;"07/02/20";2020;2;7;"3";"object";"wall";1;0;0;0;0;0;220
19;7;"07/02/20";2020;2;7;"3";"object";"wall";0;0;1;0;0;0;227
19;7;"07/02/20";2020;2;7;"3";"object";"wall";0;0;1;0;0;0;250
19;7;"07/02/20";2020;2;7;"3";"object";"other";1;0;0;0;0;0;256
19;7;"07/02/20";2020;2;7;"3";"object";"other";0;0;1;0;0;0;257
19;7;"07/02/20";2020;2;7;"4";"room";"room";10;0;14;0;0;0;259
19;7;"07/02/20";2020;2;7;"4";"room";"room";2;1;1;0;0;0;259
19;7;"07/02/20";2020;2;7;"4";"object";"other";1;0;0;0;0;0;261
19;7;"07/02/20";2020;2;7;"4";"object";"crevice";1;0;0;0;0;0;263
19;7;"07/02/20";2020;2;7;"4";"object";"crevice";0;0;1;0;0;0;264
19;7;"07/02/20";2020;2;7;"4";"object";"brick_flat";0;0;2;0;0;0;274
19;7;"07/02/20";2020;2;7;"4";"object";"brick_flat";0;0;1;0;0;0;275
19;7;"07/02/20";2020;2;7;"4";"object";"other";1;0;0;0;0;0;277
19;7;"07/02/20";2020;2;7;"5";"room";"room";3;0;8;0;0;0;298
19;7;"07/02/20";2020;2;7;"5";"room";"room";1;0;2;0;0;0;298
19;7;"07/02/20";2020;2;7;"5";"object";"other";1;0;0;0;0;0;334
19;7;"07/02/20";2020;2;7;"5";"object";"other";1;0;0;0;0;0;336
19;7;"07/02/20";2020;2;7;"6";"room";"room";2;0;2;0;1;0;347
19;7;"07/02/20";2020;2;7;"6";"room";"room";2;0;0;0;1;0;347
19;7;"07/02/20";2020;2;7;"6";"object";"brick_flat";0;0;1;0;0;0;348
19;7;"07/02/20";2020;2;7;"6";"object";"brick_large";0;0;2;0;0;0;354
19;7;"07/02/20";2020;2;7;"6";"object";"brick_large";1;0;0;0;0;0;362
19;7;"07/02/20";2020;2;7;"6";"object";"chimney";0;2;0;0;0;0;367
19;7;"07/02/20";2020;2;7;"6";"object";"brick_flat";0;0;1;0;0;0;370
19;7;"07/02/20";2020;2;7;"6";"object";"brick_flat";1;0;0;0;0;0;372
19;7;"07/02/20";2020;2;7;"6";"object";"crevice";1;0;0;0;0;0;380
19;7;"07/02/20";2020;2;7;"6";"object";"crevice";1;0;0;0;0;0;381
19;7;"07/02/20";2020;2;7;"6";"object";"crevice";0;0;1;0;0;0;384
19;7;"07/02/20";2020;2;7;"6";"object";"crevice";1;0;1;0;0;0;386
19;7;"07/02/20";2020;2;7;"7";"room";"room";3;0;0;0;1;0;395
19;7;"07/02/20";2020;2;7;"7";"room";"room";3;0;0;0;0;0;395
19;7;"07/02/20";2020;2;7;"7";"object";"brick_flat";0;0;1;0;0;0;409
19;7;"07/02/20";2020;2;7;"7";"object";"brick_flat";0;0;3;0;0;0;411
19;7;"07/02/20";2020;2;7;"7";"object";"brick_flat";1;0;0;0;0;0;415
19;7;"07/02/20";2020;2;7;"7";"object";"brick_flat";1;0;1;0;0;0;416
19;7;"07/02/20";2020;2;7;"7";"object";"wall";0;0;1;0;0;0;423
19;7;"07/02/20";2020;2;7;"7";"object";"wall";0;0;2;0;0;0;431
19;7;"07/02/20";2020;2;7;"8";"room";"room";1;0;0;0;0;0;442
19;7;"07/02/20";2020;2;7;"8";"room";"room";1;0;0;0;0;0;442
19;7;"07/02/20";2020;2;7;"8";"object";"brick_large";0;1;0;0;0;0;446
19;7;"07/02/20";2020;2;7;"8";"object";"brick_large";1;0;0;0;0;0;448
19;7;"07/02/20";2020;2;7;"8";"object";"brick_large";0;0;4;0;0;0;449
19;7;"07/02/20";2020;2;7;"8";"object";"brick_flat";0;0;3;0;0;0;455
19;7;"07/02/20";2020;2;7;"8";"object";"brick_flat";1;0;1;0;0;0;456
19;7;"07/02/20";2020;2;7;"8";"object";"brick_flat";0;0;2;0;0;0;457
19;7;"07/02/20";2020;2;7;"8";"object";"crevice";1;0;1;0;0;0;459
19;7;"07/02/20";2020;2;7;"8";"object";"tunnel";1;0;0;0;0;0;460
19;7;"07/02/20";2020;2;7;"8";"object";"tunnel";1;0;0;0;0;0;461
19;7;"07/02/20";2020;2;7;"9";"room";"room";1;0;0;0;0;0;463
19;7;"07/02/20";2020;2;7;"9";"room";"room";2;1;0;0;0;0;463
19;7;"07/02/20";2020;2;7;"9";"object";"brick_large";0;4;1;0;0;0;464
19;7;"07/02/20";2020;2;7;"9";"object";"brick_large";0;5;1;0;0;0;467
19;7;"07/02/20";2020;2;7;"9";"object";"brick_large";1;0;2;0;0;0;468
19;7;"07/02/20";2020;2;7;"9";"object";"brick_large";0;1;0;0;0;0;469
19;7;"07/02/20";2020;2;7;"9";"object";"brick_large";0;1;0;0;0;0;470
19;7;"07/02/20";2020;2;7;"9";"object";"brick_large";0;2;1;0;0;0;471
19;7;"07/02/20";2020;2;7;"9";"object";"brick_large";0;2;0;0;0;0;472
19;7;"07/02/20";2020;2;7;"9";"object";"brick_large";0;1;0;0;0;0;473
19;7;"07/02/20";2020;2;7;"9";"object";"brick_flat";0;0;1;0;0;0;479
19;7;"07/02/20";2020;2;7;"9";"object";"brick_flat";1;0;1;0;0;0;481
19;7;"07/02/20";2020;2;7;"9";"object";"brick_flat";0;0;0;2;0;0;482
19;7;"07/02/20";2020;2;7;"9";"object";"wall";1;0;0;0;0;0;487
19;7;"07/02/20";2020;2;7;"9";"object";"wall";0;0;1;0;0;0;490
19;7;"07/02/20";2020;2;7;"9";"object";"wall";0;0;1;0;0;0;491
19;7;"07/02/20";2020;2;7;"9";"object";"wall";1;0;0;0;0;0;498
19;7;"07/02/20";2020;2;7;"9";"object";"wall";1;0;0;0;0;0;500
19;7;"07/02/20";2020;2;7;"9";"object";"wall";1;0;0;0;0;0;506
19;7;"07/02/20";2020;2;7;"9";"object";"wall";0;0;1;0;0;0;508
19;7;"07/02/20";2020;2;7;"9";"object";"wall";0;0;1;0;0;0;513
19;7;"07/02/20";2020;2;7;"9";"object";"wall";1;0;0;0;0;0;515
19;7;"07/02/20";2020;2;7;"9";"object";"wall";1;0;0;0;0;0;517
19;7;"07/02/20";2020;2;7;"9";"object";"wall";0;0;1;0;0;0;522
19;7;"07/02/20";2020;2;7;"9";"object";"wall";0;0;1;0;0;0;526
19;7;"07/02/20";2020;2;7;"9";"object";"wall";0;0;1;0;0;0;530
19;7;"07/02/20";2020;2;7;"9";"object";"wall";0;0;1;0;0;0;533
19;7;"07/02/20";2020;2;7;"9";"object";"wall";1;0;0;0;0;0;546
19;7;"07/02/20";2020;2;7;"9";"object";"wall";1;0;0;0;0;0;547
19;7;"07/02/20";2020;2;7;"9";"object";"wall";0;0;1;0;0;0;548
19;7;"07/02/20";2020;2;7;"9";"object";"brick_round";1;0;0;0;0;0;560
19;8;"17/02/20";2020;2;17;"1";"room";"room";1;0;0;0;0;0;1
19;8;"17/02/20";2020;2;17;"1";"room";"room";0;0;1;0;0;0;1
19;8;"17/02/20";2020;2;17;"10";"room";"room";1;0;0;0;0;0;23
19;8;"17/02/20";2020;2;17;"10";"room";"room";4;4;0;0;0;0;23
19;8;"17/02/20";2020;2;17;"10";"object";"brick_large";0;1;0;0;0;0;25
19;8;"17/02/20";2020;2;17;"10";"object";"brick_large";0;4;0;0;0;0;27
19;8;"17/02/20";2020;2;17;"10";"object";"brick_large";0;3;3;0;0;0;28
19;8;"17/02/20";2020;2;17;"10";"object";"chimney";0;0;0;0;1;0;30
19;8;"17/02/20";2020;2;17;"10";"object";"brick_large";0;2;0;0;0;0;32
19;8;"17/02/20";2020;2;17;"10";"object";"brick_large";0;3;0;0;0;0;33
19;8;"17/02/20";2020;2;17;"10";"object";"brick_large";0;1;2;0;0;0;34
19;8;"17/02/20";2020;2;17;"10";"object";"brick_flat";1;0;0;0;0;0;37
19;8;"17/02/20";2020;2;17;"10";"object";"brick_flat";0;0;3;0;0;0;38
19;8;"17/02/20";2020;2;17;"10";"object";"tunnel";0;0;2;0;0;0;40
19;8;"17/02/20";2020;2;17;"11";"room";"room";4;0;2;0;0;0;45
19;8;"17/02/20";2020;2;17;"11";"room";"room";2;1;0;0;0;0;45
19;8;"17/02/20";2020;2;17;"12";"room";"room";3;0;1;0;0;0;59
19;8;"17/02/20";2020;2;17;"12";"room";"room";2;1;0;0;1;0;59
19;8;"17/02/20";2020;2;17;"12";"object";"wall";1;0;0;0;0;0;68
19;8;"17/02/20";2020;2;17;"12";"object";"wall";1;0;0;0;0;0;72
19;8;"17/02/20";2020;2;17;"12";"object";"pile";1;0;0;0;0;0;99
19;8;"17/02/20";2020;2;17;"2";"room";"room";2;0;6;1;1;0;102
19;8;"17/02/20";2020;2;17;"2";"object";"wall";1;0;0;0;0;0;114
19;8;"17/02/20";2020;2;17;"2";"object";"wall";0;0;1;0;0;0;124
19;8;"17/02/20";2020;2;17;"2";"object";"wall";0;0;1;0;0;0;129
19;8;"17/02/20";2020;2;17;"2";"object";"wall";1;0;0;0;0;0;138
19;8;"17/02/20";2020;2;17;"2";"object";"wall";0;0;1;0;0;0;153
19;8;"17/02/20";2020;2;17;"2";"object";"pile";1;0;1;0;0;0;173
19;8;"17/02/20";2020;2;17;"2";"object";"brick_flat";1;0;0;0;0;0;192
19;8;"17/02/20";2020;2;17;"3";"room";"room";9;0;16;0;0;0;195
19;8;"17/02/20";2020;2;17;"3";"room";"room";3;1;0;0;0;0;195
19;8;"17/02/20";2020;2;17;"3";"object";"other";0;2;1;0;0;0;196
19;8;"17/02/20";2020;2;17;"3";"object";"chimney";0;11;0;0;0;0;198
19;8;"17/02/20";2020;2;17;"3";"object";"brick_flat";0;0;1;0;0;0;205
19;8;"17/02/20";2020;2;17;"3";"object";"brick_round";1;0;0;0;0;0;210
19;8;"17/02/20";2020;2;17;"3";"object";"brick_round";1;0;0;0;0;0;214
19;8;"17/02/20";2020;2;17;"3";"object";"wall";1;0;0;0;0;0;221
19;8;"17/02/20";2020;2;17;"3";"object";"wall";0;0;1;0;0;0;227
19;8;"17/02/20";2020;2;17;"3";"object";"wall";1;0;0;0;0;0;236
19;8;"17/02/20";2020;2;17;"3";"object";"wall";0;0;1;0;0;0;250
19;8;"17/02/20";2020;2;17;"3";"object";"wall";1;0;0;0;0;0;251
19;8;"17/02/20";2020;2;17;"3";"object";"other";2;0;0;0;0;0;254
19;8;"17/02/20";2020;2;17;"4";"room";"room";11;0;13;0;1;0;259
19;8;"17/02/20";2020;2;17;"4";"room";"room";3;1;1;0;0;0;259
19;8;"17/02/20";2020;2;17;"4";"object";"crevice";1;0;0;0;0;0;263
19;8;"17/02/20";2020;2;17;"4";"object";"crevice";0;0;1;0;0;0;264
19;8;"17/02/20";2020;2;17;"4";"object";"brick_flat";1;0;0;0;0;0;270
19;8;"17/02/20";2020;2;17;"4";"object";"brick_flat";0;0;2;0;0;0;274
19;8;"17/02/20";2020;2;17;"4";"object";"brick_flat";0;0;1;0;0;0;276
19;8;"17/02/20";2020;2;17;"4";"object";"brick_flat";0;0;1;0;0;0;288
19;8;"17/02/20";2020;2;17;"5";"room";"room";4;0;9;0;1;0;298
19;8;"17/02/20";2020;2;17;"5";"object";"brick_flat";0;0;1;0;0;0;299
19;8;"17/02/20";2020;2;17;"5";"object";"brick_flat";0;0;1;0;0;0;300
19;8;"17/02/20";2020;2;17;"5";"object";"other";1;0;0;0;0;0;335
19;8;"17/02/20";2020;2;17;"5";"object";"brick_flat";0;0;1;0;0;0;342
19;8;"17/02/20";2020;2;17;"6";"room";"room";2;0;2;1;0;0;347
19;8;"17/02/20";2020;2;17;"6";"room";"room";3;0;0;0;0;0;347
19;8;"17/02/20";2020;2;17;"6";"object";"brick_flat";0;0;1;0;0;0;348
19;8;"17/02/20";2020;2;17;"6";"object";"brick_large";0;0;1;0;0;0;354
19;8;"17/02/20";2020;2;17;"6";"object";"brick_large";1;0;1;0;0;0;361
19;8;"17/02/20";2020;2;17;"6";"object";"chimney";0;3;0;0;0;0;367
19;8;"17/02/20";2020;2;17;"6";"object";"brick_flat";1;0;0;0;0;0;372
19;8;"17/02/20";2020;2;17;"6";"object";"crevice";1;0;0;0;0;0;380
19;8;"17/02/20";2020;2;17;"6";"object";"crevice";1;0;0;0;0;0;381
19;8;"17/02/20";2020;2;17;"6";"object";"crevice";2;0;0;0;0;0;386
19;8;"17/02/20";2020;2;17;"7";"room";"room";4;0;1;0;0;0;395
19;8;"17/02/20";2020;2;17;"7";"room";"room";1;0;0;0;0;0;395
19;8;"17/02/20";2020;2;17;"7";"object";"brick_large";0;0;1;0;0;0;401
19;8;"17/02/20";2020;2;17;"7";"object";"brick_large";0;0;5;0;0;0;403
19;8;"17/02/20";2020;2;17;"7";"object";"brick_flat";0;0;1;0;0;0;409
19;8;"17/02/20";2020;2;17;"7";"object";"brick_flat";0;0;5;0;0;0;411
19;8;"17/02/20";2020;2;17;"7";"object";"brick_flat";1;0;0;0;0;0;415
19;8;"17/02/20";2020;2;17;"7";"object";"brick_flat";0;0;1;0;0;0;417
19;8;"17/02/20";2020;2;17;"8";"room";"room";0;0;1;0;0;0;442
19;8;"17/02/20";2020;2;17;"8";"room";"room";3;0;0;0;0;0;442
19;8;"17/02/20";2020;2;17;"8";"object";"brick_large";0;0;3;1;0;0;448
19;8;"17/02/20";2020;2;17;"8";"object";"brick_large";0;0;1;0;0;0;449
19;8;"17/02/20";2020;2;17;"8";"object";"brick_flat";0;0;5;0;0;0;455
19;8;"17/02/20";2020;2;17;"8";"object";"brick_flat";1;0;2;0;0;0;456
19;8;"17/02/20";2020;2;17;"8";"object";"tunnel";2;0;0;0;0;0;460
19;8;"17/02/20";2020;2;17;"9";"room";"room";0;1;0;0;0;0;463
19;8;"17/02/20";2020;2;17;"9";"object";"brick_large";0;4;1;0;0;0;464
19;8;"17/02/20";2020;2;17;"9";"object";"brick_large";0;2;1;0;0;0;467
19;8;"17/02/20";2020;2;17;"9";"object";"brick_large";0;1;1;0;0;0;468
19;8;"17/02/20";2020;2;17;"9";"object";"brick_large";0;1;0;0;0;0;470
19;8;"17/02/20";2020;2;17;"9";"object";"brick_large";0;3;1;0;0;0;471
19;8;"17/02/20";2020;2;17;"9";"object";"brick_large";0;2;1;0;0;0;472
19;8;"17/02/20";2020;2;17;"9";"object";"brick_large";0;1;0;0;0;0;473
19;8;"17/02/20";2020;2;17;"9";"object";"brick_flat";0;0;0;1;0;0;478
19;8;"17/02/20";2020;2;17;"9";"object";"brick_flat";0;0;1;0;0;0;479
19;8;"17/02/20";2020;2;17;"9";"object";"brick_flat";0;0;2;0;0;0;481
19;8;"17/02/20";2020;2;17;"9";"object";"brick_flat";0;0;0;1;0;0;482
19;8;"17/02/20";2020;2;17;"9";"object";"wall";1;0;0;0;0;0;487
19;8;"17/02/20";2020;2;17;"9";"object";"wall";0;0;1;0;0;0;490
19;8;"17/02/20";2020;2;17;"9";"object";"wall";1;0;0;0;0;0;500
19;8;"17/02/20";2020;2;17;"9";"object";"wall";1;0;0;0;0;0;508
19;8;"17/02/20";2020;2;17;"9";"object";"wall";1;0;0;0;0;0;515
19;8;"17/02/20";2020;2;17;"9";"object";"wall";1;0;0;0;0;0;517
19;8;"17/02/20";2020;2;17;"9";"object";"wall";0;0;0;0;1;0;545
19;8;"17/02/20";2020;2;17;"9";"object";"wall";1;0;0;0;0;0;548
19;8;"17/02/20";2020;2;17;"9";"object";"brick_round";1;0;0;0;0;0;560
19;9;"27/02/20";2020;2;27;"1";"room";"room";0;0;1;0;0;0;1
19;9;"27/02/20";2020;2;27;"1";"room";"room";0;0;1;0;0;0;1
19;9;"27/02/20";2020;2;27;"1";"object";"brick_flat";1;0;0;0;0;0;9
19;9;"27/02/20";2020;2;27;"1";"object";"brick_flat";0;0;0;1;0;0;15
19;9;"27/02/20";2020;2;27;"10";"room";"room";1;0;0;0;0;0;23
19;9;"27/02/20";2020;2;27;"10";"room";"room";4;3;0;0;0;0;23
19;9;"27/02/20";2020;2;27;"10";"object";"brick_large";0;3;2;0;0;0;25
19;9;"27/02/20";2020;2;27;"10";"object";"brick_large";0;4;0;0;0;0;27
19;9;"27/02/20";2020;2;27;"10";"object";"brick_large";0;1;0;0;0;0;28
19;9;"27/02/20";2020;2;27;"10";"object";"chimney";1;0;0;0;1;0;30
19;9;"27/02/20";2020;2;27;"10";"object";"brick_large";0;4;0;0;0;0;33
19;9;"27/02/20";2020;2;27;"10";"object";"brick_large";0;3;0;0;0;0;34
19;9;"27/02/20";2020;2;27;"10";"object";"brick_flat";2;0;2;0;0;0;37
19;9;"27/02/20";2020;2;27;"10";"object";"brick_flat";0;0;3;0;0;0;38
19;9;"27/02/20";2020;2;27;"10";"object";"tunnel";1;0;0;0;0;0;40
19;9;"27/02/20";2020;2;27;"11";"room";"room";1;0;2;0;0;0;45
19;9;"27/02/20";2020;2;27;"11";"room";"room";0;1;0;0;0;0;45
19;9;"27/02/20";2020;2;27;"11";"object";"other";0;0;1;0;0;0;57
19;9;"27/02/20";2020;2;27;"11";"object";"other";0;0;1;0;0;0;58
19;9;"27/02/20";2020;2;27;"12";"room";"room";2;0;0;0;0;0;59
19;9;"27/02/20";2020;2;27;"12";"room";"room";3;1;0;0;0;0;59
19;9;"27/02/20";2020;2;27;"12";"object";"wall";1;0;0;0;0;0;81
19;9;"27/02/20";2020;2;27;"12";"object";"wall";2;0;0;0;0;0;86
19;9;"27/02/20";2020;2;27;"12";"object";"brick_flat";0;0;1;0;0;0;87
19;9;"27/02/20";2020;2;27;"2";"room";"room";3;0;4;1;0;0;102
19;9;"27/02/20";2020;2;27;"2";"room";"room";1;0;0;1;0;0;102
19;9;"27/02/20";2020;2;27;"2";"object";"wall";1;0;0;0;0;0;114
19;9;"27/02/20";2020;2;27;"2";"object";"wall";0;0;1;0;0;0;124
19;9;"27/02/20";2020;2;27;"2";"object";"wall";0;0;1;0;0;0;149
19;9;"27/02/20";2020;2;27;"2";"object";"wall";0;0;1;0;0;0;153
19;9;"27/02/20";2020;2;27;"2";"object";"wall";1;0;0;0;0;0;160
19;9;"27/02/20";2020;2;27;"2";"object";"wall";0;0;1;0;0;0;165
19;9;"27/02/20";2020;2;27;"2";"object";"pile";1;0;0;0;0;0;173
19;9;"27/02/20";2020;2;27;"2";"object";"brick_flat";1;0;2;0;0;0;181
19;9;"27/02/20";2020;2;27;"3";"room";"room";8;0;20;0;0;0;195
19;9;"27/02/20";2020;2;27;"3";"room";"room";2;1;0;0;0;0;195
19;9;"27/02/20";2020;2;27;"3";"object";"other";0;2;1;0;0;0;196
19;9;"27/02/20";2020;2;27;"3";"object";"chimney";0;11;0;0;0;0;198
19;9;"27/02/20";2020;2;27;"3";"object";"brick_round";1;0;0;0;0;0;211
19;9;"27/02/20";2020;2;27;"3";"object";"wall";0;0;1;0;0;0;250
19;9;"27/02/20";2020;2;27;"3";"object";"wall";0;0;1;0;0;0;251
19;9;"27/02/20";2020;2;27;"3";"object";"other";1;0;0;0;0;0;254
19;9;"27/02/20";2020;2;27;"4";"room";"room";7;0;10;0;0;0;259
19;9;"27/02/20";2020;2;27;"4";"room";"room";3;1;0;0;0;0;259
19;9;"27/02/20";2020;2;27;"4";"object";"crevice";0;0;2;0;0;0;264
19;9;"27/02/20";2020;2;27;"4";"object";"brick_flat";0;0;2;0;0;0;274
19;9;"27/02/20";2020;2;27;"4";"object";"brick_flat";0;0;2;0;0;0;275
19;9;"27/02/20";2020;2;27;"5";"room";"room";6;0;8;0;1;0;298
19;9;"27/02/20";2020;2;27;"5";"object";"brick_flat";0;0;1;0;0;0;300
19;9;"27/02/20";2020;2;27;"5";"object";"brick_flat";0;0;1;0;0;0;328
19;9;"27/02/20";2020;2;27;"5";"object";"chimney";0;0;1;0;0;0;332
19;9;"27/02/20";2020;2;27;"5";"object";"other";4;0;0;0;0;0;335
19;9;"27/02/20";2020;2;27;"6";"room";"room";3;0;1;2;0;0;347
19;9;"27/02/20";2020;2;27;"6";"room";"room";1;0;0;0;0;0;347
19;9;"27/02/20";2020;2;27;"6";"object";"brick_flat";0;0;1;0;0;0;349
19;9;"27/02/20";2020;2;27;"6";"object";"brick_large";0;1;0;0;0;0;356
19;9;"27/02/20";2020;2;27;"6";"object";"brick_large";0;1;0;0;0;0;363
19;9;"27/02/20";2020;2;27;"6";"object";"chimney";0;3;0;0;0;0;367
19;9;"27/02/20";2020;2;27;"6";"object";"brick_flat";2;0;0;0;0;0;369
19;9;"27/02/20";2020;2;27;"6";"object";"crevice";1;0;0;0;0;0;380
19;9;"27/02/20";2020;2;27;"6";"object";"crevice";1;0;0;0;0;0;381
19;9;"27/02/20";2020;2;27;"6";"object";"crevice";1;0;0;0;0;0;384
19;9;"27/02/20";2020;2;27;"6";"object";"crevice";0;0;2;0;0;0;386
19;9;"27/02/20";2020;2;27;"7";"room";"room";2;0;1;0;0;0;395
19;9;"27/02/20";2020;2;27;"7";"room";"room";4;0;0;0;0;0;395
19;9;"27/02/20";2020;2;27;"7";"object";"brick_large";0;3;0;0;0;0;401
19;9;"27/02/20";2020;2;27;"7";"object";"brick_large";0;0;5;0;0;0;403
19;9;"27/02/20";2020;2;27;"7";"object";"brick_flat";0;0;2;0;0;0;409
19;9;"27/02/20";2020;2;27;"7";"object";"brick_flat";1;0;2;0;0;0;411
19;9;"27/02/20";2020;2;27;"7";"object";"brick_flat";1;0;0;0;0;0;415
19;9;"27/02/20";2020;2;27;"7";"object";"brick_flat";0;0;1;0;0;0;417
19;9;"27/02/20";2020;2;27;"7";"object";"wall";0;0;1;0;0;0;432
19;9;"27/02/20";2020;2;27;"8";"room";"room";3;0;0;0;0;0;442
19;9;"27/02/20";2020;2;27;"8";"object";"brick_large";1;0;0;0;0;0;444
19;9;"27/02/20";2020;2;27;"8";"object";"brick_large";0;0;5;0;0;0;448
19;9;"27/02/20";2020;2;27;"8";"object";"brick_flat";0;0;4;0;0;0;455
19;9;"27/02/20";2020;2;27;"8";"object";"brick_flat";1;0;0;0;0;0;456
19;9;"27/02/20";2020;2;27;"8";"object";"crevice";1;0;1;0;0;0;459
19;9;"27/02/20";2020;2;27;"8";"object";"tunnel";1;0;0;0;0;0;460
19;9;"27/02/20";2020;2;27;"8";"object";"tunnel";0;0;1;0;0;0;461
19;9;"27/02/20";2020;2;27;"9";"room";"room";2;0;0;0;0;0;463
19;9;"27/02/20";2020;2;27;"9";"room";"room";1;0;0;0;0;0;463
19;9;"27/02/20";2020;2;27;"9";"object";"brick_large";0;4;0;0;0;0;464
19;9;"27/02/20";2020;2;27;"9";"object";"brick_large";0;4;0;0;0;0;467
19;9;"27/02/20";2020;2;27;"9";"object";"brick_large";0;1;4;0;0;0;468
19;9;"27/02/20";2020;2;27;"9";"object";"brick_large";0;1;0;0;0;0;469
19;9;"27/02/20";2020;2;27;"9";"object";"brick_large";0;2;2;0;0;0;471
19;9;"27/02/20";2020;2;27;"9";"object";"brick_flat";0;0;1;0;0;0;477
19;9;"27/02/20";2020;2;27;"9";"object";"brick_flat";1;0;1;0;0;0;478
19;9;"27/02/20";2020;2;27;"9";"object";"brick_flat";0;0;2;1;0;0;479
19;9;"27/02/20";2020;2;27;"9";"object";"brick_flat";0;0;1;0;0;0;480
19;9;"27/02/20";2020;2;27;"9";"object";"brick_flat";1;0;1;0;0;0;481
19;9;"27/02/20";2020;2;27;"9";"object";"brick_flat";0;0;0;1;0;0;482
19;9;"27/02/20";2020;2;27;"9";"object";"wall";1;0;0;0;0;0;487
19;9;"27/02/20";2020;2;27;"9";"object";"wall";1;0;0;0;0;0;500
19;9;"27/02/20";2020;2;27;"9";"object";"wall";1;0;0;0;0;0;508
19;9;"27/02/20";2020;2;27;"9";"object";"wall";1;0;0;0;0;0;513
19;9;"27/02/20";2020;2;27;"9";"object";"wall";1;0;0;0;0;0;533
19;9;"27/02/20";2020;2;27;"9";"object";"wall";0;0;1;0;0;0;541
19;9;"27/02/20";2020;2;27;"9";"object";"wall";0;0;0;0;1;0;545
19;9;"27/02/20";2020;2;27;"9";"object";"wall";1;0;0;0;0;0;548
19;9;"27/02/20";2020;2;27;"9";"object";"wall";1;0;0;0;0;0;552
19;9;"27/02/20";2020;2;27;"9";"object";"brick_round";1;0;0;0;0;0;560
19;9;"27/02/20";2020;2;27;"9";"object";"brick_round";1;0;0;0;0;0;564
21;1;"03/12/21";2021;12;3;"1";"room";"room";1;1;0;0;0;0;1
21;1;"03/12/21";2021;12;3;"1";"object";"brick_flat";1;0;0;0;0;0;3
21;1;"03/12/21";2021;12;3;"1";"object";"brick_flat";0;1;1;0;0;0;7
21;1;"03/12/21";2021;12;3;"1";"object";"brick_flat";1;0;0;0;0;0;8
21;1;"03/12/21";2021;12;3;"1";"object";"brick_flat";0;0;1;0;0;0;14
21;1;"03/12/21";2021;12;3;"1";"object";"brick_flat";0;1;0;0;0;0;16
21;1;"03/12/21";2021;12;3;"1";"object";"crevice";1;0;0;0;0;0;22
21;1;"03/12/21";2021;12;3;"10";"room";"room";4;1;1;0;0;0;23
21;1;"03/12/21";2021;12;3;"10";"object";"brick_large";0;3;0;0;0;0;28
21;1;"03/12/21";2021;12;3;"10";"object";"tunnel";3;1;0;0;0;0;40
21;1;"03/12/21";2021;12;3;"10";"object";"pile";6;0;0;0;0;0;41
21;1;"03/12/21";2021;12;3;"10";"object";"pile";1;0;0;0;0;0;43
21;1;"03/12/21";2021;12;3;"11";"room";"room";2;0;1;0;0;0;45
21;1;"03/12/21";2021;12;3;"11";"object";"chimney";0;9;0;0;0;0;47
21;1;"03/12/21";2021;12;3;"11";"object";"chimney";0;0;1;0;0;0;51
21;1;"03/12/21";2021;12;3;"11";"object";"tunnel";1;0;0;0;0;0;52
21;1;"03/12/21";2021;12;3;"11";"object";"other";1;0;1;0;0;0;56
21;1;"03/12/21";2021;12;3;"12";"room";"room";4;2;2;0;0;0;59
21;1;"03/12/21";2021;12;3;"12";"object";"wall";1;0;0;0;0;0;64
21;1;"03/12/21";2021;12;3;"12";"object";"wall";1;0;0;0;0;0;66
21;1;"03/12/21";2021;12;3;"12";"object";"wall";1;0;0;0;0;0;70
21;1;"03/12/21";2021;12;3;"12";"object";"wall";0;0;1;0;0;0;79
21;1;"03/12/21";2021;12;3;"12";"object";"brick_flat";1;0;0;0;0;0;97
21;1;"03/12/21";2021;12;3;"12";"object";"pile";3;0;0;0;0;0;98
21;1;"03/12/21";2021;12;3;"12";"object";"room";1;3;0;0;0;0;100
21;1;"03/12/21";2021;12;3;"12";"object";"crevice";1;0;0;0;0;0;101
21;1;"03/12/21";2021;12;3;"2";"room";"room";3;3;5;0;0;0;102
21;1;"03/12/21";2021;12;3;"2";"object";"wall";0;0;1;0;0;0;116
21;1;"03/12/21";2021;12;3;"2";"object";"wall";1;0;0;0;0;0;128
21;1;"03/12/21";2021;12;3;"2";"object";"wall";1;0;0;0;0;0;133
21;1;"03/12/21";2021;12;3;"2";"object";"wall";0;0;1;0;0;0;136
21;1;"03/12/21";2021;12;3;"2";"object";"wall";0;0;1;0;0;0;137
21;1;"03/12/21";2021;12;3;"2";"object";"wall";0;0;1;0;0;0;139
21;1;"03/12/21";2021;12;3;"2";"object";"wall";1;0;0;0;0;0;152
21;1;"03/12/21";2021;12;3;"2";"object";"wall";0;0;1;0;0;0;155
21;1;"03/12/21";2021;12;3;"2";"object";"wall";1;0;0;0;0;0;162
21;1;"03/12/21";2021;12;3;"2";"object";"wall";1;0;0;0;0;0;167
21;1;"03/12/21";2021;12;3;"2";"object";"pile";1;0;0;0;0;0;173
21;1;"03/12/21";2021;12;3;"2";"object";"pile";2;0;0;0;0;0;174
21;1;"03/12/21";2021;12;3;"2";"object";"brick_flat";0;0;1;0;0;0;185
21;1;"03/12/21";2021;12;3;"3";"room";"room";5;1;9;0;1;0;195
21;1;"03/12/21";2021;12;3;"3";"object";"chimney";1;1;0;0;0;0;198
21;1;"03/12/21";2021;12;3;"3";"object";"brick_round";0;0;1;0;0;0;208
21;1;"03/12/21";2021;12;3;"3";"object";"brick_round";1;0;0;0;0;0;214
21;1;"03/12/21";2021;12;3;"3";"object";"wall";0;0;1;0;0;0;225
21;1;"03/12/21";2021;12;3;"3";"object";"wall";1;0;0;0;0;0;229
21;1;"03/12/21";2021;12;3;"3";"object";"wall";1;0;0;0;0;0;230
21;1;"03/12/21";2021;12;3;"3";"object";"wall";0;0;1;0;0;0;248
21;1;"03/12/21";2021;12;3;"3";"object";"room";1;0;0;0;0;0;253
21;1;"03/12/21";2021;12;3;"4";"room";"room";12;1;6;0;0;0;259
21;1;"03/12/21";2021;12;3;"4";"object";"other";0;0;1;0;0;0;260
21;1;"03/12/21";2021;12;3;"4";"object";"other";2;0;0;0;0;0;262
21;1;"03/12/21";2021;12;3;"4";"object";"crevice";1;0;0;0;0;0;263
21;1;"03/12/21";2021;12;3;"4";"object";"brick_flat";0;0;1;0;0;0;274
21;1;"03/12/21";2021;12;3;"4";"object";"other";1;0;1;0;0;0;280
21;1;"03/12/21";2021;12;3;"4";"object";"brick_flat";0;1;0;0;0;0;287
21;1;"03/12/21";2021;12;3;"4";"object";"brick_flat";0;0;1;0;0;0;295
21;1;"03/12/21";2021;12;3;"4";"object";"brick_flat";1;0;0;0;0;0;296
21;1;"03/12/21";2021;12;3;"5";"room";"room";6;1;2;1;0;0;298
21;1;"03/12/21";2021;12;3;"5";"room";"room";1;0;0;0;0;0;298
21;1;"03/12/21";2021;12;3;"5";"object";"chimney";0;1;0;0;0;0;332
21;1;"03/12/21";2021;12;3;"5";"object";"room";0;0;1;0;0;0;333
21;1;"03/12/21";2021;12;3;"5";"object";"brick_flat";0;0;1;0;0;0;338
21;1;"03/12/21";2021;12;3;"6";"room";"room";4;0;0;0;0;0;347
21;1;"03/12/21";2021;12;3;"6";"object";"brick_flat";0;0;1;0;0;0;350
21;1;"03/12/21";2021;12;3;"6";"object";"brick_large";0;1;0;0;0;0;357
21;1;"03/12/21";2021;12;3;"6";"object";"brick_large";0;0;1;0;0;0;361
21;1;"03/12/21";2021;12;3;"6";"object";"chimney";1;1;0;0;0;0;367
21;1;"03/12/21";2021;12;3;"6";"object";"brick_flat";0;0;1;0;0;0;369
21;1;"03/12/21";2021;12;3;"6";"object";"crevice";2;0;0;0;0;0;380
21;1;"03/12/21";2021;12;3;"6";"object";"crevice";1;0;0;0;0;0;384
21;1;"03/12/21";2021;12;3;"6";"object";"crevice";1;0;0;0;0;0;386
21;1;"03/12/21";2021;12;3;"7";"room";"room";2;0;0;0;0;0;395
21;1;"03/12/21";2021;12;3;"7";"room";"room";4;0;0;0;0;0;395
21;1;"03/12/21";2021;12;3;"7";"object";"brick_large";0;0;0;0;1;0;403
21;1;"03/12/21";2021;12;3;"7";"object";"brick_flat";0;0;1;0;0;0;415
21;1;"03/12/21";2021;12;3;"7";"object";"brick_flat";0;0;1;0;0;0;417
21;1;"03/12/21";2021;12;3;"7";"object";"wall";0;0;1;0;0;0;424
21;1;"03/12/21";2021;12;3;"7";"object";"wall";1;0;0;0;0;0;426
21;1;"03/12/21";2021;12;3;"7";"object";"wall";0;0;1;0;0;0;427
21;1;"03/12/21";2021;12;3;"7";"object";"wall";1;0;0;0;0;0;431
21;1;"03/12/21";2021;12;3;"7";"object";"wall";0;0;0;0;1;0;434
21;1;"03/12/21";2021;12;3;"7";"object";"wall";0;0;1;0;0;0;439
21;1;"03/12/21";2021;12;3;"8";"room";"room";2;0;0;0;0;0;442
21;1;"03/12/21";2021;12;3;"8";"object";"chimney";0;1;0;0;0;0;454
21;1;"03/12/21";2021;12;3;"8";"object";"tunnel";0;2;1;0;1;0;458
21;1;"03/12/21";2021;12;3;"9";"room";"room";3;0;2;0;0;0;463
21;1;"03/12/21";2021;12;3;"9";"object";"brick_large";0;1;0;0;0;0;468
21;1;"03/12/21";2021;12;3;"9";"object";"brick_large";0;1;0;0;0;0;472
21;1;"03/12/21";2021;12;3;"9";"object";"wall";1;0;0;0;0;0;484
21;1;"03/12/21";2021;12;3;"9";"object";"wall";1;0;0;0;0;0;488
21;1;"03/12/21";2021;12;3;"9";"object";"wall";0;0;1;0;0;0;490
21;1;"03/12/21";2021;12;3;"9";"object";"wall";0;0;1;0;0;0;491
21;1;"03/12/21";2021;12;3;"9";"object";"wall";1;0;0;0;0;0;494
21;1;"03/12/21";2021;12;3;"9";"object";"wall";1;0;0;0;0;0;495
21;1;"03/12/21";2021;12;3;"9";"object";"wall";1;0;0;0;0;0;499
21;1;"03/12/21";2021;12;3;"9";"object";"wall";1;0;0;0;0;0;503
21;1;"03/12/21";2021;12;3;"9";"object";"wall";0;0;1;0;0;0;509
21;1;"03/12/21";2021;12;3;"9";"object";"wall";1;0;0;0;0;0;515
21;1;"03/12/21";2021;12;3;"9";"object";"wall";1;0;0;0;0;0;516
21;1;"03/12/21";2021;12;3;"9";"object";"wall";1;0;0;0;0;0;521
21;1;"03/12/21";2021;12;3;"9";"object";"wall";0;0;1;0;0;0;522
21;1;"03/12/21";2021;12;3;"9";"object";"wall";1;0;0;0;0;0;537
21;1;"03/12/21";2021;12;3;"9";"object";"wall";0;0;1;0;0;0;541
21;1;"03/12/21";2021;12;3;"9";"object";"wall";0;0;1;0;0;0;542
21;1;"03/12/21";2021;12;3;"9";"object";"wall";0;0;1;0;0;0;547
21;1;"03/12/21";2021;12;3;"9";"object";"wall";0;0;1;0;0;0;548
21;1;"03/12/21";2021;12;3;"9";"object";"wall";0;0;1;0;0;0;549
21;1;"03/12/21";2021;12;3;"9";"object";"wall";0;0;1;0;0;0;552
21;10;"20/04/22";2022;4;20;"10";"object";"brick_large";0;1;0;0;0;0;27
21;10;"20/04/22";2022;4;20;"10";"object";"brick_large";0;2;0;0;0;0;34
21;10;"20/04/22";2022;4;20;"11";"object";"chimney";0;1;0;0;0;0;47
21;10;"20/04/22";2022;4;20;"11";"object";"chimney";0;1;0;0;0;0;51
21;10;"20/04/22";2022;4;20;"12";"room";"room";0;1;0;0;0;0;59
21;10;"20/04/22";2022;4;20;"12";"object";"room";1;0;0;0;0;0;100
21;10;"20/04/22";2022;4;20;"6";"object";"brick_large";0;1;0;0;0;0;357
21;10;"20/04/22";2022;4;20;"6";"object";"brick_large";0;1;0;0;0;0;363
21;10;"20/04/22";2022;4;20;"8";"object";"brick_large";0;1;0;0;0;0;448
21;10;"20/04/22";2022;4;20;"9";"object";"brick_large";0;1;0;0;0;0;468
21;10;"20/04/22";2022;4;20;"9";"object";"brick_large";0;1;0;0;0;0;472
21;10;"20/04/22";2022;4;20;"9";"object";"brick_large";0;1;0;0;0;0;474
21;2;"16/12/21";2021;12;16;"1";"object";"brick_flat";0;1;0;0;0;0;7
21;2;"16/12/21";2021;12;16;"1";"object";"brick_flat";1;0;1;0;0;0;8
21;2;"16/12/21";2021;12;16;"10";"room";"room";4;2;0;0;0;0;23
21;2;"16/12/21";2021;12;16;"10";"object";"brick_large";0;3;0;0;0;0;25
21;2;"16/12/21";2021;12;16;"10";"object";"brick_large";0;1;1;0;0;0;27
21;2;"16/12/21";2021;12;16;"10";"object";"brick_large";0;1;0;0;0;0;28
21;2;"16/12/21";2021;12;16;"10";"object";"pile";3;0;1;0;0;0;29
21;2;"16/12/21";2021;12;16;"10";"object";"brick_large";0;2;0;0;0;0;34
21;2;"16/12/21";2021;12;16;"10";"object";"tunnel";4;0;0;0;0;0;40
21;2;"16/12/21";2021;12;16;"10";"object";"pile";5;0;0;0;0;0;41
21;2;"16/12/21";2021;12;16;"10";"object";"pile";2;0;0;0;0;0;43
21;2;"16/12/21";2021;12;16;"11";"room";"room";1;0;0;0;0;0;45
21;2;"16/12/21";2021;12;16;"11";"room";"room";2;1;3;0;0;0;45
21;2;"16/12/21";2021;12;16;"11";"object";"chimney";0;6;0;0;0;0;47
21;2;"16/12/21";2021;12;16;"11";"object";"chimney";0;0;2;0;0;0;51
21;2;"16/12/21";2021;12;16;"11";"object";"tunnel";1;0;0;0;0;0;52
21;2;"16/12/21";2021;12;16;"11";"object";"other";0;0;1;0;0;0;57
21;2;"16/12/21";2021;12;16;"12";"room";"room";5;1;2;0;0;0;59
21;2;"16/12/21";2021;12;16;"12";"object";"wall";1;0;0;0;0;0;65
21;2;"16/12/21";2021;12;16;"12";"object";"wall";2;0;0;0;0;0;70
21;2;"16/12/21";2021;12;16;"12";"object";"wall";1;0;0;0;0;0;75
21;2;"16/12/21";2021;12;16;"12";"object";"wall";1;0;0;0;0;0;78
21;2;"16/12/21";2021;12;16;"12";"object";"brick_flat";0;0;1;0;0;0;87
21;2;"16/12/21";2021;12;16;"12";"object";"brick_flat";1;0;0;0;0;0;97
21;2;"16/12/21";2021;12;16;"12";"object";"pile";3;0;0;0;0;0;98
21;2;"16/12/21";2021;12;16;"12";"object";"pile";1;0;0;0;0;0;99
21;2;"16/12/21";2021;12;16;"12";"object";"room";2;2;0;0;0;0;100
21;2;"16/12/21";2021;12;16;"12";"object";"crevice";1;0;2;0;0;0;101
21;2;"16/12/21";2021;12;16;"2";"room";"room";5;3;6;0;1;0;102
21;2;"16/12/21";2021;12;16;"2";"object";"wall";1;0;0;0;0;0;128
21;2;"16/12/21";2021;12;16;"2";"object";"wall";1;0;0;0;0;0;133
21;2;"16/12/21";2021;12;16;"2";"object";"wall";1;0;0;0;0;0;135
21;2;"16/12/21";2021;12;16;"2";"object";"wall";0;0;1;0;0;0;136
21;2;"16/12/21";2021;12;16;"2";"object";"wall";1;0;0;0;0;0;152
21;2;"16/12/21";2021;12;16;"2";"object";"wall";1;0;0;0;0;0;160
21;2;"16/12/21";2021;12;16;"2";"object";"wall";1;0;0;0;0;0;161
21;2;"16/12/21";2021;12;16;"2";"object";"wall";1;0;0;0;0;0;167
21;2;"16/12/21";2021;12;16;"2";"object";"pile";5;0;0;0;0;0;173
21;2;"16/12/21";2021;12;16;"2";"object";"brick_flat";0;1;0;0;0;0;188
21;2;"16/12/21";2021;12;16;"2";"object";"brick_flat";0;0;1;0;0;0;191
21;2;"16/12/21";2021;12;16;"3";"room";"room";8;2;7;0;1;0;195
21;2;"16/12/21";2021;12;16;"3";"object";"chimney";1;1;0;0;0;0;198
21;2;"16/12/21";2021;12;16;"3";"object";"brick_flat";0;0;1;0;0;0;205
21;2;"16/12/21";2021;12;16;"3";"object";"wall";0;0;1;0;0;0;225
21;2;"16/12/21";2021;12;16;"4";"room";"room";11;1;0;6;0;0;259
21;2;"16/12/21";2021;12;16;"4";"object";"other";1;0;1;0;0;0;260
21;2;"16/12/21";2021;12;16;"4";"object";"other";0;0;1;0;0;0;262
21;2;"16/12/21";2021;12;16;"4";"object";"crevice";2;2;0;0;0;0;263
21;2;"16/12/21";2021;12;16;"4";"object";"other";0;0;1;0;0;0;280
21;2;"16/12/21";2021;12;16;"4";"object";"other";1;0;0;0;0;0;282
21;2;"16/12/21";2021;12;16;"4";"object";"brick_flat";0;1;0;0;0;0;286
21;2;"16/12/21";2021;12;16;"5";"room";"room";1;0;0;0;0;0;298
21;2;"16/12/21";2021;12;16;"5";"room";"room";9;1;4;2;2;0;298
21;2;"16/12/21";2021;12;16;"5";"object";"other";0;0;1;0;0;0;305
21;2;"16/12/21";2021;12;16;"5";"object";"chimney";0;1;0;0;0;0;332
21;2;"16/12/21";2021;12;16;"5";"object";"room";1;0;1;0;0;0;333
21;2;"16/12/21";2021;12;16;"5";"object";"brick_flat";1;0;1;0;0;0;342
21;2;"16/12/21";2021;12;16;"5";"object";"brick_flat";0;0;1;0;0;0;346
21;2;"16/12/21";2021;12;16;"6";"room";"room";1;0;0;0;0;0;347
21;2;"16/12/21";2021;12;16;"6";"object";"brick_flat";0;0;1;0;0;0;349
21;2;"16/12/21";2021;12;16;"6";"object";"brick_large";0;1;0;0;0;0;357
21;2;"16/12/21";2021;12;16;"6";"object";"brick_large";0;0;1;0;0;0;364
21;2;"16/12/21";2021;12;16;"6";"object";"chimney";0;1;1;0;0;0;367
21;2;"16/12/21";2021;12;16;"6";"object";"crevice";2;0;0;0;0;0;380
21;2;"16/12/21";2021;12;16;"6";"object";"crevice";1;0;0;0;0;0;384
21;2;"16/12/21";2021;12;16;"7";"room";"room";1;0;0;0;0;0;395
21;2;"16/12/21";2021;12;16;"7";"room";"room";1;0;0;0;0;0;395
21;2;"16/12/21";2021;12;16;"7";"room";"room";3;0;0;0;0;0;395
21;2;"16/12/21";2021;12;16;"7";"object";"brick_large";2;0;0;0;0;0;401
21;2;"16/12/21";2021;12;16;"7";"object";"brick_flat";0;0;1;0;0;0;409
21;2;"16/12/21";2021;12;16;"7";"object";"brick_flat";0;0;1;0;0;0;414
21;2;"16/12/21";2021;12;16;"7";"object";"brick_flat";0;0;1;0;0;0;417
21;2;"16/12/21";2021;12;16;"7";"object";"wall";1;0;0;0;0;0;422
21;2;"16/12/21";2021;12;16;"7";"object";"wall";1;0;0;0;0;0;426
21;2;"16/12/21";2021;12;16;"7";"object";"wall";1;0;0;0;0;0;430
21;2;"16/12/21";2021;12;16;"7";"object";"wall";0;0;1;0;0;0;431
21;2;"16/12/21";2021;12;16;"7";"object";"wall";0;0;0;0;1;0;434
21;2;"16/12/21";2021;12;16;"7";"object";"wall";0;0;1;0;0;0;439
21;2;"16/12/21";2021;12;16;"8";"room";"room";4;0;2;0;0;0;442
21;2;"16/12/21";2021;12;16;"8";"object";"chimney";0;1;0;0;0;0;454
21;2;"16/12/21";2021;12;16;"8";"object";"brick_flat";0;0;1;0;0;0;456
21;2;"16/12/21";2021;12;16;"8";"object";"tunnel";2;2;1;0;1;0;458
21;2;"16/12/21";2021;12;16;"8";"object";"crevice";0;0;1;0;0;0;459
21;2;"16/12/21";2021;12;16;"8";"object";"room";4;0;0;0;0;0;462
21;2;"16/12/21";2021;12;16;"9";"room";"room";6;0;1;0;0;0;463
21;2;"16/12/21";2021;12;16;"9";"object";"brick_large";0;1;0;0;0;0;472
21;2;"16/12/21";2021;12;16;"9";"object";"wall";0;0;1;0;0;0;486
21;2;"16/12/21";2021;12;16;"9";"object";"wall";1;0;0;0;0;0;498
21;2;"16/12/21";2021;12;16;"9";"object";"wall";1;0;0;0;0;0;505
21;2;"16/12/21";2021;12;16;"9";"object";"wall";0;0;1;0;0;0;513
21;2;"16/12/21";2021;12;16;"9";"object";"wall";1;0;0;0;0;0;515
21;2;"16/12/21";2021;12;16;"9";"object";"wall";1;0;0;0;0;0;516
21;2;"16/12/21";2021;12;16;"9";"object";"wall";1;0;0;0;0;0;519
21;2;"16/12/21";2021;12;16;"9";"object";"wall";1;0;0;0;0;0;521
21;2;"16/12/21";2021;12;16;"9";"object";"wall";0;0;1;0;0;0;523
21;2;"16/12/21";2021;12;16;"9";"object";"wall";0;0;1;0;0;0;537
21;2;"16/12/21";2021;12;16;"9";"object";"wall";1;0;0;0;0;0;541
21;2;"16/12/21";2021;12;16;"9";"object";"wall";0;0;1;0;0;0;548
21;2;"16/12/21";2021;12;16;"9";"object";"wall";0;0;1;0;0;0;549
21;2;"16/12/21";2021;12;16;"9";"object";"wall";1;0;0;0;0;0;553
21;3;"08/01/22";2022;1;8;"1";"room";"room";0;1;1;0;0;0;1
21;3;"08/01/22";2022;1;8;"1";"object";"brick_flat";0;0;1;0;0;0;4
21;3;"08/01/22";2022;1;8;"1";"object";"brick_flat";0;0;1;0;0;0;6
21;3;"08/01/22";2022;1;8;"1";"object";"brick_flat";0;0;1;0;0;0;7
21;3;"08/01/22";2022;1;8;"1";"object";"brick_flat";1;0;0;0;0;0;8
21;3;"08/01/22";2022;1;8;"1";"object";"brick_flat";0;0;1;0;0;0;14
21;3;"08/01/22";2022;1;8;"1";"object";"crevice";0;0;1;0;0;0;22
21;3;"08/01/22";2022;1;8;"10";"room";"room";5;1;1;0;0;0;23
21;3;"08/01/22";2022;1;8;"10";"object";"brick_large";0;5;0;0;0;0;25
21;3;"08/01/22";2022;1;8;"10";"object";"brick_large";0;3;0;0;0;0;27
21;3;"08/01/22";2022;1;8;"10";"object";"pile";0;0;1;0;0;0;29
21;3;"08/01/22";2022;1;8;"10";"object";"brick_large";0;6;0;0;0;0;34
21;3;"08/01/22";2022;1;8;"10";"object";"brick_flat";1;0;0;0;0;0;38
21;3;"08/01/22";2022;1;8;"10";"object";"tunnel";5;0;0;0;0;0;40
21;3;"08/01/22";2022;1;8;"10";"object";"pile";5;0;0;0;0;0;41
21;3;"08/01/22";2022;1;8;"11";"room";"room";2;0;1;0;1;0;45
21;3;"08/01/22";2022;1;8;"11";"object";"chimney";0;1;0;0;0;0;47
21;3;"08/01/22";2022;1;8;"11";"object";"chimney";0;2;1;0;0;0;51
21;3;"08/01/22";2022;1;8;"11";"object";"other";0;0;1;0;0;0;56
21;3;"08/01/22";2022;1;8;"11";"object";"other";0;0;1;0;0;0;57
21;3;"08/01/22";2022;1;8;"12";"room";"room";4;0;2;0;0;0;59
21;3;"08/01/22";2022;1;8;"12";"object";"wall";0;0;1;0;0;0;65
21;3;"08/01/22";2022;1;8;"12";"object";"wall";1;0;0;0;0;0;75
21;3;"08/01/22";2022;1;8;"12";"object";"brick_flat";0;0;1;0;0;0;87
21;3;"08/01/22";2022;1;8;"12";"object";"pile";2;0;0;0;0;0;98
21;3;"08/01/22";2022;1;8;"12";"object";"room";1;2;0;0;0;0;100
21;3;"08/01/22";2022;1;8;"2";"room";"room";5;4;7;0;1;0;102
21;3;"08/01/22";2022;1;8;"2";"object";"wall";0;0;1;0;0;0;113
21;3;"08/01/22";2022;1;8;"2";"object";"wall";1;0;0;0;0;0;114
21;3;"08/01/22";2022;1;8;"2";"object";"wall";0;0;1;0;0;0;116
21;3;"08/01/22";2022;1;8;"2";"object";"wall";0;0;1;0;0;0;118
21;3;"08/01/22";2022;1;8;"2";"object";"wall";0;0;1;0;0;0;122
21;3;"08/01/22";2022;1;8;"2";"object";"wall";0;0;1;0;0;0;124
21;3;"08/01/22";2022;1;8;"2";"object";"wall";0;0;1;0;0;0;134
21;3;"08/01/22";2022;1;8;"2";"object";"wall";0;0;1;0;0;0;137
21;3;"08/01/22";2022;1;8;"2";"object";"wall";0;0;1;0;0;0;139
21;3;"08/01/22";2022;1;8;"2";"object";"wall";1;0;0;0;0;0;154
21;3;"08/01/22";2022;1;8;"2";"object";"wall";0;0;1;0;0;0;156
21;3;"08/01/22";2022;1;8;"2";"object";"wall";1;0;0;0;0;0;168
21;3;"08/01/22";2022;1;8;"2";"object";"brick_flat";1;0;0;0;0;0;178
21;3;"08/01/22";2022;1;8;"2";"object";"brick_flat";0;0;1;0;0;0;185
21;3;"08/01/22";2022;1;8;"3";"room";"room";6;4;17;0;0;0;195
21;3;"08/01/22";2022;1;8;"3";"object";"chimney";0;3;0;0;0;0;198
21;3;"08/01/22";2022;1;8;"3";"object";"brick_round";1;0;0;0;0;0;214
21;3;"08/01/22";2022;1;8;"3";"object";"wall";0;0;1;0;0;0;217
21;3;"08/01/22";2022;1;8;"3";"object";"wall";0;0;1;0;0;0;227
21;3;"08/01/22";2022;1;8;"3";"object";"wall";0;0;1;0;0;0;243
21;3;"08/01/22";2022;1;8;"3";"object";"wall";1;0;0;0;0;0;244
21;3;"08/01/22";2022;1;8;"3";"object";"wall";0;0;1;0;0;0;251
21;3;"08/01/22";2022;1;8;"3";"object";"brick_flat";0;0;1;0;0;0;207
21;3;"08/01/22";2022;1;8;"4";"room";"room";6;1;11;2;0;0;259
21;3;"08/01/22";2022;1;8;"4";"object";"other";0;0;1;0;0;0;279
21;3;"08/01/22";2022;1;8;"4";"object";"brick_flat";1;0;0;0;0;0;283
21;3;"08/01/22";2022;1;8;"4";"object";"brick_flat";0;1;0;0;0;0;284
21;3;"08/01/22";2022;1;8;"4";"object";"brick_flat";0;1;0;0;0;0;287
21;3;"08/01/22";2022;1;8;"4";"object";"brick_flat";0;0;1;0;0;0;295
21;3;"08/01/22";2022;1;8;"5";"room";"room";4;2;6;1;2;0;298
21;3;"08/01/22";2022;1;8;"5";"object";"other";0;0;1;0;0;0;305
21;3;"08/01/22";2022;1;8;"5";"object";"brick_flat";0;1;0;0;0;0;327
21;3;"08/01/22";2022;1;8;"5";"object";"room";0;0;2;0;0;0;333
21;3;"08/01/22";2022;1;8;"5";"object";"brick_flat";0;0;2;0;0;0;340
21;3;"08/01/22";2022;1;8;"6";"room";"room";3;0;1;0;0;0;347
21;3;"08/01/22";2022;1;8;"6";"object";"brick_large";0;1;0;0;0;0;357
21;3;"08/01/22";2022;1;8;"6";"object";"chimney";1;1;1;0;0;0;367
21;3;"08/01/22";2022;1;8;"6";"object";"brick_flat";0;0;1;0;0;0;369
21;3;"08/01/22";2022;1;8;"6";"object";"brick_flat";0;0;1;0;0;0;372
21;3;"08/01/22";2022;1;8;"6";"object";"brick_flat";0;0;1;0;0;0;374
21;3;"08/01/22";2022;1;8;"6";"object";"brick_flat";0;0;1;0;0;0;375
21;3;"08/01/22";2022;1;8;"6";"object";"crevice";3;0;0;0;0;0;380
21;3;"08/01/22";2022;1;8;"6";"object";"brick_flat";1;0;0;0;0;0;392
21;3;"08/01/22";2022;1;8;"7";"room";"room";7;0;0;1;0;0;395
21;3;"08/01/22";2022;1;8;"7";"object";"brick_large";0;0;2;0;0;0;402
21;3;"08/01/22";2022;1;8;"7";"object";"brick_flat";0;0;1;0;0;0;409
21;3;"08/01/22";2022;1;8;"7";"object";"brick_flat";0;0;3;0;0;0;414
21;3;"08/01/22";2022;1;8;"7";"object";"brick_flat";0;0;1;0;0;0;416
21;3;"08/01/22";2022;1;8;"7";"object";"wall";0;0;1;0;0;0;431
21;3;"08/01/22";2022;1;8;"7";"object";"wall";0;0;1;0;0;0;432
21;3;"08/01/22";2022;1;8;"7";"object";"wall";0;0;0;0;1;0;434
21;3;"08/01/22";2022;1;8;"8";"room";"room";3;0;0;0;0;0;442
21;3;"08/01/22";2022;1;8;"8";"object";"chimney";1;0;0;0;0;0;454
21;3;"08/01/22";2022;1;8;"8";"object";"tunnel";1;2;4;0;1;0;458
21;3;"08/01/22";2022;1;8;"8";"object";"room";2;0;2;0;0;0;462
21;3;"08/01/22";2022;1;8;"9";"room";"room";5;0;1;0;0;0;463
21;3;"08/01/22";2022;1;8;"9";"object";"brick_large";0;0;0;0;1;0;472
21;3;"08/01/22";2022;1;8;"9";"object";"brick_large";0;0;1;0;0;0;473
21;3;"08/01/22";2022;1;8;"9";"object";"brick_flat";0;0;1;0;0;0;482
21;3;"08/01/22";2022;1;8;"9";"object";"wall";0;0;1;0;0;0;486
21;3;"08/01/22";2022;1;8;"9";"object";"wall";1;0;0;0;0;0;489
21;3;"08/01/22";2022;1;8;"9";"object";"wall";0;0;1;0;0;0;490
21;3;"08/01/22";2022;1;8;"9";"object";"wall";1;0;0;0;0;0;509
21;3;"08/01/22";2022;1;8;"9";"object";"wall";0;0;1;0;0;0;510
21;3;"08/01/22";2022;1;8;"9";"object";"wall";2;0;0;0;0;0;513
21;3;"08/01/22";2022;1;8;"9";"object";"wall";1;0;0;0;0;0;515
21;3;"08/01/22";2022;1;8;"9";"object";"wall";1;0;0;0;0;0;517
21;3;"08/01/22";2022;1;8;"9";"object";"wall";0;0;1;0;0;0;522
21;3;"08/01/22";2022;1;8;"9";"object";"wall";1;0;0;0;0;0;525
21;3;"08/01/22";2022;1;8;"9";"object";"wall";0;0;1;0;0;0;530
21;3;"08/01/22";2022;1;8;"9";"object";"wall";0;0;1;0;0;0;531
21;3;"08/01/22";2022;1;8;"9";"object";"wall";0;0;1;0;0;0;533
21;3;"08/01/22";2022;1;8;"9";"object";"wall";0;0;1;0;0;0;538
21;3;"08/01/22";2022;1;8;"9";"object";"wall";0;0;1;0;0;0;541
21;3;"08/01/22";2022;1;8;"9";"object";"wall";0;0;1;0;0;0;542
21;3;"08/01/22";2022;1;8;"9";"object";"wall";1;0;0;0;0;0;551
21;3;"08/01/22";2022;1;8;"9";"object";"wall";1;0;0;0;0;0;554
21;3;"08/01/22";2022;1;8;"9";"object";"crevice";1;0;0;0;0;0;557
21;4;"25/01/22";2022;1;25;"1";"room";"room";0;1;0;0;0;0;1
21;4;"25/01/22";2022;1;25;"1";"room";"room";0;0;1;0;0;0;1
21;4;"25/01/22";2022;1;25;"1";"object";"brick_flat";0;0;1;0;0;0;5
21;4;"25/01/22";2022;1;25;"1";"object";"brick_flat";1;0;1;0;0;0;7
21;4;"25/01/22";2022;1;25;"1";"object";"brick_flat";0;0;1;0;0;0;8
21;4;"25/01/22";2022;1;25;"1";"object";"crevice";1;0;1;0;0;0;22
21;4;"25/01/22";2022;1;25;"10";"room";"room";8;1;0;0;0;0;23
21;4;"25/01/22";2022;1;25;"10";"object";"brick_large";0;4;0;0;0;0;25
21;4;"25/01/22";2022;1;25;"10";"object";"brick_large";0;2;0;0;0;0;27
21;4;"25/01/22";2022;1;25;"10";"object";"brick_large";0;2;3;0;0;0;28
21;4;"25/01/22";2022;1;25;"10";"object";"pile";0;0;2;0;0;0;29
21;4;"25/01/22";2022;1;25;"10";"object";"chimney";1;0;0;0;0;0;30
21;4;"25/01/22";2022;1;25;"10";"object";"brick_large";0;2;0;0;0;0;33
21;4;"25/01/22";2022;1;25;"10";"object";"brick_large";0;3;0;0;0;0;34
21;4;"25/01/22";2022;1;25;"10";"object";"brick_flat";1;0;1;0;0;0;38
21;4;"25/01/22";2022;1;25;"10";"object";"tunnel";1;0;0;0;0;0;40
21;4;"25/01/22";2022;1;25;"10";"object";"pile";1;0;0;0;0;0;41
21;4;"25/01/22";2022;1;25;"11";"room";"room";2;0;4;0;1;0;45
21;4;"25/01/22";2022;1;25;"11";"object";"chimney";0;2;0;0;0;0;47
21;4;"25/01/22";2022;1;25;"11";"object";"chimney";0;0;1;0;0;0;51
21;4;"25/01/22";2022;1;25;"11";"object";"other";0;0;1;0;0;0;57
21;4;"25/01/22";2022;1;25;"11";"object";"other";0;0;1;0;0;0;58
21;4;"25/01/22";2022;1;25;"12";"room";"room";7;2;2;0;0;0;59
21;4;"25/01/22";2022;1;25;"12";"object";"wall";1;0;0;0;0;0;65
21;4;"25/01/22";2022;1;25;"12";"object";"wall";1;0;0;0;0;0;75
21;4;"25/01/22";2022;1;25;"12";"object";"pile";2;0;0;0;0;0;98
21;4;"25/01/22";2022;1;25;"2";"room";"room";7;4;9;1;0;0;102
21;4;"25/01/22";2022;1;25;"2";"object";"wall";0;0;1;0;0;0;113
21;4;"25/01/22";2022;1;25;"2";"object";"wall";0;0;1;0;0;0;116
21;4;"25/01/22";2022;1;25;"2";"object";"wall";0;0;1;0;0;0;134
21;4;"25/01/22";2022;1;25;"2";"object";"wall";0;0;1;0;0;0;137
21;4;"25/01/22";2022;1;25;"2";"object";"wall";0;0;1;0;0;0;138
21;4;"25/01/22";2022;1;25;"2";"object";"wall";0;0;1;0;0;0;139
21;4;"25/01/22";2022;1;25;"2";"object";"wall";0;0;1;0;0;0;146
21;4;"25/01/22";2022;1;25;"2";"object";"wall";1;0;0;0;0;0;154
21;4;"25/01/22";2022;1;25;"2";"object";"wall";1;0;0;0;0;0;168
21;4;"25/01/22";2022;1;25;"2";"object";"pile";1;0;0;0;0;0;173
21;4;"25/01/22";2022;1;25;"3";"room";"room";0;1;0;0;0;0;195
21;4;"25/01/22";2022;1;25;"3";"room";"room";10;5;15;0;0;0;195
21;4;"25/01/22";2022;1;25;"3";"object";"chimney";1;3;0;0;0;0;198
21;4;"25/01/22";2022;1;25;"3";"object";"brick_flat";0;0;1;0;0;0;205
21;4;"25/01/22";2022;1;25;"3";"object";"brick_round";1;0;0;0;0;0;214
21;4;"25/01/22";2022;1;25;"3";"object";"wall";1;0;0;0;0;0;252
21;4;"25/01/22";2022;1;25;"4";"room";"room";15;0;14;1;1;0;259
21;4;"25/01/22";2022;1;25;"4";"object";"brick_flat";0;0;1;0;0;0;268
21;4;"25/01/22";2022;1;25;"4";"object";"brick_flat";0;0;1;0;0;0;271
21;4;"25/01/22";2022;1;25;"4";"object";"brick_flat";0;0;1;0;0;0;295
21;4;"25/01/22";2022;1;25;"5";"room";"room";3;1;2;1;0;0;298
21;4;"25/01/22";2022;1;25;"5";"object";"other";0;0;1;0;0;0;305
21;4;"25/01/22";2022;1;25;"5";"object";"brick_flat";0;0;1;0;0;0;316
21;4;"25/01/22";2022;1;25;"5";"object";"brick_flat";1;0;0;0;0;0;328
21;4;"25/01/22";2022;1;25;"5";"object";"chimney";0;3;0;0;0;0;332
21;4;"25/01/22";2022;1;25;"5";"object";"room";0;0;1;0;0;0;333
21;4;"25/01/22";2022;1;25;"5";"object";"brick_flat";1;0;0;0;0;0;346
21;4;"25/01/22";2022;1;25;"6";"room";"room";3;0;2;0;0;0;347
21;4;"25/01/22";2022;1;25;"6";"object";"brick_large";0;0;0;0;1;0;364
21;4;"25/01/22";2022;1;25;"6";"object";"chimney";1;3;1;0;0;0;367
21;4;"25/01/22";2022;1;25;"6";"object";"brick_flat";0;0;1;0;0;0;369
21;4;"25/01/22";2022;1;25;"6";"object";"brick_flat";0;0;1;0;0;0;370
21;4;"25/01/22";2022;1;25;"6";"object";"brick_flat";0;0;1;0;0;0;374
21;4;"25/01/22";2022;1;25;"6";"object";"brick_flat";0;0;1;0;0;0;375
21;4;"25/01/22";2022;1;25;"6";"object";"chimney";0;0;1;0;0;0;379
21;4;"25/01/22";2022;1;25;"6";"object";"crevice";1;0;0;0;0;0;380
21;4;"25/01/22";2022;1;25;"6";"object";"crevice";1;0;0;0;0;0;387
21;4;"25/01/22";2022;1;25;"6";"object";"brick_flat";1;0;0;0;0;0;392
21;4;"25/01/22";2022;1;25;"7";"room";"room";8;0;0;0;0;0;395
21;4;"25/01/22";2022;1;25;"7";"object";"brick_large";0;0;3;0;0;0;402
21;4;"25/01/22";2022;1;25;"7";"object";"brick_flat";0;0;1;0;0;0;409
21;4;"25/01/22";2022;1;25;"7";"object";"brick_flat";0;0;2;0;0;0;414
21;4;"25/01/22";2022;1;25;"7";"object";"brick_flat";0;0;1;0;0;0;415
21;4;"25/01/22";2022;1;25;"7";"object";"brick_flat";0;0;1;0;0;0;416
21;4;"25/01/22";2022;1;25;"7";"object";"wall";0;0;1;0;0;0;419
21;4;"25/01/22";2022;1;25;"7";"object";"wall";0;0;1;0;0;0;431
21;4;"25/01/22";2022;1;25;"7";"object";"wall";0;0;0;0;1;0;434
21;4;"25/01/22";2022;1;25;"8";"room";"room";4;0;0;0;0;0;442
21;4;"25/01/22";2022;1;25;"8";"object";"chimney";1;0;0;0;0;0;454
21;4;"25/01/22";2022;1;25;"8";"object";"tunnel";1;1;3;0;0;0;458
21;4;"25/01/22";2022;1;25;"8";"object";"tunnel";1;0;0;0;0;0;460
21;4;"25/01/22";2022;1;25;"8";"object";"room";2;0;2;0;0;0;462
21;4;"25/01/22";2022;1;25;"9";"room";"room";5;0;1;0;0;0;463
21;4;"25/01/22";2022;1;25;"9";"object";"brick_large";0;2;0;0;0;0;464
21;4;"25/01/22";2022;1;25;"9";"object";"brick_large";0;1;1;0;0;0;474
21;4;"25/01/22";2022;1;25;"9";"object";"room";0;0;1;0;0;0;476
21;4;"25/01/22";2022;1;25;"9";"object";"brick_flat";0;0;1;0;0;0;477
21;4;"25/01/22";2022;1;25;"9";"object";"brick_flat";0;0;1;0;0;0;480
21;4;"25/01/22";2022;1;25;"9";"object";"brick_flat";1;0;1;0;0;0;482
21;4;"25/01/22";2022;1;25;"9";"object";"wall";0;0;1;0;0;0;486
21;4;"25/01/22";2022;1;25;"9";"object";"wall";0;0;1;0;0;0;487
21;4;"25/01/22";2022;1;25;"9";"object";"wall";1;0;0;0;0;0;489
21;4;"25/01/22";2022;1;25;"9";"object";"wall";0;0;1;0;0;0;490
21;4;"25/01/22";2022;1;25;"9";"object";"wall";1;0;0;0;0;0;498
21;4;"25/01/22";2022;1;25;"9";"object";"wall";0;0;1;0;0;0;508
21;4;"25/01/22";2022;1;25;"9";"object";"wall";0;0;1;0;0;0;513
21;4;"25/01/22";2022;1;25;"9";"object";"wall";1;0;0;0;0;0;515
21;4;"25/01/22";2022;1;25;"9";"object";"wall";0;0;1;0;0;0;522
21;4;"25/01/22";2022;1;25;"9";"object";"wall";0;0;2;0;0;0;530
21;4;"25/01/22";2022;1;25;"9";"object";"wall";0;0;1;0;0;0;533
21;4;"25/01/22";2022;1;25;"9";"object";"wall";0;0;1;0;0;0;538
21;4;"25/01/22";2022;1;25;"9";"object";"wall";0;0;1;0;0;0;542
21;4;"25/01/22";2022;1;25;"9";"object";"wall";0;0;1;0;0;0;548
21;4;"25/01/22";2022;1;25;"9";"object";"wall";1;0;0;0;0;0;553
21;4;"25/01/22";2022;1;25;"9";"object";"wall";2;0;0;0;0;0;554
21;4;"25/01/22";2022;1;25;"9";"object";"crevice";1;0;0;0;0;0;557
21;5;"09/02/22";2022;2;9;"1";"room";"room";1;2;1;0;0;0;1
21;5;"09/02/22";2022;2;9;"1";"room";"room";0;1;0;0;0;0;1
21;5;"09/02/22";2022;2;9;"1";"object";"brick_flat";0;0;1;0;0;0;5
21;5;"09/02/22";2022;2;9;"1";"object";"brick_flat";1;0;1;0;0;0;8
21;5;"09/02/22";2022;2;9;"1";"object";"brick_flat";0;0;2;0;0;0;16
21;5;"09/02/22";2022;2;9;"1";"object";"brick_flat";1;0;0;0;0;0;21
21;5;"09/02/22";2022;2;9;"10";"object";"brick_large";0;5;0;0;0;0;25
21;5;"09/02/22";2022;2;9;"10";"object";"brick_large";0;2;0;0;0;0;27
21;5;"09/02/22";2022;2;9;"10";"object";"brick_large";0;2;3;0;0;0;28
21;5;"09/02/22";2022;2;9;"10";"object";"pile";0;0;4;0;0;0;29
21;5;"09/02/22";2022;2;9;"10";"object";"chimney";1;0;0;0;0;0;30
21;5;"09/02/22";2022;2;9;"10";"object";"brick_large";0;3;0;0;0;0;34
21;5;"09/02/22";2022;2;9;"10";"object";"brick_flat";0;0;5;0;0;0;37
21;5;"09/02/22";2022;2;9;"10";"object";"brick_flat";0;0;1;0;0;0;39
21;5;"09/02/22";2022;2;9;"10";"object";"tunnel";2;0;0;0;0;0;40
21;5;"09/02/22";2022;2;9;"10";"object";"pile";1;0;0;0;0;0;41
21;5;"09/02/22";2022;2;9;"10";"object";"tunnel";2;0;0;0;0;0;42
21;5;"09/02/22";2022;2;9;"11";"room";"room";2;0;3;0;0;0;45
21;5;"09/02/22";2022;2;9;"11";"object";"chimney";0;2;0;0;0;0;47
21;5;"09/02/22";2022;2;9;"11";"object";"chimney";0;0;1;0;0;0;51
21;5;"09/02/22";2022;2;9;"11";"object";"other";0;0;1;0;0;0;56
21;5;"09/02/22";2022;2;9;"11";"object";"other";0;0;1;0;0;0;58
21;5;"09/02/22";2022;2;9;"12";"room";"room";3;0;0;0;0;0;59
21;5;"09/02/22";2022;2;9;"12";"object";"wall";1;0;0;0;0;0;73
21;5;"09/02/22";2022;2;9;"12";"object";"wall";1;0;0;0;0;0;74
21;5;"09/02/22";2022;2;9;"12";"object";"wall";1;0;0;0;0;0;84
21;5;"09/02/22";2022;2;9;"12";"object";"wall";2;0;0;0;0;0;85
21;5;"09/02/22";2022;2;9;"12";"object";"brick_flat";0;0;1;0;0;0;88
21;5;"09/02/22";2022;2;9;"12";"object";"pile";2;0;0;0;0;0;98
21;5;"09/02/22";2022;2;9;"12";"object";"room";3;1;0;0;0;0;100
21;5;"09/02/22";2022;2;9;"2";"object";"wall";1;0;0;0;0;0;112
21;5;"09/02/22";2022;2;9;"2";"object";"wall";0;0;1;0;0;0;116
21;5;"09/02/22";2022;2;9;"2";"object";"wall";0;0;1;0;0;0;122
21;5;"09/02/22";2022;2;9;"2";"object";"wall";1;0;0;0;0;0;123
21;5;"09/02/22";2022;2;9;"2";"object";"wall";0;0;1;0;0;0;124
21;5;"09/02/22";2022;2;9;"2";"object";"wall";1;0;0;0;0;0;131
21;5;"09/02/22";2022;2;9;"2";"object";"wall";0;0;1;0;0;0;134
21;5;"09/02/22";2022;2;9;"2";"object";"wall";0;0;1;0;0;0;137
21;5;"09/02/22";2022;2;9;"2";"object";"wall";0;0;1;0;0;0;138
21;5;"09/02/22";2022;2;9;"2";"object";"wall";0;0;1;0;0;0;139
21;5;"09/02/22";2022;2;9;"2";"object";"wall";0;0;1;0;0;0;168
21;5;"09/02/22";2022;2;9;"2";"object";"wall";1;0;0;0;0;0;169
21;5;"09/02/22";2022;2;9;"2";"object";"pile";1;0;0;0;0;0;173
21;5;"09/02/22";2022;2;9;"2";"object";"pile";1;0;0;0;0;0;174
21;5;"09/02/22";2022;2;9;"3";"object";"chimney";0;2;0;0;0;0;198
21;5;"09/02/22";2022;2;9;"3";"object";"brick_flat";0;0;1;0;0;0;205
21;5;"09/02/22";2022;2;9;"3";"object";"brick_round";1;0;0;0;0;0;214
21;5;"09/02/22";2022;2;9;"3";"object";"wall";0;0;1;0;0;0;227
21;5;"09/02/22";2022;2;9;"4";"object";"brick_flat";0;0;1;0;0;0;283
21;5;"09/02/22";2022;2;9;"4";"object";"brick_flat";1;0;0;0;0;0;284
21;5;"09/02/22";2022;2;9;"4";"object";"brick_flat";0;0;1;0;0;0;295
21;5;"09/02/22";2022;2;9;"4";"object";"crevice";0;0;0;0;1;0;297
21;5;"09/02/22";2022;2;9;"5";"object";"room";1;0;0;0;0;0;326
21;5;"09/02/22";2022;2;9;"5";"object";"chimney";0;3;0;0;0;0;332
21;5;"09/02/22";2022;2;9;"6";"object";"brick_large";0;0;1;0;0;0;358
21;5;"09/02/22";2022;2;9;"6";"object";"brick_large";0;2;0;0;0;0;363
21;5;"09/02/22";2022;2;9;"6";"object";"brick_large";0;0;0;0;1;0;364
21;5;"09/02/22";2022;2;9;"6";"object";"chimney";3;3;1;0;0;0;367
21;5;"09/02/22";2022;2;9;"6";"object";"brick_flat";1;0;0;0;0;0;374
21;5;"09/02/22";2022;2;9;"6";"object";"brick_flat";0;0;1;0;0;0;375
21;5;"09/02/22";2022;2;9;"6";"object";"crevice";2;0;0;0;0;0;380
21;5;"09/02/22";2022;2;9;"6";"object";"crevice";1;0;0;0;0;0;386
21;5;"09/02/22";2022;2;9;"6";"object";"brick_flat";1;0;0;0;0;0;392
21;5;"09/02/22";2022;2;9;"7";"object";"brick_large";0;0;5;0;0;0;401
21;5;"09/02/22";2022;2;9;"7";"object";"brick_large";0;0;2;0;0;0;402
21;5;"09/02/22";2022;2;9;"7";"object";"brick_flat";0;0;2;0;0;0;409
21;5;"09/02/22";2022;2;9;"7";"object";"brick_flat";0;0;1;0;0;0;414
21;5;"09/02/22";2022;2;9;"7";"object";"brick_flat";0;0;2;0;0;0;415
21;5;"09/02/22";2022;2;9;"8";"object";"brick_large";0;1;0;0;0;0;445
21;5;"09/02/22";2022;2;9;"8";"object";"brick_large";1;0;0;0;0;0;446
21;5;"09/02/22";2022;2;9;"8";"object";"brick_large";0;1;0;0;0;0;448
21;5;"09/02/22";2022;2;9;"8";"object";"brick_large";0;0;2;0;0;0;450
21;5;"09/02/22";2022;2;9;"8";"object";"chimney";3;0;0;0;1;0;454
21;5;"09/02/22";2022;2;9;"8";"object";"tunnel";2;1;1;0;1;0;458
21;5;"09/02/22";2022;2;9;"8";"object";"tunnel";1;0;0;0;0;0;460
21;5;"09/02/22";2022;2;9;"8";"object";"room";2;0;2;0;0;0;462
21;5;"09/02/22";2022;2;9;"9";"object";"brick_large";2;1;0;0;0;0;464
21;5;"09/02/22";2022;2;9;"9";"object";"brick_large";0;0;1;0;0;0;472
21;5;"09/02/22";2022;2;9;"9";"object";"brick_large";0;0;3;0;0;0;473
21;5;"09/02/22";2022;2;9;"9";"object";"brick_flat";0;0;1;0;0;0;477
21;5;"09/02/22";2022;2;9;"9";"object";"brick_flat";0;0;1;0;0;0;478
21;5;"09/02/22";2022;2;9;"9";"object";"brick_flat";0;0;4;0;0;0;480
21;5;"09/02/22";2022;2;9;"9";"object";"brick_flat";0;0;1;0;0;0;482
21;5;"09/02/22";2022;2;9;"9";"object";"wall";0;0;1;0;0;0;486
21;5;"09/02/22";2022;2;9;"9";"object";"wall";0;0;1;0;0;0;487
21;5;"09/02/22";2022;2;9;"9";"object";"wall";1;0;0;0;0;0;489
21;5;"09/02/22";2022;2;9;"9";"object";"wall";0;0;1;0;0;0;490
21;5;"09/02/22";2022;2;9;"9";"object";"wall";1;0;0;0;0;0;498
21;5;"09/02/22";2022;2;9;"9";"object";"wall";0;0;1;0;0;0;508
21;5;"09/02/22";2022;2;9;"9";"object";"wall";1;0;0;0;0;0;515
21;5;"09/02/22";2022;2;9;"9";"object";"wall";1;0;0;0;0;0;517
21;5;"09/02/22";2022;2;9;"9";"object";"wall";1;0;0;0;0;0;524
21;5;"09/02/22";2022;2;9;"9";"object";"wall";1;0;0;0;0;0;525
21;5;"09/02/22";2022;2;9;"9";"object";"wall";0;0;1;0;0;0;533
21;5;"09/02/22";2022;2;9;"9";"object";"wall";1;0;0;0;0;0;553
21;5;"09/02/22";2022;2;9;"9";"object";"crevice";1;0;0;0;0;0;557
21;5;"09/02/22";2022;2;9;"all rooms except 1 11 12 ";"room";"room";56;15;43;2;0;0;565
21;6;"24/02/22";2022;2;24;"1";"room";"room";0;0;0;1;0;0;1
21;6;"24/02/22";2022;2;24;"1";"object";"brick_round";1;0;0;0;0;0;13
21;6;"24/02/22";2022;2;24;"1";"object";"brick_flat";0;0;1;0;0;0;16
21;6;"24/02/22";2022;2;24;"10";"room";"room";7;1;0;0;0;0;23
21;6;"24/02/22";2022;2;24;"10";"object";"brick_large";0;5;0;0;0;0;25
21;6;"24/02/22";2022;2;24;"10";"object";"brick_large";0;3;0;0;0;0;27
21;6;"24/02/22";2022;2;24;"10";"object";"brick_large";0;1;3;0;0;0;28
21;6;"24/02/22";2022;2;24;"10";"object";"pile";0;0;3;0;0;0;29
21;6;"24/02/22";2022;2;24;"10";"object";"brick_large";0;3;0;0;0;0;34
21;6;"24/02/22";2022;2;24;"10";"object";"brick_flat";0;0;3;0;0;0;37
21;6;"24/02/22";2022;2;24;"10";"object";"brick_flat";0;0;1;0;0;0;38
21;6;"24/02/22";2022;2;24;"10";"object";"brick_flat";1;0;3;0;0;0;39
21;6;"24/02/22";2022;2;24;"10";"object";"tunnel";1;0;0;0;0;0;40
21;6;"24/02/22";2022;2;24;"10";"object";"tunnel";1;0;0;0;0;0;42
21;6;"24/02/22";2022;2;24;"11";"room";"room";3;0;3;0;0;0;45
21;6;"24/02/22";2022;2;24;"11";"object";"chimney";0;2;0;0;0;0;47
21;6;"24/02/22";2022;2;24;"11";"object";"brick_flat";0;0;1;0;0;0;48
21;6;"24/02/22";2022;2;24;"11";"object";"chimney";0;1;1;0;0;0;51
21;6;"24/02/22";2022;2;24;"11";"object";"tunnel";1;0;0;0;0;0;52
21;6;"24/02/22";2022;2;24;"11";"object";"other";0;0;1;0;0;0;57
21;6;"24/02/22";2022;2;24;"11";"object";"other";0;0;1;0;0;0;58
21;6;"24/02/22";2022;2;24;"12";"room";"room";3;0;1;0;0;0;59
21;6;"24/02/22";2022;2;24;"12";"object";"wall";1;0;0;0;0;0;68
21;6;"24/02/22";2022;2;24;"12";"object";"wall";1;0;0;0;0;0;72
21;6;"24/02/22";2022;2;24;"12";"object";"wall";1;0;0;0;0;0;73
21;6;"24/02/22";2022;2;24;"12";"object";"wall";1;0;0;0;0;0;74
21;6;"24/02/22";2022;2;24;"12";"object";"wall";1;0;0;0;0;0;75
21;6;"24/02/22";2022;2;24;"12";"object";"wall";1;0;0;0;0;0;84
21;6;"24/02/22";2022;2;24;"12";"object";"brick_flat";0;0;1;0;0;0;88
21;6;"24/02/22";2022;2;24;"12";"object";"pile";1;0;0;0;0;0;98
21;6;"24/02/22";2022;2;24;"12";"object";"pile";1;0;0;0;0;0;99
21;6;"24/02/22";2022;2;24;"12";"object";"room";2;2;0;0;0;0;100
21;6;"24/02/22";2022;2;24;"2";"room";"room";8;6;4;1;0;0;102
21;6;"24/02/22";2022;2;24;"2";"object";"wall";1;0;0;0;0;0;112
21;6;"24/02/22";2022;2;24;"2";"object";"wall";0;0;1;0;0;0;124
21;6;"24/02/22";2022;2;24;"2";"object";"wall";1;0;0;0;0;0;131
21;6;"24/02/22";2022;2;24;"2";"object";"wall";0;0;2;0;0;0;134
21;6;"24/02/22";2022;2;24;"2";"object";"wall";0;0;1;0;0;0;144
21;6;"24/02/22";2022;2;24;"2";"object";"wall";0;0;1;0;0;0;156
21;6;"24/02/22";2022;2;24;"2";"object";"wall";1;0;0;0;0;0;171
21;6;"24/02/22";2022;2;24;"3";"room";"room";7;5;13;0;0;0;195
21;6;"24/02/22";2022;2;24;"3";"object";"chimney";1;3;0;0;0;0;198
21;6;"24/02/22";2022;2;24;"3";"object";"brick_round";1;0;0;0;0;0;214
21;6;"24/02/22";2022;2;24;"4";"room";"room";7;1;8;1;0;0;259
21;6;"24/02/22";2022;2;24;"4";"object";"brick_flat";0;0;1;0;0;0;268
21;6;"24/02/22";2022;2;24;"4";"object";"brick_flat";1;0;0;0;0;0;283
21;6;"24/02/22";2022;2;24;"4";"object";"brick_flat";0;0;1;0;0;0;286
21;6;"24/02/22";2022;2;24;"4";"object";"brick_flat";0;0;1;0;0;0;294
21;6;"24/02/22";2022;2;24;"4";"object";"brick_flat";0;0;1;0;0;0;295
21;6;"24/02/22";2022;2;24;"5";"room";"room";5;1;5;0;1;0;298
21;6;"24/02/22";2022;2;24;"5";"object";"other";0;0;1;0;0;0;305
21;6;"24/02/22";2022;2;24;"5";"object";"brick_flat";0;0;1;0;0;0;328
21;6;"24/02/22";2022;2;24;"5";"object";"chimney";0;2;0;0;0;0;332
21;6;"24/02/22";2022;2;24;"5";"object";"brick_flat";1;0;0;0;0;0;342
21;6;"24/02/22";2022;2;24;"6";"room";"room";3;0;2;0;0;0;347
21;6;"24/02/22";2022;2;24;"6";"object";"brick_large";0;0;2;0;0;0;358
21;6;"24/02/22";2022;2;24;"6";"object";"brick_large";0;0;1;0;0;0;360
21;6;"24/02/22";2022;2;24;"6";"object";"brick_large";0;3;0;0;0;0;363
21;6;"24/02/22";2022;2;24;"6";"object";"chimney";0;4;2;0;0;0;367
21;6;"24/02/22";2022;2;24;"6";"object";"brick_flat";0;0;1;0;0;0;374
21;6;"24/02/22";2022;2;24;"6";"object";"brick_flat";0;0;1;0;0;0;375
21;6;"24/02/22";2022;2;24;"6";"object";"crevice";1;0;0;0;0;0;385
21;6;"24/02/22";2022;2;24;"6";"object";"crevice";1;0;0;0;0;0;387
21;6;"24/02/22";2022;2;24;"7";"room";"room";4;0;1;0;0;0;395
21;6;"24/02/22";2022;2;24;"7";"object";"brick_large";0;0;5;0;0;0;401
21;6;"24/02/22";2022;2;24;"7";"object";"brick_large";0;0;6;0;0;0;402
21;6;"24/02/22";2022;2;24;"7";"object";"brick_large";0;0;3;0;0;0;403
21;6;"24/02/22";2022;2;24;"7";"object";"brick_flat";0;0;1;0;0;0;407
21;6;"24/02/22";2022;2;24;"7";"object";"brick_flat";0;0;2;0;0;0;409
21;6;"24/02/22";2022;2;24;"7";"object";"brick_flat";0;0;2;0;0;0;416
21;6;"24/02/22";2022;2;24;"7";"object";"wall";1;0;0;0;0;0;434
21;6;"24/02/22";2022;2;24;"8";"room";"room";2;0;0;0;0;0;442
21;6;"24/02/22";2022;2;24;"8";"object";"brick_large";0;1;0;0;0;0;445
21;6;"24/02/22";2022;2;24;"8";"object";"brick_large";0;1;0;0;0;0;448
21;6;"24/02/22";2022;2;24;"8";"object";"brick_large";0;0;1;0;0;0;449
21;6;"24/02/22";2022;2;24;"8";"object";"brick_large";0;0;3;0;0;0;450
21;6;"24/02/22";2022;2;24;"8";"object";"chimney";1;0;0;0;0;0;454
21;6;"24/02/22";2022;2;24;"8";"object";"tunnel";0;1;0;0;0;0;458
21;6;"24/02/22";2022;2;24;"8";"object";"tunnel";1;0;0;0;0;0;460
21;6;"24/02/22";2022;2;24;"8";"object";"room";0;0;1;0;0;0;462
21;6;"24/02/22";2022;2;24;"9";"room";"room";1;0;0;0;0;0;463
21;6;"24/02/22";2022;2;24;"9";"object";"brick_large";0;2;0;0;0;0;464
21;6;"24/02/22";2022;2;24;"9";"object";"brick_large";0;1;0;0;0;0;470
21;6;"24/02/22";2022;2;24;"9";"object";"brick_large";0;1;3;0;0;0;471
21;6;"24/02/22";2022;2;24;"9";"object";"brick_large";0;0;2;0;0;0;472
21;6;"24/02/22";2022;2;24;"9";"object";"brick_large";0;0;5;0;0;0;473
21;6;"24/02/22";2022;2;24;"9";"object";"brick_flat";0;0;4;0;0;0;478
21;6;"24/02/22";2022;2;24;"9";"object";"brick_flat";0;0;2;0;0;0;480
21;6;"24/02/22";2022;2;24;"9";"object";"brick_flat";1;0;0;0;0;0;482
21;6;"24/02/22";2022;2;24;"9";"object";"wall";0;0;1;0;0;0;486
21;6;"24/02/22";2022;2;24;"9";"object";"wall";1;0;0;0;0;0;496
21;6;"24/02/22";2022;2;24;"9";"object";"wall";0;0;1;0;0;0;498
21;6;"24/02/22";2022;2;24;"9";"object";"wall";1;0;0;0;0;0;505
21;6;"24/02/22";2022;2;24;"9";"object";"wall";1;0;0;0;0;0;506
21;6;"24/02/22";2022;2;24;"9";"object";"wall";0;0;1;0;0;0;509
21;6;"24/02/22";2022;2;24;"9";"object";"wall";1;0;0;0;0;0;513
21;6;"24/02/22";2022;2;24;"9";"object";"wall";1;0;0;0;0;0;515
21;6;"24/02/22";2022;2;24;"9";"object";"wall";0;0;1;0;0;0;517
21;6;"24/02/22";2022;2;24;"9";"object";"wall";1;0;0;0;0;0;524
21;6;"24/02/22";2022;2;24;"9";"object";"wall";0;0;1;0;0;0;526
21;6;"24/02/22";2022;2;24;"9";"object";"wall";1;0;0;0;0;0;530
21;6;"24/02/22";2022;2;24;"9";"object";"wall";0;0;1;0;0;0;533
21;6;"24/02/22";2022;2;24;"9";"object";"wall";1;0;0;0;0;0;546
21;6;"24/02/22";2022;2;24;"9";"object";"wall";0;0;1;0;0;0;549
21;6;"24/02/22";2022;2;24;"9";"object";"wall";1;0;0;0;0;0;552
21;6;"24/02/22";2022;2;24;"9";"object";"wall";1;0;0;0;0;0;553
21;7;"09/03/22";2022;3;9;"10";"room";"room";5;1;0;0;0;0;23
21;7;"09/03/22";2022;3;9;"10";"object";"brick_large";0;4;0;0;0;0;25
21;7;"09/03/22";2022;3;9;"10";"object";"brick_large";0;3;2;0;0;0;28
21;7;"09/03/22";2022;3;9;"10";"object";"pile";3;0;0;0;0;0;29
21;7;"09/03/22";2022;3;9;"10";"object";"brick_large";0;2;0;0;0;0;33
21;7;"09/03/22";2022;3;9;"10";"object";"brick_large";0;3;0;0;0;0;34
21;7;"09/03/22";2022;3;9;"10";"object";"brick_flat";0;0;4;0;0;0;38
21;7;"09/03/22";2022;3;9;"10";"object";"brick_flat";2;0;2;0;0;0;39
21;7;"09/03/22";2022;3;9;"10";"object";"tunnel";1;0;0;0;0;0;40
21;7;"09/03/22";2022;3;9;"10";"object";"tunnel";1;0;0;0;0;0;42
21;7;"09/03/22";2022;3;9;"11";"room";"room";3;0;2;1;0;0;45
21;7;"09/03/22";2022;3;9;"11";"object";"chimney";0;2;0;0;0;0;47
21;7;"09/03/22";2022;3;9;"11";"object";"brick_flat";1;0;0;0;0;0;55
21;7;"09/03/22";2022;3;9;"11";"object";"other";0;0;1;0;0;0;56
21;7;"09/03/22";2022;3;9;"11";"object";"other";0;0;1;0;0;0;57
21;7;"09/03/22";2022;3;9;"12";"room";"room";4;0;1;0;0;0;59
21;7;"09/03/22";2022;3;9;"12";"object";"wall";1;0;0;0;0;0;68
21;7;"09/03/22";2022;3;9;"12";"object";"wall";1;0;0;0;0;0;72
21;7;"09/03/22";2022;3;9;"12";"object";"wall";1;0;0;0;0;0;73
21;7;"09/03/22";2022;3;9;"12";"object";"wall";1;0;0;0;0;0;75
21;7;"09/03/22";2022;3;9;"12";"object";"wall";1;0;0;0;0;0;84
21;7;"09/03/22";2022;3;9;"12";"object";"brick_flat";0;0;2;0;0;0;88
21;7;"09/03/22";2022;3;9;"12";"object";"brick_flat";0;0;2;0;0;0;92
21;7;"09/03/22";2022;3;9;"12";"object";"pile";1;0;0;0;0;0;98
21;7;"09/03/22";2022;3;9;"12";"object";"room";0;2;0;0;0;0;100
21;7;"09/03/22";2022;3;9;"2";"room";"room";9;5;5;0;0;0;102
21;7;"09/03/22";2022;3;9;"2";"object";"wall";1;0;0;0;0;0;126
21;7;"09/03/22";2022;3;9;"2";"object";"wall";1;0;0;0;0;0;129
21;7;"09/03/22";2022;3;9;"2";"object";"wall";1;0;0;0;0;0;134
21;7;"09/03/22";2022;3;9;"2";"object";"wall";1;0;0;0;0;0;141
21;7;"09/03/22";2022;3;9;"2";"object";"wall";1;0;0;0;0;0;144
21;7;"09/03/22";2022;3;9;"2";"object";"wall";1;0;0;0;0;0;161
21;7;"09/03/22";2022;3;9;"2";"object";"brick_flat";0;0;1;0;0;0;179
21;7;"09/03/22";2022;3;9;"2";"object";"brick_flat";0;0;1;0;0;0;180
21;7;"09/03/22";2022;3;9;"1";"object";"brick_flat";0;0;1;0;0;0;4
21;7;"09/03/22";2022;3;9;"1";"object";"brick_flat";0;0;1;0;0;0;16
21;7;"09/03/22";2022;3;9;"3";"room";"room";5;5;11;0;0;0;195
21;7;"09/03/22";2022;3;9;"3";"object";"chimney";0;3;0;0;0;0;198
21;7;"09/03/22";2022;3;9;"3";"object";"brick_flat";0;0;1;0;0;0;205
21;7;"09/03/22";2022;3;9;"4";"room";"room";11;1;3;0;0;0;259
21;7;"09/03/22";2022;3;9;"4";"object";"brick_flat";0;0;2;0;0;0;284
21;7;"09/03/22";2022;3;9;"4";"object";"brick_flat";0;0;1;0;0;0;295
21;7;"09/03/22";2022;3;9;"5";"room";"room";3;1;3;0;0;0;298
21;7;"09/03/22";2022;3;9;"5";"object";"brick_flat";0;0;1;0;0;0;299
21;7;"09/03/22";2022;3;9;"5";"object";"brick_flat";1;0;1;0;0;0;314
21;7;"09/03/22";2022;3;9;"5";"object";"chimney";0;3;0;0;0;0;332
21;7;"09/03/22";2022;3;9;"5";"object";"other";1;0;0;0;0;0;336
21;7;"09/03/22";2022;3;9;"5";"object";"brick_flat";0;0;1;0;0;0;340
21;7;"09/03/22";2022;3;9;"5";"object";"brick_flat";1;0;0;0;0;0;341
21;7;"09/03/22";2022;3;9;"6";"room";"room";2;0;1;0;0;0;347
21;7;"09/03/22";2022;3;9;"6";"object";"brick_flat";0;0;1;0;0;0;348
21;7;"09/03/22";2022;3;9;"6";"object";"brick_large";0;1;0;0;0;0;357
21;7;"09/03/22";2022;3;9;"6";"object";"brick_large";0;0;1;0;0;0;358
21;7;"09/03/22";2022;3;9;"6";"object";"brick_large";0;2;0;0;0;0;363
21;7;"09/03/22";2022;3;9;"6";"object";"chimney";0;4;2;0;0;0;367
21;7;"09/03/22";2022;3;9;"6";"object";"brick_flat";0;0;1;0;0;0;369
21;7;"09/03/22";2022;3;9;"6";"object";"brick_flat";1;0;0;0;0;0;377
21;7;"09/03/22";2022;3;9;"6";"object";"crevice";1;0;0;0;0;0;380
21;7;"09/03/22";2022;3;9;"6";"object";"crevice";1;0;0;0;0;0;381
21;7;"09/03/22";2022;3;9;"6";"object";"crevice";1;0;0;0;0;0;387
21;7;"09/03/22";2022;3;9;"7";"room";"room";2;0;1;0;0;0;395
21;7;"09/03/22";2022;3;9;"7";"object";"brick_flat";0;0;1;0;0;0;398
21;7;"09/03/22";2022;3;9;"7";"object";"brick_large";0;0;4;0;0;0;401
21;7;"09/03/22";2022;3;9;"7";"object";"brick_large";0;0;7;0;0;0;402
21;7;"09/03/22";2022;3;9;"7";"object";"brick_large";0;0;3;0;0;0;403
21;7;"09/03/22";2022;3;9;"7";"object";"brick_flat";0;0;1;0;0;0;407
21;7;"09/03/22";2022;3;9;"7";"object";"brick_flat";0;0;2;0;0;0;409
21;7;"09/03/22";2022;3;9;"7";"object";"brick_flat";0;0;1;0;0;0;415
21;7;"09/03/22";2022;3;9;"7";"object";"brick_flat";0;0;1;0;0;0;417
21;7;"09/03/22";2022;3;9;"7";"object";"wall";0;0;1;0;0;0;434
21;7;"09/03/22";2022;3;9;"8";"room";"room";1;0;0;0;0;0;442
21;7;"09/03/22";2022;3;9;"8";"object";"brick_large";0;1;0;0;0;0;445
21;7;"09/03/22";2022;3;9;"8";"object";"brick_large";0;1;0;0;0;0;448
21;7;"09/03/22";2022;3;9;"8";"object";"brick_large";0;1;2;0;0;0;449
21;7;"09/03/22";2022;3;9;"8";"object";"brick_large";0;0;4;0;0;0;450
21;7;"09/03/22";2022;3;9;"8";"object";"brick_flat";0;0;1;0;0;0;455
21;7;"09/03/22";2022;3;9;"8";"object";"brick_flat";0;0;1;0;0;0;456
21;7;"09/03/22";2022;3;9;"8";"object";"tunnel";0;2;0;0;0;0;458
21;7;"09/03/22";2022;3;9;"8";"object";"room";2;0;0;0;0;0;462
21;7;"09/03/22";2022;3;9;"9";"room";"room";1;0;0;0;0;0;463
21;7;"09/03/22";2022;3;9;"9";"object";"brick_large";0;2;0;0;0;0;464
21;7;"09/03/22";2022;3;9;"9";"object";"brick_large";0;0;1;0;0;0;468
21;7;"09/03/22";2022;3;9;"9";"object";"brick_large";0;0;1;0;0;0;469
21;7;"09/03/22";2022;3;9;"9";"object";"brick_large";0;1;0;0;0;0;470
21;7;"09/03/22";2022;3;9;"9";"object";"brick_large";0;1;1;0;0;0;471
21;7;"09/03/22";2022;3;9;"9";"object";"brick_large";0;0;1;0;0;0;472
21;7;"09/03/22";2022;3;9;"9";"object";"brick_large";0;0;4;0;0;0;473
21;7;"09/03/22";2022;3;9;"9";"object";"brick_large";0;0;3;0;0;0;474
21;7;"09/03/22";2022;3;9;"9";"object";"brick_flat";0;0;1;0;0;0;477
21;7;"09/03/22";2022;3;9;"9";"object";"brick_flat";0;0;3;0;0;0;478
21;7;"09/03/22";2022;3;9;"9";"object";"brick_flat";0;0;1;0;0;0;479
21;7;"09/03/22";2022;3;9;"9";"object";"brick_flat";0;0;1;0;0;0;480
21;7;"09/03/22";2022;3;9;"9";"object";"brick_flat";0;0;1;0;0;0;481
21;7;"09/03/22";2022;3;9;"9";"object";"brick_flat";1;0;1;0;0;0;482
21;7;"09/03/22";2022;3;9;"9";"object";"wall";0;0;1;0;0;0;486
21;7;"09/03/22";2022;3;9;"9";"object";"wall";1;0;0;0;0;0;504
21;7;"09/03/22";2022;3;9;"9";"object";"wall";1;0;0;0;0;0;505
21;7;"09/03/22";2022;3;9;"9";"object";"wall";1;0;0;0;0;0;515
21;7;"09/03/22";2022;3;9;"9";"object";"wall";0;0;1;0;0;0;530
21;7;"09/03/22";2022;3;9;"9";"object";"wall";0;0;1;0;0;0;533
21;7;"09/03/22";2022;3;9;"9";"object";"wall";0;0;2;0;0;0;534
21;7;"09/03/22";2022;3;9;"9";"object";"wall";0;0;1;0;0;0;537
21;7;"09/03/22";2022;3;9;"9";"object";"wall";1;0;0;0;0;0;553
21;8;"23/03/22";2022;3;23;"1";"room";"room";1;0;0;0;0;0;1
21;8;"23/03/22";2022;3;23;"1";"object";"brick_flat";0;0;1;0;0;0;16
21;8;"23/03/22";2022;3;23;"1";"object";"brick_flat";1;0;0;0;0;0;20
21;8;"23/03/22";2022;3;23;"10";"room";"room";5;1;0;0;0;0;23
21;8;"23/03/22";2022;3;23;"10";"object";"brick_large";0;2;0;0;0;0;25
21;8;"23/03/22";2022;3;23;"10";"object";"brick_large";0;3;1;0;0;0;27
21;8;"23/03/22";2022;3;23;"10";"object";"brick_large";0;1;0;0;0;0;28
21;8;"23/03/22";2022;3;23;"10";"object";"brick_large";0;1;0;0;0;0;33
21;8;"23/03/22";2022;3;23;"10";"object";"brick_large";0;3;1;0;0;0;34
21;8;"23/03/22";2022;3;23;"10";"object";"brick_flat";0;0;2;0;0;0;38
21;8;"23/03/22";2022;3;23;"10";"object";"brick_flat";0;0;1;0;0;0;39
21;8;"23/03/22";2022;3;23;"10";"object";"pile";1;0;0;0;0;0;41
21;8;"23/03/22";2022;3;23;"10";"object";"tunnel";0;0;1;0;0;0;42
21;8;"23/03/22";2022;3;23;"11";"room";"room";2;1;2;0;0;0;45
21;8;"23/03/22";2022;3;23;"11";"object";"chimney";0;2;0;0;0;0;47
21;8;"23/03/22";2022;3;23;"11";"object";"brick_flat";0;0;1;0;0;0;50
21;8;"23/03/22";2022;3;23;"11";"object";"other";0;0;1;0;0;0;57
21;8;"23/03/22";2022;3;23;"12";"room";"room";4;1;0;0;0;0;59
21;8;"23/03/22";2022;3;23;"12";"object";"wall";1;0;0;0;0;0;63
21;8;"23/03/22";2022;3;23;"12";"object";"wall";1;0;0;0;0;0;69
21;8;"23/03/22";2022;3;23;"12";"object";"wall";1;0;0;0;0;0;70
21;8;"23/03/22";2022;3;23;"12";"object";"wall";2;0;0;0;0;0;73
21;8;"23/03/22";2022;3;23;"12";"object";"pile";1;0;0;0;0;0;98
21;8;"23/03/22";2022;3;23;"12";"object";"room";0;1;0;0;0;0;100
21;8;"23/03/22";2022;3;23;"12";"object";"crevice";1;0;0;0;0;0;101
21;8;"23/03/22";2022;3;23;"2";"room";"room";5;2;2;0;0;0;102
21;8;"23/03/22";2022;3;23;"2";"object";"wall";1;0;0;0;0;0;107
21;8;"23/03/22";2022;3;23;"2";"object";"wall";0;0;1;0;0;0;125
21;8;"23/03/22";2022;3;23;"2";"object";"wall";1;0;0;0;0;0;126
21;8;"23/03/22";2022;3;23;"2";"object";"wall";1;0;0;0;0;0;144
21;8;"23/03/22";2022;3;23;"2";"object";"wall";1;0;0;0;0;0;161
21;8;"23/03/22";2022;3;23;"2";"object";"other";0;3;0;0;0;0;172
21;8;"23/03/22";2022;3;23;"3";"room";"room";2;3;5;0;0;0;195
21;8;"23/03/22";2022;3;23;"3";"object";"other";0;1;0;0;0;0;196
21;8;"23/03/22";2022;3;23;"3";"object";"chimney";0;3;0;0;0;0;198
21;8;"23/03/22";2022;3;23;"4";"room";"room";9;1;2;0;0;0;259
21;8;"23/03/22";2022;3;23;"4";"object";"crevice";1;0;0;0;0;0;263
21;8;"23/03/22";2022;3;23;"4";"object";"brick_flat";0;0;1;0;0;0;284
21;8;"23/03/22";2022;3;23;"5";"room";"room";2;1;0;0;0;0;298
21;8;"23/03/22";2022;3;23;"5";"object";"brick_flat";0;0;1;0;0;0;328
21;8;"23/03/22";2022;3;23;"5";"object";"chimney";0;2;0;0;0;0;332
21;8;"23/03/22";2022;3;23;"5";"object";"brick_flat";1;0;0;0;0;0;345
21;8;"23/03/22";2022;3;23;"6";"room";"room";2;0;0;0;0;0;347
21;8;"23/03/22";2022;3;23;"6";"object";"brick_large";0;2;0;0;0;0;356
21;8;"23/03/22";2022;3;23;"6";"object";"brick_large";0;1;0;0;0;0;357
21;8;"23/03/22";2022;3;23;"6";"object";"brick_large";1;0;0;0;0;0;362
21;8;"23/03/22";2022;3;23;"6";"object";"chimney";0;3;0;0;0;0;379
21;8;"23/03/22";2022;3;23;"6";"object";"crevice";1;0;0;0;0;0;380
21;8;"23/03/22";2022;3;23;"7";"object";"brick_large";0;1;0;0;0;0;401
21;8;"23/03/22";2022;3;23;"7";"object";"brick_large";0;0;3;0;0;0;402
21;8;"23/03/22";2022;3;23;"7";"object";"brick_large";0;1;2;0;0;0;403
21;8;"23/03/22";2022;3;23;"7";"object";"brick_flat";0;0;1;0;0;0;409
21;8;"23/03/22";2022;3;23;"8";"object";"brick_large";0;1;0;0;0;0;445
21;8;"23/03/22";2022;3;23;"8";"object";"brick_large";0;1;0;0;0;0;448
21;8;"23/03/22";2022;3;23;"8";"object";"brick_large";0;1;0;0;0;0;449
21;8;"23/03/22";2022;3;23;"8";"object";"brick_large";0;0;2;0;0;0;450
21;8;"23/03/22";2022;3;23;"8";"object";"tunnel";0;1;2;0;0;0;458
21;8;"23/03/22";2022;3;23;"8";"object";"tunnel";1;0;0;0;0;0;460
21;8;"23/03/22";2022;3;23;"9";"room";"room";1;0;0;0;0;0;463
21;8;"23/03/22";2022;3;23;"9";"object";"brick_large";0;4;0;0;0;0;464
21;8;"23/03/22";2022;3;23;"9";"object";"brick_large";0;1;0;0;0;0;469
21;8;"23/03/22";2022;3;23;"9";"object";"brick_large";0;1;0;0;0;0;470
21;8;"23/03/22";2022;3;23;"9";"object";"brick_large";0;1;1;0;0;0;471
21;8;"23/03/22";2022;3;23;"9";"object";"brick_large";0;0;3;0;0;0;473
21;8;"23/03/22";2022;3;23;"9";"object";"brick_large";1;1;0;0;0;0;474
21;8;"23/03/22";2022;3;23;"9";"object";"brick_flat";0;0;1;0;0;0;479
21;8;"23/03/22";2022;3;23;"9";"object";"brick_flat";0;0;1;0;0;0;481
21;8;"23/03/22";2022;3;23;"9";"object";"wall";0;0;1;0;0;0;486
21;8;"23/03/22";2022;3;23;"9";"object";"wall";1;0;0;0;0;0;504
21;8;"23/03/22";2022;3;23;"9";"object";"wall";0;0;1;0;0;0;509
21;8;"23/03/22";2022;3;23;"9";"object";"wall";0;0;1;0;0;0;534
21;8;"23/03/22";2022;3;23;"9";"object";"wall";0;0;1;0;0;0;543
21;9;"06/04/22";2022;4;6;"1";"room";"room";0;0;1;0;0;0;1
21;9;"06/04/22";2022;4;6;"1";"object";"brick_flat";1;0;0;0;0;0;20
21;9;"06/04/22";2022;4;6;"10";"room";"room";4;1;0;0;0;0;23
21;9;"06/04/22";2022;4;6;"10";"object";"brick_large";0;1;0;0;0;0;25
21;9;"06/04/22";2022;4;6;"10";"object";"brick_large";0;3;1;0;0;0;27
21;9;"06/04/22";2022;4;6;"10";"object";"brick_large";0;3;0;0;0;0;28
21;9;"06/04/22";2022;4;6;"10";"object";"brick_large";0;3;0;0;0;0;34
21;9;"06/04/22";2022;4;6;"10";"object";"brick_flat";0;0;2;0;0;0;38
21;9;"06/04/22";2022;4;6;"10";"object";"brick_flat";0;0;1;0;0;0;39
21;9;"06/04/22";2022;4;6;"11";"room";"room";2;1;0;0;0;0;45
21;9;"06/04/22";2022;4;6;"11";"object";"chimney";0;1;0;0;0;0;47
21;9;"06/04/22";2022;4;6;"12";"room";"room";5;1;1;0;0;0;59
21;9;"06/04/22";2022;4;6;"12";"object";"wall";1;0;0;0;0;0;63
21;9;"06/04/22";2022;4;6;"12";"object";"wall";1;0;0;0;0;0;72
21;9;"06/04/22";2022;4;6;"12";"object";"wall";1;0;0;0;0;0;74
21;9;"06/04/22";2022;4;6;"12";"object";"wall";1;0;0;0;0;0;75
21;9;"06/04/22";2022;4;6;"12";"object";"brick_flat";1;0;0;0;0;0;95
21;9;"06/04/22";2022;4;6;"12";"object";"room";0;2;0;0;0;0;100
21;9;"06/04/22";2022;4;6;"2";"room";"room";2;2;2;2;0;0;102
21;9;"06/04/22";2022;4;6;"2";"object";"wall";0;0;1;0;0;0;107
21;9;"06/04/22";2022;4;6;"2";"object";"wall";1;0;0;0;0;0;136
21;9;"06/04/22";2022;4;6;"2";"object";"other";0;1;0;0;0;0;172
21;9;"06/04/22";2022;4;6;"2";"object";"crevice";1;0;0;0;0;0;175
21;9;"06/04/22";2022;4;6;"2";"object";"brick_round";1;0;0;0;0;0;194
21;9;"06/04/22";2022;4;6;"3";"room";"room";1;1;1;0;0;0;195
21;9;"06/04/22";2022;4;6;"3";"object";"other";0;2;0;0;0;0;196
21;9;"06/04/22";2022;4;6;"3";"object";"chimney";0;1;0;0;0;0;198
21;9;"06/04/22";2022;4;6;"3";"object";"wall";0;0;1;0;0;0;251
21;9;"06/04/22";2022;4;6;"4";"room";"room";9;1;0;0;0;0;259
21;9;"06/04/22";2022;4;6;"4";"object";"crevice";1;0;0;0;0;0;263
21;9;"06/04/22";2022;4;6;"5";"room";"room";0;1;0;1;0;0;298
21;9;"06/04/22";2022;4;6;"5";"object";"other";1;0;0;0;0;0;303
21;9;"06/04/22";2022;4;6;"5";"object";"chimney";0;2;0;0;0;0;332
21;9;"06/04/22";2022;4;6;"6";"room";"room";0;1;0;0;0;0;347
21;9;"06/04/22";2022;4;6;"6";"object";"brick_large";0;2;0;0;0;0;356
21;9;"06/04/22";2022;4;6;"6";"object";"brick_large";0;0;1;0;0;0;358
21;9;"06/04/22";2022;4;6;"6";"object";"chimney";0;3;1;0;0;0;367
21;9;"06/04/22";2022;4;6;"6";"object";"brick_flat";0;0;1;0;0;0;377
21;9;"06/04/22";2022;4;6;"6";"object";"crevice";1;0;0;0;0;0;385
21;9;"06/04/22";2022;4;6;"7";"room";"room";1;0;0;0;0;0;395
21;9;"06/04/22";2022;4;6;"7";"object";"brick_large";1;0;3;0;0;0;402
21;9;"06/04/22";2022;4;6;"7";"object";"wall";1;0;0;0;0;0;432
21;9;"06/04/22";2022;4;6;"8";"room";"room";1;0;0;0;0;0;442
21;9;"06/04/22";2022;4;6;"8";"object";"brick_large";0;1;1;0;0;0;449
21;9;"06/04/22";2022;4;6;"8";"object";"brick_large";0;1;0;0;0;0;450
21;9;"06/04/22";2022;4;6;"8";"object";"brick_flat";0;0;1;0;0;0;456
21;9;"06/04/22";2022;4;6;"8";"object";"tunnel";0;0;1;0;0;0;458
21;9;"06/04/22";2022;4;6;"9";"room";"room";1;0;0;0;0;0;463
21;9;"06/04/22";2022;4;6;"9";"object";"brick_large";0;4;0;0;0;0;468
21;9;"06/04/22";2022;4;6;"9";"object";"brick_large";0;1;1;0;0;0;469
21;9;"06/04/22";2022;4;6;"9";"object";"brick_large";0;1;0;0;0;0;472
21;9;"06/04/22";2022;4;6;"9";"object";"brick_large";0;1;0;0;0;0;473
21;9;"06/04/22";2022;4;6;"9";"object";"brick_large";0;1;0;0;0;0;474
21;9;"06/04/22";2022;4;6;"9";"object";"brick_flat";0;0;1;0;0;0;482
21;9;"06/04/22";2022;4;6;"9";"object";"wall";1;0;0;0;0;0;504
21;9;"06/04/22";2022;4;6;"9";"object";"wall";0;0;1;0;0;0;509
21;9;"06/04/22";2022;4;6;"9";"object";"wall";1;0;0;0;0;0;513
21;9;"06/04/22";2022;4;6;"9";"object";"wall";1;0;0;0;0;0;523
21;9;"06/04/22";2022;4;6;"9";"object";"wall";0;0;1;0;0;0;534
21;9;"06/04/22";2022;4;6;"9";"object";"wall";0;0;1;0;0;0;549
21;9;"06/04/22";2022;4;6;"9";"object";"wall";1;0;0;0;0;0;553
22;1;"15/12/22";2022;12;15;"1";"room";"room";1;0;1;0;0;0;1
22;1;"15/12/22";2022;12;15;"1";"object";"brick_flat";0;1;0;0;0;0;7
22;1;"15/12/22";2022;12;15;"1";"object";"brick_flat";0;0;2;0;0;0;20
22;1;"15/12/22";2022;12;15;"1";"object";"crevice";1;0;0;0;0;0;22
22;1;"15/12/22";2022;12;15;"10";"room";"room";6;0;0;0;0;0;23
22;1;"15/12/22";2022;12;15;"10";"object";"brick_large";0;2;0;0;0;0;27
22;1;"15/12/22";2022;12;15;"10";"object";"pile";1;0;0;0;0;0;29
22;1;"15/12/22";2022;12;15;"10";"object";"brick_large";0;0;1;0;0;0;34
22;1;"15/12/22";2022;12;15;"10";"object";"brick_flat";1;0;0;0;0;0;37
22;1;"15/12/22";2022;12;15;"10";"object";"tunnel";1;1;1;0;0;0;40
22;1;"15/12/22";2022;12;15;"10";"object";"tunnel";1;0;0;0;0;0;42
22;1;"15/12/22";2022;12;15;"11";"room";"room";0;2;5;0;1;0;45
22;1;"15/12/22";2022;12;15;"11";"object";"brick_flat";0;0;1;0;0;0;54
22;1;"15/12/22";2022;12;15;"11";"object";"other";0;0;1;0;0;0;58
22;1;"15/12/22";2022;12;15;"12";"room";"room";1;0;4;0;0;0;59
22;1;"15/12/22";2022;12;15;"12";"object";"wall";0;0;1;0;0;0;75
22;1;"15/12/22";2022;12;15;"12";"object";"wall";1;0;0;0;0;0;77
22;1;"15/12/22";2022;12;15;"12";"object";"wall";1;0;0;0;0;0;85
22;1;"15/12/22";2022;12;15;"12";"object";"brick_flat";1;0;0;0;0;0;88
22;1;"15/12/22";2022;12;15;"12";"object";"pile";2;0;0;0;0;0;98
22;1;"15/12/22";2022;12;15;"12";"object";"pile";1;0;0;0;0;0;99
22;1;"15/12/22";2022;12;15;"12";"object";"room";1;4;0;0;0;0;100
22;1;"15/12/22";2022;12;15;"2";"room";"room";2;0;3;0;0;0;102
22;1;"15/12/22";2022;12;15;"2";"object";"wall";1;0;0;0;0;0;107
22;1;"15/12/22";2022;12;15;"2";"object";"wall";1;0;0;0;0;0;110
22;1;"15/12/22";2022;12;15;"2";"object";"wall";0;0;1;0;0;0;113
22;1;"15/12/22";2022;12;15;"2";"object";"wall";0;0;1;0;0;0;129
22;1;"15/12/22";2022;12;15;"2";"object";"wall";0;0;1;0;0;0;136
22;1;"15/12/22";2022;12;15;"2";"object";"wall";0;0;1;0;0;0;146
22;1;"15/12/22";2022;12;15;"2";"object";"wall";1;0;0;0;0;0;160
22;1;"15/12/22";2022;12;15;"2";"object";"wall";0;0;1;0;0;0;161
22;1;"15/12/22";2022;12;15;"2";"object";"pile";0;0;1;0;0;0;173
22;1;"15/12/22";2022;12;15;"2";"object";"pile";1;0;0;0;0;0;174
22;1;"15/12/22";2022;12;15;"2";"object";"crevice";0;0;1;0;0;0;175
22;1;"15/12/22";2022;12;15;"2";"object";"brick_flat";0;0;1;0;0;0;177
22;1;"15/12/22";2022;12;15;"2";"object";"brick_flat";0;1;0;0;0;0;178
22;1;"15/12/22";2022;12;15;"2";"object";"brick_flat";0;0;1;0;0;0;179
22;1;"15/12/22";2022;12;15;"2";"object";"brick_flat";0;0;1;0;0;0;191
22;1;"15/12/22";2022;12;15;"3";"room";"room";4;1;7;0;0;0;195
22;1;"15/12/22";2022;12;15;"3";"object";"tunnel";1;0;0;0;0;0;197
22;1;"15/12/22";2022;12;15;"3";"object";"chimney";1;1;0;0;0;0;198
22;1;"15/12/22";2022;12;15;"3";"object";"brick_flat";0;0;1;0;0;0;207
22;1;"15/12/22";2022;12;15;"3";"object";"brick_round";1;0;0;0;0;0;212
22;1;"15/12/22";2022;12;15;"3";"object";"brick_round";1;0;0;0;0;0;214
22;1;"15/12/22";2022;12;15;"3";"object";"wall";0;0;1;0;0;0;237
22;1;"15/12/22";2022;12;15;"4";"room";"room";11;0;6;1;0;0;259
22;1;"15/12/22";2022;12;15;"4";"object";"other";0;0;1;0;0;0;261
22;1;"15/12/22";2022;12;15;"4";"object";"other";0;0;1;0;0;0;262
22;1;"15/12/22";2022;12;15;"4";"object";"crevice";1;0;0;0;0;0;263
22;1;"15/12/22";2022;12;15;"4";"object";"brick_flat";1;0;0;0;0;0;274
22;1;"15/12/22";2022;12;15;"4";"object";"brick_flat";0;0;1;0;0;0;276
22;1;"15/12/22";2022;12;15;"4";"object";"brick_flat";0;0;1;0;0;0;286
22;1;"15/12/22";2022;12;15;"4";"object";"brick_flat";0;1;0;0;0;0;287
22;1;"15/12/22";2022;12;15;"4";"object";"brick_flat";0;0;1;0;0;0;288
22;1;"15/12/22";2022;12;15;"4";"object";"brick_flat";0;0;1;0;0;0;292
22;1;"15/12/22";2022;12;15;"5";"room";"room";7;0;3;0;1;0;298
22;1;"15/12/22";2022;12;15;"5";"object";"other";0;0;1;0;0;0;305
22;1;"15/12/22";2022;12;15;"5";"object";"crevice";0;0;1;0;0;0;308
22;1;"15/12/22";2022;12;15;"5";"object";"crevice";0;0;1;0;0;0;312
22;1;"15/12/22";2022;12;15;"5";"object";"brick_flat";0;1;0;0;0;0;315
22;1;"15/12/22";2022;12;15;"5";"object";"crevice";0;0;0;1;0;0;325
22;1;"15/12/22";2022;12;15;"5";"object";"brick_flat";0;1;0;0;0;0;327
22;1;"15/12/22";2022;12;15;"5";"object";"chimney";0;1;0;0;0;0;332
22;1;"15/12/22";2022;12;15;"5";"object";"other";0;0;1;0;0;0;335
22;1;"15/12/22";2022;12;15;"5";"object";"brick_flat";0;0;1;0;0;0;339
22;1;"15/12/22";2022;12;15;"5";"object";"brick_flat";0;0;1;0;0;0;343
22;1;"15/12/22";2022;12;15;"6";"room";"room";7;0;1;0;0;0;347
22;1;"15/12/22";2022;12;15;"6";"object";"brick_flat";0;0;1;0;0;0;350
22;1;"15/12/22";2022;12;15;"6";"object";"brick_flat";0;1;0;0;0;0;369
22;1;"15/12/22";2022;12;15;"6";"object";"brick_flat";1;0;0;0;0;0;370
22;1;"15/12/22";2022;12;15;"6";"object";"brick_flat";0;0;1;0;0;0;372
22;1;"15/12/22";2022;12;15;"6";"object";"crevice";0;0;1;0;0;0;387
22;1;"15/12/22";2022;12;15;"6";"object";"crevice";0;0;1;0;0;0;388
22;1;"15/12/22";2022;12;15;"6";"object";"brick_flat";0;0;1;0;0;0;394
22;1;"15/12/22";2022;12;15;"7";"room";"room";6;0;1;0;0;0;395
22;1;"15/12/22";2022;12;15;"7";"object";"brick_flat";0;0;2;0;0;0;409
22;1;"15/12/22";2022;12;15;"7";"object";"brick_flat";0;0;1;0;0;0;411
22;1;"15/12/22";2022;12;15;"7";"object";"brick_flat";0;0;1;0;0;0;415
22;1;"15/12/22";2022;12;15;"7";"object";"brick_flat";0;0;1;0;0;0;416
22;1;"15/12/22";2022;12;15;"7";"object";"brick_flat";0;0;1;0;0;0;417
22;1;"15/12/22";2022;12;15;"7";"object";"wall";0;0;1;0;0;0;421
22;1;"15/12/22";2022;12;15;"7";"object";"wall";1;0;0;0;0;0;422
22;1;"15/12/22";2022;12;15;"7";"object";"wall";0;0;1;0;0;0;423
22;1;"15/12/22";2022;12;15;"7";"object";"wall";0;0;1;0;0;0;424
22;1;"15/12/22";2022;12;15;"7";"object";"wall";1;0;0;0;0;0;425
22;1;"15/12/22";2022;12;15;"7";"object";"wall";0;0;1;0;0;0;428
22;1;"15/12/22";2022;12;15;"7";"object";"wall";0;0;1;0;0;0;429
22;1;"15/12/22";2022;12;15;"7";"object";"wall";0;0;2;0;0;0;434
22;1;"15/12/22";2022;12;15;"7";"object";"wall";1;0;0;0;0;0;436
22;1;"15/12/22";2022;12;15;"8";"room";"room";7;1;1;0;0;0;442
22;1;"15/12/22";2022;12;15;"8";"room";"room";1;0;0;0;0;0;442
22;1;"15/12/22";2022;12;15;"8";"object";"brick_large";0;2;0;0;0;0;450
22;1;"15/12/22";2022;12;15;"8";"object";"tunnel";1;0;1;0;0;0;458
22;1;"15/12/22";2022;12;15;"8";"object";"crevice";0;0;1;0;0;0;459
22;1;"15/12/22";2022;12;15;"8";"object";"tunnel";1;1;0;0;0;0;460
22;1;"15/12/22";2022;12;15;"8";"object";"room";2;0;1;0;0;0;462
22;1;"15/12/22";2022;12;15;"9";"room";"room";4;1;0;0;1;0;463
22;1;"15/12/22";2022;12;15;"9";"object";"brick_large";0;3;0;0;0;0;467
22;1;"15/12/22";2022;12;15;"9";"object";"brick_large";0;1;0;0;0;0;469
22;1;"15/12/22";2022;12;15;"9";"object";"brick_large";0;1;0;0;0;0;472
22;1;"15/12/22";2022;12;15;"9";"object";"brick_large";0;2;0;0;0;0;473
22;1;"15/12/22";2022;12;15;"9";"object";"crevice";1;0;0;0;0;0;475
22;1;"15/12/22";2022;12;15;"9";"object";"brick_flat";1;0;0;0;0;0;477
22;1;"15/12/22";2022;12;15;"9";"object";"wall";0;0;1;0;0;0;488
22;1;"15/12/22";2022;12;15;"9";"object";"wall";0;0;1;0;0;0;490
22;1;"15/12/22";2022;12;15;"9";"object";"wall";1;0;0;0;0;0;495
22;1;"15/12/22";2022;12;15;"9";"object";"wall";1;0;0;0;0;0;507
22;1;"15/12/22";2022;12;15;"9";"object";"wall";0;0;1;0;0;0;508
22;1;"15/12/22";2022;12;15;"9";"object";"wall";0;0;1;0;0;0;509
22;1;"15/12/22";2022;12;15;"9";"object";"wall";0;0;2;0;0;0;513
22;1;"15/12/22";2022;12;15;"9";"object";"wall";1;0;0;0;0;0;515
22;1;"15/12/22";2022;12;15;"9";"object";"wall";0;0;1;0;0;0;517
22;1;"15/12/22";2022;12;15;"9";"object";"wall";0;0;0;0;1;0;524
22;1;"15/12/22";2022;12;15;"9";"object";"wall";1;0;0;0;0;0;528
22;1;"15/12/22";2022;12;15;"9";"object";"wall";0;0;1;0;0;0;531
22;1;"15/12/22";2022;12;15;"9";"object";"wall";0;0;1;0;0;0;538
22;1;"15/12/22";2022;12;15;"9";"object";"wall";1;0;0;0;0;0;539
22;1;"15/12/22";2022;12;15;"9";"object";"wall";0;0;1;0;0;0;544
22;1;"15/12/22";2022;12;15;"9";"object";"wall";0;0;1;0;0;0;547
22;1;"15/12/22";2022;12;15;"9";"object";"wall";0;0;1;0;0;0;548
22;1;"15/12/22";2022;12;15;"9";"object";"wall";0;0;1;0;0;0;551
22;1;"15/12/22";2022;12;15;"9";"object";"wall";0;0;1;0;0;0;552
22;1;"15/12/22";2022;12;15;"9";"object";"wall";0;0;2;0;0;0;553
22;1;"15/12/22";2022;12;15;"9";"object";"wall";0;0;1;0;0;0;554
22;1;"15/12/22";2022;12;15;"9";"object";"crevice";1;0;0;0;0;0;556
22;1;"15/12/22";2022;12;15;"9";"object";"crevice";1;0;0;0;0;0;557
22;1;"15/12/22";2022;12;15;"9";"object";"brick_round";1;0;0;0;0;0;562
22;2;"06/01/23";2023;1;6;"1";"room";"room";1;0;2;0;0;0;1
22;2;"06/01/23";2023;1;6;"1";"object";"brick_flat";0;1;0;0;0;0;6
22;2;"06/01/23";2023;1;6;"1";"object";"brick_flat";0;0;1;0;0;0;20
22;2;"06/01/23";2023;1;6;"10";"room";"room";9;1;2;1;0;0;23
22;2;"06/01/23";2023;1;6;"10";"object";"brick_large";0;2;0;0;0;0;27
22;2;"06/01/23";2023;1;6;"10";"object";"pile";1;0;0;0;0;0;29
22;2;"06/01/23";2023;1;6;"10";"object";"brick_large";0;1;0;0;0;0;33
22;2;"06/01/23";2023;1;6;"10";"object";"brick_flat";1;0;0;0;0;0;39
22;2;"06/01/23";2023;1;6;"10";"object";"tunnel";1;0;0;0;0;0;40
22;2;"06/01/23";2023;1;6;"10";"object";"pile";3;0;1;0;0;0;41
22;2;"06/01/23";2023;1;6;"10";"object";"tunnel";2;0;1;0;0;0;42
22;2;"06/01/23";2023;1;6;"10";"object";"pile";1;0;1;0;0;0;43
22;2;"06/01/23";2023;1;6;"11";"room";"room";0;1;2;0;1;0;45
22;2;"06/01/23";2023;1;6;"11";"object";"chimney";0;0;2;0;0;0;51
22;2;"06/01/23";2023;1;6;"11";"object";"brick_flat";0;0;1;0;0;0;54
22;2;"06/01/23";2023;1;6;"11";"object";"other";0;0;1;0;0;0;56
22;2;"06/01/23";2023;1;6;"12";"room";"room";2;0;2;1;0;0;59
22;2;"06/01/23";2023;1;6;"12";"object";"pile";1;0;0;0;0;0;98
22;2;"06/01/23";2023;1;6;"12";"object";"pile";1;0;0;0;0;0;99
22;2;"06/01/23";2023;1;6;"12";"object";"room";2;5;0;0;0;0;100
22;2;"06/01/23";2023;1;6;"12";"object";"crevice";1;0;0;0;0;0;101
22;2;"06/01/23";2023;1;6;"2";"room";"room";4;1;5;0;0;0;102
22;2;"06/01/23";2023;1;6;"2";"object";"wall";0;0;1;0;0;0;107
22;2;"06/01/23";2023;1;6;"2";"object";"wall";1;0;0;0;0;0;110
22;2;"06/01/23";2023;1;6;"2";"object";"wall";0;0;1;0;0;0;113
22;2;"06/01/23";2023;1;6;"2";"object";"wall";1;0;0;0;0;0;115
22;2;"06/01/23";2023;1;6;"2";"object";"wall";0;0;1;0;0;0;116
22;2;"06/01/23";2023;1;6;"2";"object";"wall";1;0;0;0;0;0;119
22;2;"06/01/23";2023;1;6;"2";"object";"wall";0;0;1;0;0;0;130
22;2;"06/01/23";2023;1;6;"2";"object";"wall";0;0;1;0;0;0;134
22;2;"06/01/23";2023;1;6;"2";"object";"wall";0;0;1;0;0;0;136
22;2;"06/01/23";2023;1;6;"2";"object";"wall";0;0;1;0;0;0;146
22;2;"06/01/23";2023;1;6;"2";"object";"wall";0;0;1;0;0;0;156
22;2;"06/01/23";2023;1;6;"2";"object";"wall";1;0;0;0;0;0;159
22;2;"06/01/23";2023;1;6;"2";"object";"wall";1;0;0;0;0;0;160
22;2;"06/01/23";2023;1;6;"2";"object";"wall";0;0;1;0;0;0;161
22;2;"06/01/23";2023;1;6;"2";"object";"pile";3;0;0;0;0;0;173
22;2;"06/01/23";2023;1;6;"2";"object";"brick_flat";0;0;1;0;0;0;180
22;2;"06/01/23";2023;1;6;"3";"room";"room";5;2;14;0;0;0;195
22;2;"06/01/23";2023;1;6;"3";"object";"tunnel";1;0;0;0;0;0;197
22;2;"06/01/23";2023;1;6;"3";"object";"chimney";0;4;0;0;0;0;198
22;2;"06/01/23";2023;1;6;"3";"object";"brick_round";1;0;0;0;0;0;214
22;2;"06/01/23";2023;1;6;"3";"object";"brick_round";1;0;0;0;0;0;216
22;2;"06/01/23";2023;1;6;"3";"object";"wall";0;0;1;0;0;0;222
22;2;"06/01/23";2023;1;6;"3";"object";"wall";0;0;1;0;0;0;231
22;2;"06/01/23";2023;1;6;"3";"object";"other";1;0;0;0;0;0;254
22;2;"06/01/23";2023;1;6;"3";"object";"other";1;0;0;0;0;0;257
22;2;"06/01/23";2023;1;6;"4";"room";"room";0;0;1;0;0;0;259
22;2;"06/01/23";2023;1;6;"4";"room";"room";11;1;11;1;0;0;259
22;2;"06/01/23";2023;1;6;"4";"object";"other";0;0;1;0;0;0;260
22;2;"06/01/23";2023;1;6;"4";"object";"other";0;0;2;0;0;0;262
22;2;"06/01/23";2023;1;6;"4";"object";"brick_flat";0;0;1;0;0;0;268
22;2;"06/01/23";2023;1;6;"4";"object";"brick_flat";0;0;1;0;0;0;276
22;2;"06/01/23";2023;1;6;"4";"object";"other";1;0;0;0;0;0;277
22;2;"06/01/23";2023;1;6;"4";"object";"brick_flat";0;0;1;0;0;0;292
22;2;"06/01/23";2023;1;6;"5";"room";"room";4;1;3;0;1;0;298
22;2;"06/01/23";2023;1;6;"5";"object";"other";0;0;1;0;0;0;305
22;2;"06/01/23";2023;1;6;"5";"object";"crevice";0;0;1;0;0;0;308
22;2;"06/01/23";2023;1;6;"5";"object";"crevice";0;0;1;0;0;0;312
22;2;"06/01/23";2023;1;6;"5";"object";"crevice";0;0;1;0;0;0;321
22;2;"06/01/23";2023;1;6;"5";"object";"crevice";0;0;0;1;0;0;325
22;2;"06/01/23";2023;1;6;"5";"object";"chimney";0;5;1;0;0;0;332
22;2;"06/01/23";2023;1;6;"5";"object";"brick_flat";1;0;0;0;0;0;343
22;2;"06/01/23";2023;1;6;"5";"object";"brick_flat";0;0;1;0;0;0;344
22;2;"06/01/23";2023;1;6;"6";"room";"room";3;0;1;0;0;0;347
22;2;"06/01/23";2023;1;6;"6";"object";"brick_flat";0;1;0;0;0;0;369
22;2;"06/01/23";2023;1;6;"6";"object";"brick_flat";1;0;1;0;0;0;370
22;2;"06/01/23";2023;1;6;"6";"object";"crevice";1;0;1;0;0;0;380
22;2;"06/01/23";2023;1;6;"6";"object";"crevice";0;0;1;0;0;0;381
22;2;"06/01/23";2023;1;6;"7";"room";"room";3;0;1;0;1;0;395
22;2;"06/01/23";2023;1;6;"7";"object";"brick_flat";0;0;1;0;0;0;409
22;2;"06/01/23";2023;1;6;"7";"object";"brick_flat";0;0;1;0;0;0;411
22;2;"06/01/23";2023;1;6;"7";"object";"brick_flat";0;0;2;0;0;0;415
22;2;"06/01/23";2023;1;6;"7";"object";"brick_flat";0;0;2;0;0;0;416
22;2;"06/01/23";2023;1;6;"7";"object";"brick_flat";0;0;1;0;0;0;417
22;2;"06/01/23";2023;1;6;"7";"object";"wall";0;0;1;0;0;0;421
22;2;"06/01/23";2023;1;6;"7";"object";"wall";0;0;1;0;0;0;424
22;2;"06/01/23";2023;1;6;"7";"object";"wall";0;0;1;0;0;0;427
22;2;"06/01/23";2023;1;6;"7";"object";"wall";1;0;0;0;0;0;430
22;2;"06/01/23";2023;1;6;"7";"object";"wall";0;0;1;0;0;0;431
22;2;"06/01/23";2023;1;6;"7";"object";"wall";1;0;0;0;0;0;433
22;2;"06/01/23";2023;1;6;"7";"object";"wall";0;0;1;0;0;0;434
22;2;"06/01/23";2023;1;6;"7";"object";"wall";1;0;0;0;0;0;436
22;2;"06/01/23";2023;1;6;"7";"object";"wall";0;0;1;0;0;0;440
22;2;"06/01/23";2023;1;6;"8";"room";"room";1;0;0;0;0;0;442
22;2;"06/01/23";2023;1;6;"8";"room";"room";7;1;0;0;0;0;442
22;2;"06/01/23";2023;1;6;"8";"object";"room";0;0;1;0;0;0;447
22;2;"06/01/23";2023;1;6;"8";"object";"brick_flat";0;0;1;0;0;0;455
22;2;"06/01/23";2023;1;6;"8";"object";"tunnel";1;0;0;0;0;0;458
22;2;"06/01/23";2023;1;6;"8";"object";"crevice";0;0;1;0;0;0;459
22;2;"06/01/23";2023;1;6;"8";"object";"room";5;0;1;0;0;0;462
22;2;"06/01/23";2023;1;6;"9";"room";"room";6;0;0;0;0;0;463
22;2;"06/01/23";2023;1;6;"9";"object";"crevice";0;0;1;0;0;0;466
22;2;"06/01/23";2023;1;6;"9";"object";"brick_large";0;4;0;0;0;0;467
22;2;"06/01/23";2023;1;6;"9";"object";"brick_large";0;1;0;0;0;0;469
22;2;"06/01/23";2023;1;6;"9";"object";"brick_large";0;1;0;0;0;0;470
22;2;"06/01/23";2023;1;6;"9";"object";"brick_large";0;1;0;0;0;0;471
22;2;"06/01/23";2023;1;6;"9";"object";"crevice";1;0;0;0;0;0;475
22;2;"06/01/23";2023;1;6;"9";"object";"brick_large";0;1;0;0;0;0;464
22;2;"06/01/23";2023;1;6;"9";"object";"brick_flat";1;0;0;0;0;0;477
22;2;"06/01/23";2023;1;6;"9";"object";"wall";0;0;1;0;0;0;486
22;2;"06/01/23";2023;1;6;"9";"object";"wall";0;0;1;0;0;0;508
22;2;"06/01/23";2023;1;6;"9";"object";"wall";0;0;1;0;0;0;509
22;2;"06/01/23";2023;1;6;"9";"object";"wall";1;0;0;0;0;0;515
22;2;"06/01/23";2023;1;6;"9";"object";"wall";0;0;1;0;0;0;522
22;2;"06/01/23";2023;1;6;"9";"object";"wall";1;0;0;0;0;0;529
22;2;"06/01/23";2023;1;6;"9";"object";"wall";0;0;1;0;0;0;531
22;2;"06/01/23";2023;1;6;"9";"object";"wall";0;0;1;0;0;0;533
22;2;"06/01/23";2023;1;6;"9";"object";"wall";0;0;1;0;0;0;534
22;2;"06/01/23";2023;1;6;"9";"object";"wall";0;0;1;0;0;0;538
22;2;"06/01/23";2023;1;6;"9";"object";"wall";1;0;0;0;0;0;547
22;2;"06/01/23";2023;1;6;"9";"object";"wall";0;0;1;0;0;0;552
22;2;"06/01/23";2023;1;6;"9";"object";"wall";0;0;1;0;0;0;553
22;2;"06/01/23";2023;1;6;"9";"object";"wall";0;0;1;0;0;0;554
22;2;"06/01/23";2023;1;6;"9";"object";"crevice";1;0;0;0;0;0;558
22;2;"06/01/23";2023;1;6;"9";"object";"brick_round";1;0;0;0;0;0;563
22;3;"20/01/23";2023;1;20;"1";"room";"room";0;0;4;0;0;0;1
22;3;"20/01/23";2023;1;20;"10";"room";"room";5;1;0;0;0;0;23
22;3;"20/01/23";2023;1;20;"10";"object";"brick_large";0;2;0;0;0;0;27
22;3;"20/01/23";2023;1;20;"10";"object";"brick_large";0;1;3;0;0;0;28
22;3;"20/01/23";2023;1;20;"10";"object";"pile";1;0;0;0;0;0;29
22;3;"20/01/23";2023;1;20;"10";"object";"brick_large";1;0;0;0;0;0;31
22;3;"20/01/23";2023;1;20;"10";"object";"brick_large";0;1;1;0;0;0;32
22;3;"20/01/23";2023;1;20;"10";"object";"brick_large";0;3;0;0;0;0;33
22;3;"20/01/23";2023;1;20;"10";"object";"brick_flat";0;0;3;0;0;0;37
22;3;"20/01/23";2023;1;20;"10";"object";"brick_flat";0;0;3;0;0;0;38
22;3;"20/01/23";2023;1;20;"10";"object";"brick_flat";2;0;0;0;0;0;39
22;3;"20/01/23";2023;1;20;"10";"object";"tunnel";1;1;0;0;0;0;40
22;3;"20/01/23";2023;1;20;"10";"object";"pile";1;0;0;0;0;0;41
22;3;"20/01/23";2023;1;20;"11";"room";"room";1;2;2;0;1;0;45
22;3;"20/01/23";2023;1;20;"11";"object";"brick_flat";0;0;1;0;0;0;54
22;3;"20/01/23";2023;1;20;"11";"object";"other";0;0;1;0;0;0;58
22;3;"20/01/23";2023;1;20;"12";"room";"room";3;0;2;0;0;0;59
22;3;"20/01/23";2023;1;20;"12";"object";"crevice";0;0;1;0;0;0;90
22;3;"20/01/23";2023;1;20;"12";"object";"pile";1;0;0;0;0;0;98
22;3;"20/01/23";2023;1;20;"12";"object";"room";1;7;1;0;0;0;100
22;3;"20/01/23";2023;1;20;"2";"room";"room";2;2;4;0;0;0;102
22;3;"20/01/23";2023;1;20;"2";"object";"wall";0;0;1;0;0;0;107
22;3;"20/01/23";2023;1;20;"2";"object";"wall";1;0;0;0;0;0;108
22;3;"20/01/23";2023;1;20;"2";"object";"wall";1;0;0;0;0;0;112
22;3;"20/01/23";2023;1;20;"2";"object";"wall";0;0;1;0;0;0;116
22;3;"20/01/23";2023;1;20;"2";"object";"wall";1;0;0;0;0;0;131
22;3;"20/01/23";2023;1;20;"2";"object";"wall";0;0;1;0;0;0;132
22;3;"20/01/23";2023;1;20;"2";"object";"wall";0;0;1;0;0;0;135
22;3;"20/01/23";2023;1;20;"2";"object";"wall";0;0;1;0;0;0;136
22;3;"20/01/23";2023;1;20;"2";"object";"wall";0;0;1;0;0;0;137
22;3;"20/01/23";2023;1;20;"2";"object";"wall";0;0;1;0;0;0;146
22;3;"20/01/23";2023;1;20;"2";"object";"wall";0;0;1;0;0;0;156
22;3;"20/01/23";2023;1;20;"2";"object";"wall";1;0;0;0;0;0;157
22;3;"20/01/23";2023;1;20;"2";"object";"wall";1;0;0;0;0;0;167
22;3;"20/01/23";2023;1;20;"2";"object";"pile";1;0;0;0;0;0;173
22;3;"20/01/23";2023;1;20;"2";"object";"brick_flat";1;0;1;0;0;0;180
22;3;"20/01/23";2023;1;20;"3";"room";"room";3;0;12;0;0;0;195
22;3;"20/01/23";2023;1;20;"3";"object";"chimney";0;5;0;0;0;0;198
22;3;"20/01/23";2023;1;20;"3";"object";"crevice";0;0;1;0;0;0;199
22;3;"20/01/23";2023;1;20;"3";"object";"brick_round";1;0;0;0;0;0;216
22;3;"20/01/23";2023;1;20;"3";"object";"wall";1;0;0;0;0;0;237
22;3;"20/01/23";2023;1;20;"3";"object";"wall";0;0;1;0;0;0;250
22;3;"20/01/23";2023;1;20;"3";"object";"other";0;0;1;0;0;0;258
22;3;"20/01/23";2023;1;20;"4";"room";"room";10;1;9;0;0;0;259
22;3;"20/01/23";2023;1;20;"4";"object";"other";1;0;2;0;0;0;262
22;3;"20/01/23";2023;1;20;"4";"object";"crevice";1;0;0;0;0;0;263
22;3;"20/01/23";2023;1;20;"4";"object";"brick_flat";0;0;1;0;0;0;268
22;3;"20/01/23";2023;1;20;"4";"object";"brick_flat";0;0;1;0;0;0;276
22;3;"20/01/23";2023;1;20;"4";"object";"other";0;0;1;0;0;0;278
22;3;"20/01/23";2023;1;20;"4";"object";"brick_flat";0;0;1;0;0;0;292
22;3;"20/01/23";2023;1;20;"5";"room";"room";3;1;2;0;1;0;298
22;3;"20/01/23";2023;1;20;"5";"object";"other";0;0;1;0;0;0;305
22;3;"20/01/23";2023;1;20;"5";"object";"crevice";0;0;1;0;0;0;308
22;3;"20/01/23";2023;1;20;"5";"object";"crevice";0;0;1;0;0;0;311
22;3;"20/01/23";2023;1;20;"5";"object";"crevice";0;0;1;0;0;0;321
22;3;"20/01/23";2023;1;20;"5";"object";"crevice";0;0;0;1;0;0;325
22;3;"20/01/23";2023;1;20;"5";"object";"chimney";0;3;0;0;0;0;332
22;3;"20/01/23";2023;1;20;"5";"object";"room";1;0;0;0;0;0;333
22;3;"20/01/23";2023;1;20;"5";"object";"brick_flat";0;0;1;0;0;0;344
22;3;"20/01/23";2023;1;20;"5";"object";"brick_flat";1;0;0;0;0;0;346
22;3;"20/01/23";2023;1;20;"6";"room";"room";3;0;1;0;0;0;347
22;3;"20/01/23";2023;1;20;"6";"object";"brick_large";1;0;0;0;0;0;351
22;3;"20/01/23";2023;1;20;"6";"object";"brick_large";0;0;0;0;1;0;354
22;3;"20/01/23";2023;1;20;"6";"object";"brick_large";0;0;2;0;0;0;361
22;3;"20/01/23";2023;1;20;"6";"object";"chimney";0;2;0;0;0;0;367
22;3;"20/01/23";2023;1;20;"6";"object";"crevice";1;0;0;0;0;0;380
22;3;"20/01/23";2023;1;20;"6";"object";"crevice";0;0;1;0;0;0;384
22;3;"20/01/23";2023;1;20;"6";"object";"crevice";0;0;1;0;0;0;387
22;3;"20/01/23";2023;1;20;"6";"object";"crevice";1;0;0;0;0;0;390
22;3;"20/01/23";2023;1;20;"7";"room";"room";5;0;0;0;0;0;395
22;3;"20/01/23";2023;1;20;"7";"object";"crevice";0;0;1;0;0;0;404
22;3;"20/01/23";2023;1;20;"7";"object";"brick_flat";0;0;2;0;0;0;409
22;3;"20/01/23";2023;1;20;"7";"object";"brick_flat";1;0;2;0;0;0;413
22;3;"20/01/23";2023;1;20;"7";"object";"brick_flat";0;0;1;0;0;0;415
22;3;"20/01/23";2023;1;20;"7";"object";"brick_flat";0;0;1;0;0;0;416
22;3;"20/01/23";2023;1;20;"7";"object";"brick_flat";0;0;3;0;0;0;417
22;3;"20/01/23";2023;1;20;"7";"object";"wall";0;0;1;0;0;0;419
22;3;"20/01/23";2023;1;20;"7";"object";"wall";0;0;1;0;0;0;421
22;3;"20/01/23";2023;1;20;"7";"object";"wall";0;0;1;0;0;0;424
22;3;"20/01/23";2023;1;20;"7";"object";"wall";1;0;0;0;0;0;425
22;3;"20/01/23";2023;1;20;"7";"object";"wall";1;0;0;0;0;0;430
22;3;"20/01/23";2023;1;20;"7";"object";"wall";0;0;1;0;0;0;434
22;3;"20/01/23";2023;1;20;"7";"object";"wall";0;0;1;0;0;0;439
22;3;"20/01/23";2023;1;20;"8";"room";"room";10;1;1;1;0;0;442
22;3;"20/01/23";2023;1;20;"8";"object";"brick_large";1;0;0;0;0;0;446
22;3;"20/01/23";2023;1;20;"8";"object";"chimney";1;0;0;0;0;0;454
22;3;"20/01/23";2023;1;20;"8";"object";"tunnel";1;0;0;0;0;0;460
22;3;"20/01/23";2023;1;20;"8";"object";"room";2;0;0;0;0;0;462
22;3;"20/01/23";2023;1;20;"9";"room";"room";3;0;0;0;0;0;463
22;3;"20/01/23";2023;1;20;"9";"object";"brick_large";0;2;0;0;0;0;464
22;3;"20/01/23";2023;1;20;"9";"object";"crevice";0;0;1;0;0;0;466
22;3;"20/01/23";2023;1;20;"9";"object";"brick_large";0;2;0;0;0;0;467
22;3;"20/01/23";2023;1;20;"9";"object";"brick_large";0;2;0;0;0;0;469
22;3;"20/01/23";2023;1;20;"9";"object";"brick_flat";0;0;1;0;0;0;478
22;3;"20/01/23";2023;1;20;"9";"object";"wall";0;0;1;0;0;0;486
22;3;"20/01/23";2023;1;20;"9";"object";"wall";0;0;1;0;0;0;490
22;3;"20/01/23";2023;1;20;"9";"object";"wall";0;0;1;0;0;0;504
22;3;"20/01/23";2023;1;20;"9";"object";"wall";0;0;1;0;0;0;505
22;3;"20/01/23";2023;1;20;"9";"object";"wall";1;0;0;0;0;0;507
22;3;"20/01/23";2023;1;20;"9";"object";"wall";0;0;1;0;0;0;508
22;3;"20/01/23";2023;1;20;"9";"object";"wall";1;0;0;0;0;0;495
22;3;"20/01/23";2023;1;20;"9";"object";"wall";0;0;1;0;0;0;509
22;3;"20/01/23";2023;1;20;"9";"object";"wall";0;0;1;0;0;0;513
22;3;"20/01/23";2023;1;20;"9";"object";"wall";1;0;0;0;0;0;515
22;3;"20/01/23";2023;1;20;"9";"object";"wall";0;0;1;0;0;0;533
22;3;"20/01/23";2023;1;20;"9";"object";"wall";0;0;1;0;0;0;538
22;3;"20/01/23";2023;1;20;"9";"object";"wall";1;0;0;0;0;0;548
22;3;"20/01/23";2023;1;20;"9";"object";"wall";1;0;0;0;0;0;551
22;3;"20/01/23";2023;1;20;"9";"object";"wall";0;0;1;0;0;0;552
22;3;"20/01/23";2023;1;20;"9";"object";"wall";0;0;1;0;0;0;553
22;4;"10/02/23";2023;2;10;"1";"room";"room";0;0;2;0;0;0;1
22;4;"10/02/23";2023;2;10;"1";"object";"crevice";2;0;0;0;0;0;22
22;4;"10/02/23";2023;2;10;"10";"room";"room";8;1;0;0;0;0;23
22;4;"10/02/23";2023;2;10;"10";"object";"brick_large";0;4;0;0;0;0;27
22;4;"10/02/23";2023;2;10;"10";"object";"brick_large";0;0;3;0;0;0;28
22;4;"10/02/23";2023;2;10;"10";"object";"brick_large";0;3;0;0;0;0;32
22;4;"10/02/23";2023;2;10;"10";"object";"brick_large";0;4;1;0;0;0;33
22;4;"10/02/23";2023;2;10;"10";"object";"brick_large";0;3;0;0;0;0;34
22;4;"10/02/23";2023;2;10;"10";"object";"brick_flat";0;0;5;0;0;0;37
22;4;"10/02/23";2023;2;10;"10";"object";"brick_flat";0;0;4;0;0;0;38
22;4;"10/02/23";2023;2;10;"10";"object";"brick_flat";1;0;0;0;0;0;39
22;4;"10/02/23";2023;2;10;"10";"object";"tunnel";3;0;0;0;0;0;40
22;4;"10/02/23";2023;2;10;"10";"object";"tunnel";3;0;0;0;0;0;42
22;4;"10/02/23";2023;2;10;"10";"object";"tunnel";1;0;0;0;0;0;44
22;4;"10/02/23";2023;2;10;"11";"room";"room";0;2;3;0;1;0;45
22;4;"10/02/23";2023;2;10;"11";"object";"chimney";0;1;0;0;0;0;47
22;4;"10/02/23";2023;2;10;"11";"object";"other";0;0;1;0;0;0;58
22;4;"10/02/23";2023;2;10;"12";"room";"room";2;0;3;0;0;0;59
22;4;"10/02/23";2023;2;10;"12";"object";"wall";1;0;0;0;0;0;61
22;4;"10/02/23";2023;2;10;"12";"object";"wall";1;0;0;0;0;0;72
22;4;"10/02/23";2023;2;10;"12";"object";"crevice";0;0;2;0;0;0;90
22;4;"10/02/23";2023;2;10;"12";"object";"brick_flat";0;0;1;0;0;0;93
22;4;"10/02/23";2023;2;10;"12";"object";"pile";1;0;0;0;0;0;98
22;4;"10/02/23";2023;2;10;"12";"object";"pile";2;0;0;0;0;0;99
22;4;"10/02/23";2023;2;10;"12";"object";"room";2;2;0;0;0;0;100
22;4;"10/02/23";2023;2;10;"2";"room";"room";6;1;4;0;0;0;102
22;4;"10/02/23";2023;2;10;"2";"object";"wall";1;0;1;0;0;0;107
22;4;"10/02/23";2023;2;10;"2";"object";"wall";0;0;1;0;0;0;117
22;4;"10/02/23";2023;2;10;"2";"object";"wall";1;0;0;0;0;0;120
22;4;"10/02/23";2023;2;10;"2";"object";"wall";1;0;0;0;0;0;142
22;4;"10/02/23";2023;2;10;"2";"object";"pile";1;0;0;0;0;0;173
22;4;"10/02/23";2023;2;10;"3";"room";"room";6;1;14;0;0;0;195
22;4;"10/02/23";2023;2;10;"3";"object";"chimney";1;6;0;0;0;0;198
22;4;"10/02/23";2023;2;10;"3";"object";"wall";0;0;1;0;0;0;218
22;4;"10/02/23";2023;2;10;"4";"room";"room";5;1;6;1;0;0;259
22;4;"10/02/23";2023;2;10;"4";"object";"other";0;0;2;0;0;0;262
22;4;"10/02/23";2023;2;10;"4";"object";"crevice";0;1;0;0;0;0;264
22;4;"10/02/23";2023;2;10;"4";"object";"brick_flat";0;0;1;0;0;0;268
22;4;"10/02/23";2023;2;10;"4";"object";"brick_flat";0;0;1;0;0;0;274
22;4;"10/02/23";2023;2;10;"4";"object";"other";1;0;0;0;0;0;277
22;4;"10/02/23";2023;2;10;"4";"object";"other";0;0;1;0;0;0;281
22;4;"10/02/23";2023;2;10;"4";"object";"brick_flat";0;0;1;0;0;0;283
22;4;"10/02/23";2023;2;10;"4";"object";"brick_flat";0;0;1;0;0;0;292
22;4;"10/02/23";2023;2;10;"5";"room";"room";2;1;2;0;0;0;298
22;4;"10/02/23";2023;2;10;"5";"object";"crevice";0;0;1;0;0;0;306
22;4;"10/02/23";2023;2;10;"5";"object";"crevice";0;0;1;0;0;0;308
22;4;"10/02/23";2023;2;10;"5";"object";"crevice";0;0;1;0;0;0;311
22;4;"10/02/23";2023;2;10;"5";"object";"brick_flat";0;0;1;0;0;0;315
22;4;"10/02/23";2023;2;10;"5";"object";"crevice";0;0;1;0;0;0;321
22;4;"10/02/23";2023;2;10;"5";"object";"crevice";0;0;0;1;0;0;325
22;4;"10/02/23";2023;2;10;"5";"object";"chimney";1;1;2;0;0;0;332
22;4;"10/02/23";2023;2;10;"6";"room";"room";3;0;0;0;0;0;347
22;4;"10/02/23";2023;2;10;"6";"object";"brick_large";1;0;1;0;0;0;353
22;4;"10/02/23";2023;2;10;"6";"object";"brick_large";0;1;0;0;0;0;356
22;4;"10/02/23";2023;2;10;"6";"object";"brick_large";1;0;1;0;0;0;358
22;4;"10/02/23";2023;2;10;"6";"object";"brick_large";0;0;1;0;1;0;365
22;4;"10/02/23";2023;2;10;"6";"object";"chimney";0;3;0;0;0;0;367
22;4;"10/02/23";2023;2;10;"6";"object";"brick_flat";0;0;2;0;0;0;369
22;4;"10/02/23";2023;2;10;"6";"object";"brick_flat";0;0;1;0;0;0;373
22;4;"10/02/23";2023;2;10;"6";"object";"crevice";0;0;1;0;0;0;384
22;4;"10/02/23";2023;2;10;"6";"object";"brick_flat";1;0;1;0;0;0;393
22;4;"10/02/23";2023;2;10;"7";"room";"room";8;0;0;0;0;0;395
22;4;"10/02/23";2023;2;10;"7";"object";"crevice";0;0;1;0;0;0;404
22;4;"10/02/23";2023;2;10;"7";"object";"brick_flat";0;0;2;0;0;0;409
22;4;"10/02/23";2023;2;10;"7";"object";"brick_flat";0;0;3;0;0;0;411
22;4;"10/02/23";2023;2;10;"7";"object";"brick_flat";1;0;3;0;0;0;413
22;4;"10/02/23";2023;2;10;"7";"object";"brick_flat";0;0;1;0;0;0;414
22;4;"10/02/23";2023;2;10;"7";"object";"brick_flat";0;0;2;0;0;0;415
22;4;"10/02/23";2023;2;10;"7";"object";"brick_flat";0;0;1;0;0;0;416
22;4;"10/02/23";2023;2;10;"7";"object";"brick_flat";0;0;3;0;0;0;417
22;4;"10/02/23";2023;2;10;"7";"object";"wall";0;0;1;0;0;0;424
22;4;"10/02/23";2023;2;10;"7";"object";"wall";1;0;0;0;0;0;430
22;4;"10/02/23";2023;2;10;"7";"object";"wall";0;0;1;0;0;0;434
22;4;"10/02/23";2023;2;10;"8";"room";"room";5;2;1;0;0;0;442
22;4;"10/02/23";2023;2;10;"8";"object";"brick_large";0;1;0;0;0;0;445
22;4;"10/02/23";2023;2;10;"8";"object";"brick_large";0;0;3;0;0;0;450
22;4;"10/02/23";2023;2;10;"8";"object";"chimney";2;0;0;0;0;0;454
22;4;"10/02/23";2023;2;10;"8";"object";"tunnel";1;0;0;0;0;0;460
22;4;"10/02/23";2023;2;10;"8";"object";"tunnel";1;0;0;0;0;0;461
22;4;"10/02/23";2023;2;10;"8";"object";"room";4;0;0;0;0;0;462
22;4;"10/02/23";2023;2;10;"9";"room";"room";5;0;0;0;0;0;463
22;4;"10/02/23";2023;2;10;"9";"object";"brick_large";0;2;0;0;0;0;464
22;4;"10/02/23";2023;2;10;"9";"object";"crevice";0;0;1;0;0;0;466
22;4;"10/02/23";2023;2;10;"9";"object";"brick_large";0;1;0;0;0;0;468
22;4;"10/02/23";2023;2;10;"9";"object";"brick_large";0;1;1;0;0;0;469
22;4;"10/02/23";2023;2;10;"9";"object";"brick_large";0;1;0;0;0;0;472
22;4;"10/02/23";2023;2;10;"9";"object";"brick_large";0;1;0;0;0;0;473
22;4;"10/02/23";2023;2;10;"9";"object";"brick_flat";0;0;1;0;0;0;477
22;4;"10/02/23";2023;2;10;"9";"object";"brick_flat";0;1;0;0;0;0;478
22;4;"10/02/23";2023;2;10;"9";"object";"brick_flat";1;0;0;0;0;0;479
22;4;"10/02/23";2023;2;10;"9";"object";"brick_flat";0;0;1;0;0;0;480
22;4;"10/02/23";2023;2;10;"9";"object";"brick_flat";0;0;2;0;0;0;481
22;4;"10/02/23";2023;2;10;"9";"object";"wall";0;0;1;0;0;0;490
22;4;"10/02/23";2023;2;10;"9";"object";"wall";0;0;1;0;0;0;504
22;4;"10/02/23";2023;2;10;"9";"object";"wall";0;0;1;0;0;0;505
22;4;"10/02/23";2023;2;10;"9";"object";"wall";1;0;0;0;0;0;515
22;4;"10/02/23";2023;2;10;"9";"object";"wall";0;0;1;0;0;0;538
22;4;"10/02/23";2023;2;10;"9";"object";"wall";0;0;1;0;0;0;552
22;4;"10/02/23";2023;2;10;"9";"object";"wall";0;0;1;0;0;0;553
22;5;"08/03/23";2023;3;8;"1";"room";"room";1;0;2;0;0;0;1
22;5;"08/03/23";2023;3;8;"10";"room";"room";5;1;0;0;0;0;23
22;5;"08/03/23";2023;3;8;"10";"object";"brick_large";0;1;0;0;0;0;25
22;5;"08/03/23";2023;3;8;"10";"object";"brick_large";0;4;0;0;0;0;27
22;5;"08/03/23";2023;3;8;"10";"object";"brick_large";0;2;1;0;0;0;28
22;5;"08/03/23";2023;3;8;"10";"object";"pile";1;0;0;0;0;0;29
22;5;"08/03/23";2023;3;8;"10";"object";"brick_large";0;4;0;0;0;0;32
22;5;"08/03/23";2023;3;8;"10";"object";"brick_large";0;3;1;0;0;0;33
22;5;"08/03/23";2023;3;8;"10";"object";"brick_large";0;1;0;0;0;0;34
22;5;"08/03/23";2023;3;8;"10";"object";"brick_flat";0;0;5;0;0;0;37
22;5;"08/03/23";2023;3;8;"10";"object";"brick_flat";0;0;4;0;0;0;38
22;5;"08/03/23";2023;3;8;"10";"object";"brick_flat";1;0;3;0;0;0;39
22;5;"08/03/23";2023;3;8;"10";"object";"pile";2;0;0;0;0;0;41
22;5;"08/03/23";2023;3;8;"10";"object";"pile";1;0;0;0;0;0;43
22;5;"08/03/23";2023;3;8;"10";"object";"tunnel";2;0;0;0;0;0;44
22;5;"08/03/23";2023;3;8;"11";"room";"room";1;2;2;0;0;0;45
22;5;"08/03/23";2023;3;8;"11";"object";"tunnel";0;0;1;0;0;0;52
22;5;"08/03/23";2023;3;8;"11";"object";"other";0;1;0;0;0;0;56
22;5;"08/03/23";2023;3;8;"12";"room";"room";1;0;2;0;0;0;59
22;5;"08/03/23";2023;3;8;"12";"object";"wall";1;0;0;0;0;0;73
22;5;"08/03/23";2023;3;8;"12";"object";"wall";1;0;0;0;0;0;77
22;5;"08/03/23";2023;3;8;"12";"object";"pile";1;0;0;0;0;0;98
22;5;"08/03/23";2023;3;8;"12";"object";"pile";1;0;0;0;0;0;99
22;5;"08/03/23";2023;3;8;"12";"object";"room";2;1;0;0;0;0;100
22;5;"08/03/23";2023;3;8;"12";"object";"crevice";1;0;0;0;0;0;101
22;5;"08/03/23";2023;3;8;"2";"room";"room";5;1;2;1;0;0;102
22;5;"08/03/23";2023;3;8;"2";"object";"wall";1;0;0;0;0;0;107
22;5;"08/03/23";2023;3;8;"2";"object";"wall";0;0;1;0;0;0;134
22;5;"08/03/23";2023;3;8;"2";"object";"wall";1;0;0;0;0;0;154
22;5;"08/03/23";2023;3;8;"2";"object";"wall";1;0;0;0;0;0;157
22;5;"08/03/23";2023;3;8;"2";"object";"brick_flat";1;0;0;0;0;0;183
22;5;"08/03/23";2023;3;8;"2";"object";"brick_flat";1;0;0;0;0;0;193
22;5;"08/03/23";2023;3;8;"3";"room";"room";6;1;14;0;0;0;195
22;5;"08/03/23";2023;3;8;"3";"object";"chimney";1;4;0;0;0;0;198
22;5;"08/03/23";2023;3;8;"3";"object";"wall";0;0;1;0;0;0;228
22;5;"08/03/23";2023;3;8;"4";"room";"room";6;1;7;1;0;0;259
22;5;"08/03/23";2023;3;8;"4";"object";"crevice";0;0;2;0;0;0;263
22;5;"08/03/23";2023;3;8;"4";"object";"other";1;0;0;0;0;0;277
22;5;"08/03/23";2023;3;8;"4";"object";"brick_flat";0;0;1;0;0;0;284
22;5;"08/03/23";2023;3;8;"4";"object";"brick_flat";0;0;1;0;0;0;295
22;5;"08/03/23";2023;3;8;"5";"room";"room";4;1;3;0;0;0;298
22;5;"08/03/23";2023;3;8;"5";"object";"crevice";0;0;1;0;0;0;310
22;5;"08/03/23";2023;3;8;"5";"object";"brick_flat";0;0;1;0;0;0;314
22;5;"08/03/23";2023;3;8;"5";"object";"crevice";0;0;1;0;0;0;321
22;5;"08/03/23";2023;3;8;"5";"object";"chimney";0;1;0;0;0;0;332
22;5;"08/03/23";2023;3;8;"5";"object";"brick_flat";0;0;1;0;0;0;340
22;5;"08/03/23";2023;3;8;"6";"room";"room";3;0;0;0;0;0;347
22;5;"08/03/23";2023;3;8;"6";"object";"brick_large";1;0;0;0;0;0;352
22;5;"08/03/23";2023;3;8;"6";"object";"brick_large";0;0;2;0;0;0;353
22;5;"08/03/23";2023;3;8;"6";"object";"brick_large";0;1;0;0;0;0;356
22;5;"08/03/23";2023;3;8;"6";"object";"brick_large";0;0;1;0;0;0;359
22;5;"08/03/23";2023;3;8;"6";"object";"brick_large";0;1;0;0;0;0;361
22;5;"08/03/23";2023;3;8;"6";"object";"brick_large";0;1;0;0;0;0;363
22;5;"08/03/23";2023;3;8;"6";"object";"brick_large";0;0;1;0;0;0;364
22;5;"08/03/23";2023;3;8;"6";"object";"chimney";0;3;0;0;0;0;367
22;5;"08/03/23";2023;3;8;"6";"object";"brick_flat";0;0;1;0;0;0;370
22;5;"08/03/23";2023;3;8;"6";"object";"brick_flat";0;0;1;0;0;0;372
22;5;"08/03/23";2023;3;8;"6";"object";"brick_flat";0;0;1;0;0;0;373
22;5;"08/03/23";2023;3;8;"6";"object";"brick_flat";1;0;0;0;0;0;392
22;5;"08/03/23";2023;3;8;"6";"object";"brick_flat";0;0;1;0;0;0;393
22;5;"08/03/23";2023;3;8;"7";"room";"room";8;0;0;0;0;0;395
22;5;"08/03/23";2023;3;8;"7";"object";"brick_flat";0;0;1;0;0;0;400
22;5;"08/03/23";2023;3;8;"7";"object";"brick_large";2;0;3;0;0;0;403
22;5;"08/03/23";2023;3;8;"7";"object";"brick_flat";0;0;4;0;0;0;411
22;5;"08/03/23";2023;3;8;"7";"object";"brick_flat";0;0;2;0;0;0;413
22;5;"08/03/23";2023;3;8;"7";"object";"brick_flat";0;0;2;0;0;0;414
22;5;"08/03/23";2023;3;8;"7";"object";"brick_flat";0;0;3;0;0;0;415
22;5;"08/03/23";2023;3;8;"7";"object";"brick_flat";0;0;1;0;0;0;417
22;5;"08/03/23";2023;3;8;"7";"object";"wall";1;0;0;0;0;0;422
22;5;"08/03/23";2023;3;8;"7";"object";"wall";0;0;1;0;0;0;432
22;5;"08/03/23";2023;3;8;"8";"room";"room";3;2;0;0;0;0;442
22;5;"08/03/23";2023;3;8;"8";"object";"brick_large";0;1;0;0;0;0;444
22;5;"08/03/23";2023;3;8;"8";"object";"brick_large";0;0;1;0;0;0;445
22;5;"08/03/23";2023;3;8;"8";"object";"brick_large";0;0;2;0;0;0;448
22;5;"08/03/23";2023;3;8;"8";"object";"brick_large";0;1;0;0;0;0;450
22;5;"08/03/23";2023;3;8;"8";"object";"tunnel";1;0;0;0;0;0;458
22;5;"08/03/23";2023;3;8;"8";"object";"room";1;0;0;0;0;0;462
22;5;"08/03/23";2023;3;8;"9";"room";"room";6;0;0;0;0;0;463
22;5;"08/03/23";2023;3;8;"9";"object";"brick_large";0;5;0;0;0;0;464
22;5;"08/03/23";2023;3;8;"9";"object";"brick_large";0;1;0;0;0;0;468
22;5;"08/03/23";2023;3;8;"9";"object";"brick_large";0;1;1;0;0;0;470
22;5;"08/03/23";2023;3;8;"9";"object";"brick_large";0;1;0;0;0;0;472
22;5;"08/03/23";2023;3;8;"9";"object";"brick_flat";0;1;0;0;0;0;478
22;5;"08/03/23";2023;3;8;"9";"object";"brick_flat";0;0;3;0;0;0;481
22;5;"08/03/23";2023;3;8;"9";"object";"brick_flat";0;0;1;0;0;0;482
22;5;"08/03/23";2023;3;8;"9";"object";"wall";0;0;1;0;0;0;508
22;5;"08/03/23";2023;3;8;"9";"object";"wall";1;0;0;0;0;0;515
22;5;"08/03/23";2023;3;8;"9";"object";"wall";0;0;1;0;0;0;533
22;5;"08/03/23";2023;3;8;"9";"object";"wall";0;0;1;0;0;0;536
22;5;"08/03/23";2023;3;8;"9";"object";"wall";1;0;0;0;0;0;548
22;5;"08/03/23";2023;3;8;"9";"object";"wall";1;0;0;0;0;0;553
22;6;"22/03/23";2023;3;22;"1";"room";"room";2;1;0;0;0;0;1
22;6;"22/03/23";2023;3;22;"10";"room";"room";4;1;0;1;0;0;23
22;6;"22/03/23";2023;3;22;"10";"object";"brick_large";0;2;0;0;0;0;27
22;6;"22/03/23";2023;3;22;"10";"object";"brick_large";0;4;0;0;0;0;28
22;6;"22/03/23";2023;3;22;"10";"object";"brick_large";0;4;0;0;0;0;32
22;6;"22/03/23";2023;3;22;"10";"object";"brick_large";0;3;0;0;0;0;33
22;6;"22/03/23";2023;3;22;"10";"object";"brick_large";0;1;0;0;0;0;34
22;6;"22/03/23";2023;3;22;"10";"object";"brick_flat";0;0;3;0;0;0;37
22;6;"22/03/23";2023;3;22;"10";"object";"brick_flat";0;0;4;0;0;0;39
22;6;"22/03/23";2023;3;22;"10";"object";"pile";1;0;0;0;0;0;41
22;6;"22/03/23";2023;3;22;"10";"object";"tunnel";1;0;0;0;0;0;42
22;6;"22/03/23";2023;3;22;"11";"room";"room";0;2;0;0;0;0;45
22;6;"22/03/23";2023;3;22;"11";"object";"chimney";0;0;1;0;0;0;47
22;6;"22/03/23";2023;3;22;"11";"object";"tunnel";1;0;0;0;0;0;52
22;6;"22/03/23";2023;3;22;"12";"object";"wall";2;0;0;0;0;0;65
22;6;"22/03/23";2023;3;22;"12";"object";"wall";1;0;0;0;0;0;68
22;6;"22/03/23";2023;3;22;"12";"object";"wall";1;0;0;0;0;0;73
22;6;"22/03/23";2023;3;22;"12";"object";"pile";1;0;0;0;0;0;98
22;6;"22/03/23";2023;3;22;"12";"object";"room";0;1;1;0;0;0;100
22;6;"22/03/23";2023;3;22;"2";"room";"room";0;1;1;1;0;0;102
22;6;"22/03/23";2023;3;22;"2";"object";"wall";1;0;0;0;0;0;129
22;6;"22/03/23";2023;3;22;"2";"object";"wall";1;0;0;0;0;0;154
22;6;"22/03/23";2023;3;22;"2";"object";"wall";1;0;0;0;0;0;157
22;6;"22/03/23";2023;3;22;"3";"room";"room";1;1;6;0;0;0;195
22;6;"22/03/23";2023;3;22;"3";"object";"chimney";2;4;0;0;0;0;198
22;6;"22/03/23";2023;3;22;"3";"object";"wall";1;0;0;0;0;0;217
22;6;"22/03/23";2023;3;22;"3";"object";"wall";1;0;0;0;0;0;244
22;6;"22/03/23";2023;3;22;"4";"room";"room";9;1;2;1;0;0;259
22;6;"22/03/23";2023;3;22;"4";"object";"crevice";0;1;0;0;0;0;263
22;6;"22/03/23";2023;3;22;"4";"object";"brick_flat";0;0;1;0;0;0;292
22;6;"22/03/23";2023;3;22;"4";"object";"brick_flat";0;0;1;0;0;0;293
22;6;"22/03/23";2023;3;22;"5";"room";"room";1;1;1;0;0;0;298
22;6;"22/03/23";2023;3;22;"5";"object";"crevice";0;0;1;0;0;0;322
22;6;"22/03/23";2023;3;22;"5";"object";"chimney";0;0;1;0;0;0;332
22;6;"22/03/23";2023;3;22;"5";"object";"other";1;0;0;0;0;0;335
22;6;"22/03/23";2023;3;22;"5";"object";"brick_flat";0;0;1;0;0;0;340
22;6;"22/03/23";2023;3;22;"6";"object";"brick_flat";1;0;0;0;0;0;348
22;6;"22/03/23";2023;3;22;"6";"object";"brick_large";0;1;0;0;0;0;356
22;6;"22/03/23";2023;3;22;"6";"object";"brick_large";0;1;0;0;0;0;358
22;6;"22/03/23";2023;3;22;"6";"object";"chimney";0;1;0;0;0;0;367
22;6;"22/03/23";2023;3;22;"6";"object";"brick_flat";0;1;0;0;0;0;369
22;6;"22/03/23";2023;3;22;"7";"room";"room";1;0;0;0;0;0;395
22;6;"22/03/23";2023;3;22;"7";"object";"brick_flat";1;0;0;0;0;0;399
22;6;"22/03/23";2023;3;22;"7";"object";"brick_large";0;1;1;0;0;0;401
22;6;"22/03/23";2023;3;22;"7";"object";"brick_large";1;1;1;0;0;0;403
22;6;"22/03/23";2023;3;22;"7";"object";"brick_flat";0;0;1;0;0;0;409
22;6;"22/03/23";2023;3;22;"7";"object";"brick_flat";0;0;3;0;0;0;411
22;6;"22/03/23";2023;3;22;"7";"object";"brick_flat";0;0;1;0;0;0;413
22;6;"22/03/23";2023;3;22;"7";"object";"wall";0;0;1;0;0;0;424
22;6;"22/03/23";2023;3;22;"8";"room";"room";4;1;1;0;0;0;442
22;6;"22/03/23";2023;3;22;"8";"object";"brick_large";0;1;0;0;0;0;450
22;6;"22/03/23";2023;3;22;"8";"object";"chimney";0;1;0;0;0;0;454
22;6;"22/03/23";2023;3;22;"9";"room";"room";3;0;0;0;0;0;463
22;6;"22/03/23";2023;3;22;"9";"object";"brick_large";0;2;0;0;0;0;467
22;6;"22/03/23";2023;3;22;"9";"object";"brick_large";0;1;0;0;0;0;468
22;6;"22/03/23";2023;3;22;"9";"object";"brick_large";0;2;0;0;0;0;471
22;6;"22/03/23";2023;3;22;"9";"object";"brick_large";0;1;1;0;0;0;472
22;6;"22/03/23";2023;3;22;"9";"object";"brick_large";0;2;0;0;0;0;474
22;6;"22/03/23";2023;3;22;"9";"object";"brick_flat";0;0;1;0;0;0;482
22;6;"22/03/23";2023;3;22;"9";"object";"wall";1;0;0;0;0;0;490
22;6;"22/03/23";2023;3;22;"9";"object";"wall";1;0;0;0;0;0;523
22;6;"22/03/23";2023;3;22;"9";"object";"wall";0;0;1;0;0;0;535
22;7;"31/03/23";2023;3;31;"1";"room";"room";1;0;0;0;0;0;1
22;7;"31/03/23";2023;3;31;"10";"room";"room";3;1;0;0;0;0;23
22;7;"31/03/23";2023;3;31;"10";"object";"brick_large";0;1;0;0;0;0;27
22;7;"31/03/23";2023;3;31;"10";"object";"brick_large";0;5;0;0;0;0;32
22;7;"31/03/23";2023;3;31;"10";"object";"brick_large";0;2;0;0;0;0;33
22;7;"31/03/23";2023;3;31;"10";"object";"brick_flat";1;0;0;0;0;0;37
22;7;"31/03/23";2023;3;31;"10";"object";"brick_flat";1;0;0;0;0;0;38
22;7;"31/03/23";2023;3;31;"11";"room";"room";0;1;1;0;0;0;45
22;7;"31/03/23";2023;3;31;"11";"object";"chimney";0;1;1;0;0;0;47
22;7;"31/03/23";2023;3;31;"12";"room";"room";1;0;0;0;0;0;59
22;7;"31/03/23";2023;3;31;"12";"object";"wall";2;0;0;0;0;0;70
22;7;"31/03/23";2023;3;31;"12";"object";"wall";2;0;0;0;0;0;73
22;7;"31/03/23";2023;3;31;"12";"object";"pile";1;0;0;0;0;0;98
22;7;"31/03/23";2023;3;31;"12";"object";"room";0;2;1;0;0;0;100
22;7;"31/03/23";2023;3;31;"2";"room";"room";1;1;0;1;0;0;102
22;7;"31/03/23";2023;3;31;"2";"object";"wall";1;0;0;0;0;0;129
22;7;"31/03/23";2023;3;31;"2";"object";"wall";1;0;0;0;0;0;157
22;7;"31/03/23";2023;3;31;"3";"room";"room";2;1;2;0;0;0;195
22;7;"31/03/23";2023;3;31;"3";"object";"chimney";0;2;0;0;0;0;198
22;7;"31/03/23";2023;3;31;"4";"room";"room";3;0;0;1;0;0;259
22;7;"31/03/23";2023;3;31;"5";"room";"room";1;1;0;1;0;0;298
22;7;"31/03/23";2023;3;31;"6";"room";"room";1;0;0;0;0;0;347
22;7;"31/03/23";2023;3;31;"6";"object";"brick_flat";2;0;0;0;0;0;348
22;7;"31/03/23";2023;3;31;"6";"object";"brick_large";0;1;0;0;0;0;355
22;7;"31/03/23";2023;3;31;"6";"object";"brick_large";0;1;0;0;0;0;356
22;7;"31/03/23";2023;3;31;"6";"object";"brick_large";1;0;0;0;0;0;360
22;7;"31/03/23";2023;3;31;"6";"object";"brick_large";0;1;0;0;0;0;363
22;7;"31/03/23";2023;3;31;"6";"object";"chimney";1;1;0;0;0;0;367
22;7;"31/03/23";2023;3;31;"6";"object";"crevice";2;0;0;0;0;0;384
22;7;"31/03/23";2023;3;31;"7";"object";"brick_large";0;2;0;0;0;0;403
22;7;"31/03/23";2023;3;31;"7";"object";"brick_flat";0;0;1;0;0;0;409
22;7;"31/03/23";2023;3;31;"7";"object";"wall";0;0;1;0;0;0;424
22;7;"31/03/23";2023;3;31;"7";"object";"wall";1;0;0;0;0;0;428
22;7;"31/03/23";2023;3;31;"8";"object";"brick_large";0;1;0;0;0;0;449
22;7;"31/03/23";2023;3;31;"8";"object";"tunnel";1;1;0;0;0;0;458
22;7;"31/03/23";2023;3;31;"8";"object";"room";1;0;0;0;0;0;462
22;7;"31/03/23";2023;3;31;"9";"room";"room";2;0;0;0;0;0;463
22;7;"31/03/23";2023;3;31;"9";"object";"brick_large";0;6;0;0;0;0;467
22;7;"31/03/23";2023;3;31;"9";"object";"brick_large";0;1;0;0;0;0;468
22;7;"31/03/23";2023;3;31;"9";"object";"brick_large";0;2;0;0;0;0;474
22;7;"31/03/23";2023;3;31;"9";"object";"wall";0;0;1;0;0;0;526
22;7;"31/03/23";2023;3;31;"9";"object";"crevice";1;0;0;0;0;0;555
22;8;"12/04/23";2023;4;12;"10";"room";"room";0;1;0;0;0;0;23
22;8;"12/04/23";2023;4;12;"10";"object";"brick_large";0;1;0;0;0;0;32
22;8;"12/04/23";2023;4;12;"10";"object";"brick_large";0;1;0;0;0;0;33
22;8;"12/04/23";2023;4;12;"10";"object";"brick_large";0;1;0;0;0;0;34
22;8;"12/04/23";2023;4;12;"10";"object";"brick_flat";1;0;0;0;0;0;39
22;8;"12/04/23";2023;4;12;"11";"room";"room";1;2;0;0;0;0;45
22;8;"12/04/23";2023;4;12;"11";"object";"chimney";0;1;1;0;0;0;47
22;8;"12/04/23";2023;4;12;"12";"room";"room";0;1;1;0;0;0;59
22;8;"12/04/23";2023;4;12;"12";"object";"wall";1;0;0;0;0;0;65
22;8;"12/04/23";2023;4;12;"12";"object";"room";1;1;0;0;0;0;100
22;8;"12/04/23";2023;4;12;"2";"room";"room";0;1;1;0;0;0;102
22;8;"12/04/23";2023;4;12;"2";"object";"wall";1;0;0;0;0;0;154
22;8;"12/04/23";2023;4;12;"3";"room";"room";0;0;1;0;0;0;195
22;8;"12/04/23";2023;4;12;"3";"object";"chimney";0;1;0;0;0;0;198
22;8;"12/04/23";2023;4;12;"3";"object";"wall";1;0;0;0;0;0;237
22;8;"12/04/23";2023;4;12;"3";"object";"wall";1;0;0;0;0;0;244
22;8;"12/04/23";2023;4;12;"4";"room";"room";1;0;1;1;0;0;259
22;8;"12/04/23";2023;4;12;"4";"object";"other";1;0;0;0;0;0;260
22;8;"12/04/23";2023;4;12;"4";"object";"crevice";1;0;0;0;0;0;266
22;8;"12/04/23";2023;4;12;"5";"room";"room";0;1;0;0;0;0;298
22;8;"12/04/23";2023;4;12;"5";"object";"brick_flat";0;1;0;0;0;0;343
22;8;"12/04/23";2023;4;12;"6";"object";"brick_flat";1;0;0;0;0;0;348
22;8;"12/04/23";2023;4;12;"6";"object";"brick_large";0;1;0;0;0;0;357
22;8;"12/04/23";2023;4;12;"6";"object";"brick_large";0;1;0;0;0;0;363
22;8;"12/04/23";2023;4;12;"6";"object";"chimney";0;1;0;0;0;0;367
22;8;"12/04/23";2023;4;12;"8";"object";"brick_large";0;0;1;0;0;0;449
22;8;"12/04/23";2023;4;12;"8";"object";"tunnel";0;1;0;0;0;0;458
22;8;"12/04/23";2023;4;12;"8";"object";"room";0;0;1;0;0;0;462
22;8;"12/04/23";2023;4;12;"9";"object";"brick_large";0;1;0;0;0;0;467
22;8;"12/04/23";2023;4;12;"9";"object";"brick_large";0;1;0;0;0;0;474
22;8;"12/04/23";2023;4;12;"9";"object";"wall";0;0;1;0;0;0;522
23;1;"03/11/23";2023;11;3;"3";"object";"tunnel";1;0;0;0;0;0;197
23;1;"03/11/23";2023;11;3;"1";"object";"brick_flat";0;2;0;0;0;0;7
23;1;"03/11/23";2023;11;3;"1";"room";"room";3;0;0;0;0;0;1
23;1;"03/11/23";2023;11;3;"12";"object";"pile";1;0;0;0;0;0;98
23;1;"03/11/23";2023;11;3;"12";"object";"pile";1;0;0;0;0;0;99
23;1;"03/11/23";2023;11;3;"12";"object";"wall";1;0;0;0;0;0;82
23;1;"03/11/23";2023;11;3;"12";"object";"wall";1;0;0;0;0;0;83
23;1;"03/11/23";2023;11;3;"12";"object";"wall";1;0;0;0;0;0;70
23;1;"03/11/23";2023;11;3;"12";"object";"wall";1;0;0;0;0;0;75
23;1;"03/11/23";2023;11;3;"12";"room";"room";2;0;0;0;0;0;59
23;1;"03/11/23";2023;11;3;"12";"object";"room";1;2;0;0;0;0;100
23;1;"03/11/23";2023;11;3;"11";"object";"room";1;0;0;0;1;0;45
23;1;"03/11/23";2023;11;3;"11";"object";"tunnel";1;0;0;0;0;0;52
23;1;"03/11/23";2023;11;3;"11";"object";"brick_flat";0;1;0;0;0;0;53
23;1;"03/11/23";2023;11;3;"10";"object";"brick_large";0;1;0;0;0;0;27
23;1;"03/11/23";2023;11;3;"10";"object";"brick_large";0;1;0;0;0;0;28
23;1;"03/11/23";2023;11;3;"10";"object";"tunnel";0;1;0;0;0;0;40
23;1;"03/11/23";2023;11;3;"10";"room";"room";7;0;0;0;0;0;23
23;1;"03/11/23";2023;11;3;"10";"object";"pile";1;0;0;0;0;0;41
23;1;"03/11/23";2023;11;3;"10";"object";"pile";3;0;0;0;0;0;43
23;1;"03/11/23";2023;11;3;"10";"object";"tunnel";1;0;0;0;0;0;44
23;1;"03/11/23";2023;11;3;"9";"room";"room";4;0;0;0;0;0;463
23;1;"03/11/23";2023;11;3;"9";"object";"wall";1;0;0;0;0;0;483
23;1;"03/11/23";2023;11;3;"9";"object";"wall";1;0;0;0;0;0;493
23;1;"03/11/23";2023;11;3;"9";"object";"wall";1;0;0;0;0;0;508
23;1;"03/11/23";2023;11;3;"9";"object";"wall";1;0;0;0;0;0;507
23;1;"03/11/23";2023;11;3;"9";"object";"wall";1;0;0;0;0;0;505
23;1;"03/11/23";2023;11;3;"9";"object";"wall";1;0;0;0;0;0;551
23;1;"03/11/23";2023;11;3;"8";"room";"room";8;0;0;0;0;0;442
23;1;"03/11/23";2023;11;3;"8";"object";"crevice";1;0;0;0;0;0;451
23;1;"03/11/23";2023;11;3;"8";"object";"chimney";0;2;0;0;0;0;454
23;1;"03/11/23";2023;11;3;"7";"room";"room";2;0;0;0;0;0;395
23;1;"03/11/23";2023;11;3;"7";"object";"wall";1;0;0;0;0;0;421
23;1;"03/11/23";2023;11;3;"7";"object";"brick_flat";1;0;0;0;0;0;416
23;1;"03/11/23";2023;11;3;"7";"object";"brick_flat";1;0;0;0;0;0;408
23;1;"03/11/23";2023;11;3;"6";"room";"room";5;0;0;0;0;0;347
23;1;"03/11/23";2023;11;3;"6";"object";"brick_flat";0;1;0;0;0;0;378
23;1;"03/11/23";2023;11;3;"6";"object";"crevice";1;0;0;0;0;0;385
23;1;"03/11/23";2023;11;3;"6";"object";"crevice";1;0;0;0;0;0;384
23;1;"03/11/23";2023;11;3;"6";"object";"crevice";1;0;0;0;0;0;388
23;1;"03/11/23";2023;11;3;"6";"object";"crevice";1;0;0;0;0;0;387
23;1;"03/11/23";2023;11;3;"6";"object";"crevice";1;0;0;0;0;0;390
23;1;"03/11/23";2023;11;3;"6";"object";"crevice";1;0;0;0;0;0;382
23;1;"03/11/23";2023;11;3;"6";"object";"crevice";1;0;0;0;0;0;383
23;1;"03/11/23";2023;11;3;"6";"object";"chimney";0;1;0;0;0;0;367
23;1;"03/11/23";2023;11;3;"5";"room";"room";4;1;0;0;0;0;298
23;1;"03/11/23";2023;11;3;"5";"object";"crevice";0;0;0;1;0;0;325
23;1;"03/11/23";2023;11;3;"4";"object";"other";1;0;0;0;0;0;260
23;1;"03/11/23";2023;11;3;"4";"room";"room";11;0;0;0;0;0;259
23;1;"03/11/23";2023;11;3;"4";"object";"brick_flat";0;1;0;0;0;0;291
23;1;"03/11/23";2023;11;3;"4";"object";"crevice";0;1;0;0;0;0;264
23;1;"03/11/23";2023;11;3;"4";"object";"crevice";1;0;0;0;0;0;266
23;1;"03/11/23";2023;11;3;"2";"room";"room";3;0;0;0;0;0;102
23;1;"03/11/23";2023;11;3;"2";"object";"brick_flat";1;0;1;0;0;0;187
23;1;"03/11/23";2023;11;3;"2";"object";"pile";1;0;0;0;0;0;173
23;1;"03/11/23";2023;11;3;"2";"object";"wall";1;0;0;0;0;0;108
23;1;"03/11/23";2023;11;3;"3";"room";"room";9;0;0;0;0;0;195
23;1;"03/11/23";2023;11;3;"3";"object";"crevice";0;0;1;0;0;0;201
23;1;"03/11/23";2023;11;3;"3";"object";"wall";0;0;1;0;0;0;217
23;1;"03/11/23";2023;11;3;"3";"object";"wall";1;0;0;0;0;0;249
23;1;"03/11/23";2023;11;3;"3";"object";"wall";1;0;0;0;0;0;232
23;2;"13/11/23";2023;11;13;"10";"object";"brick_large";0;1;0;0;0;0;28
23;2;"13/11/23";2023;11;13;"10";"object";"tunnel";0;1;0;0;0;0;40
23;2;"13/11/23";2023;11;13;"10";"object";"pile";4;0;0;0;0;0;41
23;2;"13/11/23";2023;11;13;"10";"object";"pile";1;0;0;0;0;0;43
23;2;"13/11/23";2023;11;13;"10";"object";"pile";1;0;0;0;0;0;29
23;2;"13/11/23";2023;11;13;"10";"object";"brick_flat";0;0;1;0;0;0;38
23;2;"13/11/23";2023;11;13;"10";"room";"room";7;0;0;0;0;0;23
23;2;"13/11/23";2023;11;13;"9";"object";"wall";1;0;0;0;0;0;550
23;2;"13/11/23";2023;11;13;"9";"object";"wall";1;0;0;0;0;0;552
23;2;"13/11/23";2023;11;13;"9";"object";"wall";1;0;0;0;0;0;507
23;2;"13/11/23";2023;11;13;"9";"object";"wall";1;0;0;0;0;0;551
23;2;"13/11/23";2023;11;13;"9";"room";"room";6;0;0;0;0;0;463
23;2;"13/11/23";2023;11;13;"8";"object";"room";1;0;0;0;0;0;462
23;2;"13/11/23";2023;11;13;"8";"object";"chimney";0;2;0;0;0;0;454
23;2;"13/11/23";2023;11;13;"8";"object";"tunnel";1;0;0;0;0;0;461
23;2;"13/11/23";2023;11;13;"8";"object";"crevice";1;0;0;0;0;0;451
23;2;"13/11/23";2023;11;13;"8";"room";"room";6;0;0;0;0;0;442
23;2;"13/11/23";2023;11;13;"7";"object";"brick_flat";1;0;0;0;0;0;417
23;2;"13/11/23";2023;11;13;"7";"room";"room";3;0;0;0;0;0;395
23;2;"13/11/23";2023;11;13;"6";"object";"crevice";1;0;0;0;0;0;387
23;2;"13/11/23";2023;11;13;"6";"object";"crevice";1;0;0;0;0;0;385
23;2;"13/11/23";2023;11;13;"6";"object";"crevice";1;0;0;0;0;0;384
23;2;"13/11/23";2023;11;13;"6";"object";"crevice";1;0;0;0;0;0;382
23;2;"13/11/23";2023;11;13;"6";"object";"chimney";0;1;0;0;0;0;367
23;2;"13/11/23";2023;11;13;"6";"room";"room";4;0;0;0;0;0;347
23;2;"13/11/23";2023;11;13;"5";"object";"crevice";1;0;0;0;0;0;322
23;2;"13/11/23";2023;11;13;"5";"room";"room";5;1;0;0;0;0;298
23;2;"13/11/23";2023;11;13;"4";"object";"brick_flat";0;1;0;0;0;0;292
23;2;"13/11/23";2023;11;13;"4";"object";"brick_flat";1;0;0;0;0;0;269
23;2;"13/11/23";2023;11;13;"4";"room";"room";8;1;0;0;0;0;259
23;2;"13/11/23";2023;11;13;"4";"object";"crevice";0;1;0;0;0;0;264
23;2;"13/11/23";2023;11;13;"2";"object";"brick_flat";1;0;0;0;0;0;181
23;2;"13/11/23";2023;11;13;"2";"object";"brick_flat";0;0;1;0;0;0;186
23;2;"13/11/23";2023;11;13;"2";"object";"brick_flat";1;0;0;0;0;0;191
23;2;"13/11/23";2023;11;13;"2";"object";"wall";1;0;0;0;0;0;128
23;2;"13/11/23";2023;11;13;"2";"object";"wall";1;0;0;0;0;0;146
23;2;"13/11/23";2023;11;13;"2";"object";"pile";1;0;0;0;0;0;174
23;2;"13/11/23";2023;11;13;"2";"room";"room";2;1;0;0;0;0;102
23;2;"13/11/23";2023;11;13;"3";"object";"crevice";0;0;1;0;0;0;201
23;2;"13/11/23";2023;11;13;"3";"object";"other";1;0;0;0;0;0;257
23;2;"13/11/23";2023;11;13;"3";"object";"wall";1;0;0;0;0;0;248
23;2;"13/11/23";2023;11;13;"3";"object";"wall";1;0;0;0;0;0;221
23;2;"13/11/23";2023;11;13;"3";"object";"wall";1;0;0;0;0;0;226
23;2;"13/11/23";2023;11;13;"3";"object";"wall";1;0;0;0;0;0;232
23;2;"13/11/23";2023;11;13;"3";"room";"room";13;0;0;0;0;0;195
23;2;"13/11/23";2023;11;13;"3";"object";"other";0;1;0;0;0;0;196
23;2;"13/11/23";2023;11;13;"1";"object";"brick_flat";0;2;0;0;0;0;8
23;2;"13/11/23";2023;11;13;"1";"room";"room";3;2;0;0;2;0;1
23;2;"13/11/23";2023;11;13;"12";"room";"room";2;0;0;0;0;0;2
23;2;"13/11/23";2023;11;13;"12";"object";"wall";1;0;0;0;0;0;66
23;2;"13/11/23";2023;11;13;"12";"object";"wall";1;0;0;0;0;0;85
23;2;"13/11/23";2023;11;13;"12";"object";"wall";1;0;0;0;0;0;74
23;2;"13/11/23";2023;11;13;"12";"object";"wall";1;0;0;0;0;0;70
23;2;"13/11/23";2023;11;13;"12";"object";"wall";1;0;0;0;0;0;75
23;2;"13/11/23";2023;11;13;"12";"object";"pile";1;0;0;0;0;0;98
23;2;"13/11/23";2023;11;13;"12";"object";"pile";3;0;0;0;0;0;99
23;2;"13/11/23";2023;11;13;"12";"object";"brick_flat";2;0;0;0;0;0;96
23;2;"13/11/23";2023;11;13;"12";"object";"room";2;2;0;0;0;0;100
23;2;"13/11/23";2023;11;13;"12";"room";"room";4;2;0;0;0;0;59
23;2;"13/11/23";2023;11;13;"11";"object";"chimney";1;2;0;0;0;0;47
23;2;"13/11/23";2023;11;13;"11";"object";"other";0;0;1;0;0;0;57
23;2;"13/11/23";2023;11;13;"11";"room";"room";0;0;0;0;2;0;45
23;2;"13/11/23";2023;11;13;"11";"object";"tunnel";1;0;0;0;0;0;52
23;3;"24/11/23";2023;11;24;"10";"object";"brick_large";0;3;0;0;0;0;25
23;3;"24/11/23";2023;11;24;"10";"room";"room";6;1;0;0;0;0;23
23;3;"24/11/23";2023;11;24;"10";"object";"pile";1;0;0;0;0;0;41
23;3;"24/11/23";2023;11;24;"10";"object";"pile";3;0;0;0;0;0;43
23;3;"24/11/23";2023;11;24;"10";"object";"pile";1;0;0;0;0;0;29
23;3;"24/11/23";2023;11;24;"8";"room";"room";7;0;2;0;0;0;442
23;3;"24/11/23";2023;11;24;"8";"object";"crevice";1;0;0;0;0;0;451
23;3;"24/11/23";2023;11;24;"8";"object";"chimney";0;1;0;0;0;0;454
23;3;"24/11/23";2023;11;24;"8";"object";"room";3;0;0;0;0;0;462
23;3;"24/11/23";2023;11;24;"9";"room";"room";6;0;0;0;0;0;463
23;3;"24/11/23";2023;11;24;"9";"object";"crevice";2;0;0;0;0;0;475
23;3;"24/11/23";2023;11;24;"9";"object";"crevice";0;0;1;0;0;0;558
23;3;"24/11/23";2023;11;24;"9";"object";"wall";1;0;0;0;0;0;535
23;3;"24/11/23";2023;11;24;"9";"object";"wall";1;0;0;0;0;0;552
23;3;"24/11/23";2023;11;24;"9";"object";"wall";1;0;0;0;0;0;508
23;3;"24/11/23";2023;11;24;"9";"object";"wall";1;0;0;0;0;0;507
23;3;"24/11/23";2023;11;24;"9";"object";"wall";1;0;0;0;0;0;509
23;3;"24/11/23";2023;11;24;"9";"object";"wall";0;0;1;0;0;0;531
23;3;"24/11/23";2023;11;24;"9";"object";"wall";0;0;1;0;0;0;542
23;3;"24/11/23";2023;11;24;"7";"room";"room";4;0;0;0;0;0;395
23;3;"24/11/23";2023;11;24;"7";"object";"room";1;0;0;0;0;0;397
23;3;"24/11/23";2023;11;24;"7";"object";"wall";0;0;1;0;0;0;434
23;3;"24/11/23";2023;11;24;"7";"object";"brick_flat";1;0;0;0;0;0;416
23;3;"24/11/23";2023;11;24;"7";"object";"brick_large";0;0;1;0;0;0;402
23;3;"24/11/23";2023;11;24;"6";"room";"room";7;0;0;0;0;0;347
23;3;"24/11/23";2023;11;24;"6";"object";"crevice";1;0;0;0;0;0;382
23;3;"24/11/23";2023;11;24;"6";"object";"crevice";1;0;0;0;0;0;384
23;3;"24/11/23";2023;11;24;"6";"object";"crevice";0;0;1;0;0;0;387
23;3;"24/11/23";2023;11;24;"6";"object";"crevice";1;0;0;0;0;0;388
23;3;"24/11/23";2023;11;24;"6";"object";"room";0;0;1;0;0;0;368
23;3;"24/11/23";2023;11;24;"6";"object";"crevice";0;0;0;0;0;0;391
23;3;"24/11/23";2023;11;24;"6";"object";"chimney";1;2;0;0;0;0;367
23;3;"24/11/23";2023;11;24;"6";"object";"brick_flat";0;0;1;0;0;0;393
23;3;"24/11/23";2023;11;24;"6";"object";"brick_large";0;0;1;0;0;0;355
23;3;"24/11/23";2023;11;24;"5";"object";"room";0;0;1;0;0;0;313
23;3;"24/11/23";2023;11;24;"5";"object";"brick_flat";0;1;0;0;0;0;299
23;3;"24/11/23";2023;11;24;"5";"room";"room";2;0;1;0;0;0;298
23;3;"24/11/23";2023;11;24;"5";"object";"room";2;0;0;0;0;0;333
23;3;"24/11/23";2023;11;24;"5";"object";"crevice";0;0;1;0;0;0;306
23;3;"24/11/23";2023;11;24;"5";"object";"brick_flat";0;0;1;0;0;0;343
23;3;"24/11/23";2023;11;24;"5";"object";"crevice";0;0;0;1;0;0;325
23;3;"24/11/23";2023;11;24;"4";"object";"room";0;1;0;0;0;0;289
23;3;"24/11/23";2023;11;24;"4";"object";"brick_flat";1;0;0;0;0;0;294
23;3;"24/11/23";2023;11;24;"4";"object";"brick_flat";0;0;1;0;0;0;295
23;3;"24/11/23";2023;11;24;"4";"object";"brick_flat";0;0;1;0;0;0;269
23;3;"24/11/23";2023;11;24;"4";"room";"room";13;2;1;1;0;0;259
23;3;"24/11/23";2023;11;24;"2";"room";"room";3;1;3;0;0;0;102
23;3;"24/11/23";2023;11;24;"2";"object";"brick_flat";1;0;0;0;0;0;189
23;3;"24/11/23";2023;11;24;"2";"object";"wall";0;0;1;0;0;0;112
23;3;"24/11/23";2023;11;24;"2";"object";"wall";1;0;0;0;0;0;121
23;3;"24/11/23";2023;11;24;"2";"object";"wall";1;0;0;0;0;0;128
23;3;"24/11/23";2023;11;24;"2";"object";"wall";0;0;1;0;0;0;147
23;3;"24/11/23";2023;11;24;"3";"object";"other";0;1;0;0;0;0;196
23;3;"24/11/23";2023;11;24;"3";"object";"crevice";0;0;1;0;0;0;201
23;3;"24/11/23";2023;11;24;"3";"room";"room";6;0;3;1;0;0;195
23;3;"24/11/23";2023;11;24;"3";"object";"wall";1;0;0;0;0;0;248
23;3;"24/11/23";2023;11;24;"3";"object";"wall";1;0;0;0;0;0;249
23;3;"24/11/23";2023;11;24;"3";"object";"wall";1;0;0;0;0;0;220
23;3;"24/11/23";2023;11;24;"3";"object";"wall";0;0;1;0;0;0;226
23;3;"24/11/23";2023;11;24;"3";"object";"wall";0;0;1;0;0;0;241
23;3;"24/11/23";2023;11;24;"3";"object";"other";1;0;0;0;0;0;254
23;3;"24/11/23";2023;11;24;"3";"object";"chimney";0;1;0;0;0;0;198
23;3;"24/11/23";2023;11;24;"1";"object";"brick_flat";0;1;0;0;0;0;8
23;3;"24/11/23";2023;11;24;"1";"object";"brick_flat";0;0;1;0;0;0;18
23;3;"24/11/23";2023;11;24;"1";"room";"room";0;2;3;0;3;0;1
23;3;"24/11/23";2023;11;24;"12";"object";"room";2;0;0;0;0;0;2
23;3;"24/11/23";2023;11;24;"12";"room";"room";3;1;1;0;0;0;59
23;3;"24/11/23";2023;11;24;"12";"object";"crevice";0;0;1;0;0;0;90
23;3;"24/11/23";2023;11;24;"12";"object";"brick_flat";1;0;0;0;0;0;96
23;3;"24/11/23";2023;11;24;"12";"object";"pile";1;0;0;0;0;0;98
23;3;"24/11/23";2023;11;24;"12";"object";"pile";1;0;0;0;0;0;99
23;3;"24/11/23";2023;11;24;"12";"object";"wall";0;0;0;0;1;0;75
23;3;"24/11/23";2023;11;24;"12";"object";"wall";1;0;0;0;0;0;65
23;3;"24/11/23";2023;11;24;"12";"object";"wall";1;0;0;0;0;0;80
23;3;"24/11/23";2023;11;24;"12";"object";"wall";1;0;0;0;0;0;81
23;3;"24/11/23";2023;11;24;"12";"object";"wall";1;0;0;0;0;0;85
23;3;"24/11/23";2023;11;24;"12";"object";"room";2;7;2;0;0;0;100
23;3;"24/11/23";2023;11;24;"11";"object";"brick_flat";0;0;1;0;0;0;49
23;3;"24/11/23";2023;11;24;"11";"room";"room";1;0;0;0;2;0;45
23;3;"24/11/23";2023;11;24;"11";"object";"chimney";0;0;1;0;0;0;51
23;3;"24/11/23";2023;11;24;"11";"object";"chimney";0;1;0;0;0;0;47
23;3;"24/11/23";2023;11;24;"11";"object";"tunnel";1;0;0;0;0;0;52
23;4;"04/12/23";2023;12;4;"10";"object";"brick_large";0;3;0;0;0;0;28
23;4;"04/12/23";2023;12;4;"10";"object";"tunnel";1;0;0;0;0;0;40
23;4;"04/12/23";2023;12;4;"10";"room";"room";8;1;0;0;0;0;23
23;4;"04/12/23";2023;12;4;"10";"object";"brick_flat";0;1;0;0;0;0;37
23;4;"04/12/23";2023;12;4;"10";"object";"pile";2;0;0;0;0;0;43
23;4;"04/12/23";2023;12;4;"10";"object";"pile";1;0;0;0;0;0;41
23;4;"04/12/23";2023;12;4;"10";"object";"pile";1;0;0;0;0;0;29
23;4;"04/12/23";2023;12;4;"8";"room";"room";5;0;0;0;1;0;442
23;4;"04/12/23";2023;12;4;"8";"object";"brick_large";1;0;0;0;0;0;445
23;4;"04/12/23";2023;12;4;"8";"object";"chimney";1;1;0;0;0;0;454
23;4;"04/12/23";2023;12;4;"8";"object";"tunnel";1;0;0;0;0;0;460
23;4;"04/12/23";2023;12;4;"8";"object";"crevice";1;0;0;0;0;0;451
23;4;"04/12/23";2023;12;4;"8";"object";"tunnel";1;0;0;0;0;0;461
23;4;"04/12/23";2023;12;4;"8";"object";"room";1;0;1;0;0;0;462
23;4;"04/12/23";2023;12;4;"8";"object";"brick_flat";0;0;1;0;0;0;455
23;4;"04/12/23";2023;12;4;"8";"object";"brick_flat";0;0;1;0;0;0;457
23;4;"04/12/23";2023;12;4;"9";"room";"room";6;0;0;0;0;0;463
23;4;"04/12/23";2023;12;4;"9";"object";"crevice";2;0;0;0;0;0;475
23;4;"04/12/23";2023;12;4;"9";"object";"brick_flat";0;0;1;0;0;0;478
23;4;"04/12/23";2023;12;4;"9";"object";"brick_large";0;1;0;0;0;0;467
23;4;"04/12/23";2023;12;4;"9";"object";"crevice";1;0;0;0;0;0;558
23;4;"04/12/23";2023;12;4;"9";"object";"wall";1;0;0;0;0;0;528
23;4;"04/12/23";2023;12;4;"9";"object";"wall";1;0;0;0;0;0;554
23;4;"04/12/23";2023;12;4;"9";"object";"wall";1;0;0;0;0;0;553
23;4;"04/12/23";2023;12;4;"9";"object";"wall";1;0;0;0;0;0;552
23;4;"04/12/23";2023;12;4;"9";"object";"wall";1;0;0;0;0;0;490
23;4;"04/12/23";2023;12;4;"9";"object";"wall";0;0;1;0;0;0;505
23;4;"04/12/23";2023;12;4;"9";"object";"wall";1;0;0;0;0;0;507
23;4;"04/12/23";2023;12;4;"9";"object";"wall";0;0;1;0;0;0;517
23;4;"04/12/23";2023;12;4;"9";"object";"wall";1;0;0;0;0;0;513
23;4;"04/12/23";2023;12;4;"9";"object";"wall";0;0;1;0;0;0;526
23;4;"04/12/23";2023;12;4;"9";"object";"wall";0;0;1;0;0;0;533
23;4;"04/12/23";2023;12;4;"9";"object";"wall";0;0;1;0;0;0;531
23;4;"04/12/23";2023;12;4;"9";"object";"wall";1;0;0;0;0;0;537
23;4;"04/12/23";2023;12;4;"9";"object";"wall";0;0;1;0;0;0;542
23;4;"04/12/23";2023;12;4;"9";"object";"wall";0;0;0;0;1;0;547
23;4;"04/12/23";2023;12;4;"9";"object";"wall";0;0;1;0;0;0;548
23;4;"04/12/23";2023;12;4;"9";"object";"wall";0;0;1;0;0;0;551
23;4;"04/12/23";2023;12;4;"7";"room";"room";10;0;2;0;0;0;395
23;4;"04/12/23";2023;12;4;"7";"object";"wall";0;0;1;0;0;0;440
23;4;"04/12/23";2023;12;4;"7";"object";"wall";0;0;1;0;0;0;419
23;4;"04/12/23";2023;12;4;"7";"object";"wall";0;0;1;0;0;0;421
23;4;"04/12/23";2023;12;4;"7";"object";"wall";0;0;1;0;0;0;424
23;4;"04/12/23";2023;12;4;"7";"object";"wall";1;0;0;0;0;0;423
23;4;"04/12/23";2023;12;4;"7";"object";"wall";0;0;1;0;0;0;422
23;4;"04/12/23";2023;12;4;"7";"object";"wall";1;0;0;0;0;0;427
23;4;"04/12/23";2023;12;4;"7";"object";"brick_flat";0;0;1;0;0;0;415
23;4;"04/12/23";2023;12;4;"7";"object";"brick_flat";1;0;0;0;0;0;416
23;4;"04/12/23";2023;12;4;"7";"object";"brick_flat";0;0;1;0;0;0;409
23;4;"04/12/23";2023;12;4;"6";"room";"room";7;0;1;0;0;0;347
23;4;"04/12/23";2023;12;4;"6";"object";"brick_flat";0;0;1;0;0;0;377
23;4;"04/12/23";2023;12;4;"6";"object";"brick_flat";1;0;0;0;0;0;378
23;4;"04/12/23";2023;12;4;"6";"object";"crevice";0;0;1;0;0;0;385
23;4;"04/12/23";2023;12;4;"6";"object";"crevice";1;0;0;0;0;0;384
23;4;"04/12/23";2023;12;4;"6";"object";"crevice";1;0;0;0;0;0;383
23;4;"04/12/23";2023;12;4;"6";"object";"crevice";2;0;0;0;0;0;390
23;4;"04/12/23";2023;12;4;"6";"object";"crevice";1;0;0;0;0;0;389
23;4;"04/12/23";2023;12;4;"6";"object";"crevice";1;0;0;0;0;0;391
23;4;"04/12/23";2023;12;4;"6";"object";"chimney";1;3;0;0;0;0;367
23;4;"04/12/23";2023;12;4;"6";"object";"brick_flat";0;0;1;0;0;0;370
23;4;"04/12/23";2023;12;4;"6";"object";"brick_flat";1;0;0;0;0;0;375
23;4;"04/12/23";2023;12;4;"5";"room";"room";3;0;4;0;0;0;298
23;4;"04/12/23";2023;12;4;"5";"room";"room";0;1;0;0;0;0;298
23;4;"04/12/23";2023;12;4;"5";"object";"crevice";1;0;0;0;0;0;308
23;4;"04/12/23";2023;12;4;"5";"object";"crevice";0;0;1;0;0;0;317
23;4;"04/12/23";2023;12;4;"5";"object";"crevice";0;0;1;0;0;0;331
23;4;"04/12/23";2023;12;4;"5";"object";"crevice";0;0;0;1;0;0;323
23;4;"04/12/23";2023;12;4;"5";"object";"crevice";0;0;0;1;0;0;325
23;4;"04/12/23";2023;12;4;"5";"object";"crevice";0;0;1;0;0;0;318
23;4;"04/12/23";2023;12;4;"5";"object";"other";0;0;1;0;0;0;334
23;4;"04/12/23";2023;12;4;"5";"object";"room";0;0;1;0;0;0;333
23;4;"04/12/23";2023;12;4;"5";"object";"brick_flat";0;0;1;0;0;0;341
23;4;"04/12/23";2023;12;4;"5";"object";"brick_flat";0;1;0;0;0;0;342
23;4;"04/12/23";2023;12;4;"5";"object";"brick_flat";0;0;2;0;0;0;346
23;4;"04/12/23";2023;12;4;"5";"object";"other";0;0;1;0;0;0;336
23;4;"04/12/23";2023;12;4;"4";"object";"crevice";0;0;1;0;0;0;297
23;4;"04/12/23";2023;12;4;"4";"object";"brick_flat";0;0;1;0;0;0;294
23;4;"04/12/23";2023;12;4;"4";"object";"brick_flat";0;0;1;0;0;0;295
23;4;"04/12/23";2023;12;4;"4";"object";"other";0;0;0;0;1;0;279
23;4;"04/12/23";2023;12;4;"4";"room";"room";7;2;3;1;0;0;259
23;4;"04/12/23";2023;12;4;"4";"object";"brick_flat";0;0;1;0;0;0;286
23;4;"04/12/23";2023;12;4;"4";"object";"brick_flat";1;0;0;0;0;0;285
23;4;"04/12/23";2023;12;4;"4";"object";"brick_flat";0;0;1;0;0;0;292
23;4;"04/12/23";2023;12;4;"2";"room";"room";1;0;4;0;0;0;102
23;4;"04/12/23";2023;12;4;"2";"object";"brick_flat";0;0;1;0;0;0;177
23;4;"04/12/23";2023;12;4;"2";"object";"brick_flat";0;1;0;0;0;0;180
23;4;"04/12/23";2023;12;4;"2";"object";"brick_flat";1;0;0;0;0;0;189
23;4;"04/12/23";2023;12;4;"2";"object";"wall";0;0;1;0;0;0;107
23;4;"04/12/23";2023;12;4;"2";"object";"wall";1;0;0;0;0;0;121
23;4;"04/12/23";2023;12;4;"2";"object";"wall";1;0;0;0;0;0;127
23;4;"04/12/23";2023;12;4;"2";"object";"wall";0;0;1;0;0;0;136
23;4;"04/12/23";2023;12;4;"2";"object";"wall";0;0;1;0;0;0;144
23;4;"04/12/23";2023;12;4;"2";"object";"wall";0;0;1;0;0;0;146
23;4;"04/12/23";2023;12;4;"2";"object";"wall";0;0;1;0;0;0;161
23;4;"04/12/23";2023;12;4;"2";"object";"room";0;0;1;0;0;0;105
23;4;"04/12/23";2023;12;4;"3";"object";"other";0;1;0;0;0;0;196
23;4;"04/12/23";2023;12;4;"3";"object";"brick_flat";0;0;1;0;0;0;207
23;4;"04/12/23";2023;12;4;"3";"object";"other";1;0;0;0;0;0;255
23;4;"04/12/23";2023;12;4;"3";"room";"room";5;1;2;1;0;0;195
23;4;"04/12/23";2023;12;4;"3";"object";"wall";0;0;1;0;0;0;217
23;4;"04/12/23";2023;12;4;"3";"object";"wall";1;0;0;0;0;0;248
23;4;"04/12/23";2023;12;4;"3";"object";"wall";0;0;1;0;0;0;250
23;4;"04/12/23";2023;12;4;"3";"object";"wall";1;0;0;0;0;0;220
23;4;"04/12/23";2023;12;4;"3";"object";"wall";1;0;0;0;0;0;224
23;4;"04/12/23";2023;12;4;"3";"object";"wall";0;0;1;0;0;0;241
23;4;"04/12/23";2023;12;4;"3";"object";"wall";1;0;0;0;0;0;246
23;4;"04/12/23";2023;12;4;"3";"object";"tunnel";0;0;1;0;0;0;197
23;4;"04/12/23";2023;12;4;"3";"object";"chimney";1;1;0;0;0;0;198
23;4;"04/12/23";2023;12;4;"1";"object";"brick_flat";0;1;0;0;0;0;7
23;4;"04/12/23";2023;12;4;"1";"room";"room";0;3;1;0;2;0;1
23;4;"04/12/23";2023;12;4;"1";"object";"brick_flat";0;0;1;0;0;0;9
23;4;"04/12/23";2023;12;4;"12";"object";"room";1;0;0;0;0;0;2
23;4;"04/12/23";2023;12;4;"12";"object";"pile";2;0;0;0;0;0;98
23;4;"04/12/23";2023;12;4;"12";"object";"pile";1;0;1;0;0;0;99
23;4;"04/12/23";2023;12;4;"12";"object";"crevice";0;0;3;0;0;0;90
23;4;"04/12/23";2023;12;4;"12";"room";"room";0;1;2;0;0;0;59
23;4;"04/12/23";2023;12;4;"12";"object";"wall";0;0;0;0;0;1;68
23;4;"04/12/23";2023;12;4;"12";"object";"wall";0;0;1;0;0;0;75
23;4;"04/12/23";2023;12;4;"12";"object";"wall";0;0;0;0;1;0;76
23;4;"04/12/23";2023;12;4;"12";"object";"wall";0;0;1;0;0;0;78
23;4;"04/12/23";2023;12;4;"12";"object";"wall";1;0;0;0;0;0;80
23;4;"04/12/23";2023;12;4;"12";"object";"brick_flat";0;0;1;0;0;0;88
23;4;"04/12/23";2023;12;4;"12";"object";"room";2;6;0;0;0;0;100
23;4;"04/12/23";2023;12;4;"11";"room";"room";1;1;2;0;3;0;45
23;4;"04/12/23";2023;12;4;"11";"object";"tunnel";1;0;0;0;0;0;52
23;4;"04/12/23";2023;12;4;"11";"object";"chimney";0;1;0;0;0;0;47
23;4;"04/12/23";2023;12;4;"11";"object";"brick_flat";0;0;1;0;0;0;53
23;5;"15/12/23";2023;12;15;"10";"object";"brick_large";0;1;0;0;0;0;25
23;5;"15/12/23";2023;12;15;"10";"object";"brick_large";0;3;0;0;0;0;28
23;5;"15/12/23";2023;12;15;"10";"object";"tunnel";1;0;0;0;0;0;40
23;5;"15/12/23";2023;12;15;"10";"room";"room";6;1;0;1;1;0;23
23;5;"15/12/23";2023;12;15;"10";"object";"pile";2;0;0;0;0;0;43
23;5;"15/12/23";2023;12;15;"8";"object";"tunnel";1;0;0;0;0;0;458
23;5;"15/12/23";2023;12;15;"8";"object";"brick_large";0;0;1;0;0;0;446
23;5;"15/12/23";2023;12;15;"8";"object";"crevice";1;0;0;0;0;0;451
23;5;"15/12/23";2023;12;15;"8";"room";"room";4;1;0;0;0;0;442
23;5;"15/12/23";2023;12;15;"8";"object";"brick_flat";0;0;1;0;0;0;455
23;5;"15/12/23";2023;12;15;"9";"room";"room";6;0;0;0;1;0;463
23;5;"15/12/23";2023;12;15;"9";"object";"crevice";2;0;0;0;0;0;475
23;5;"15/12/23";2023;12;15;"9";"object";"brick_large";0;1;0;0;0;0;474
23;5;"15/12/23";2023;12;15;"9";"object";"brick_large";0;0;0;0;1;0;469
23;5;"15/12/23";2023;12;15;"9";"object";"crevice";0;0;1;0;0;0;558
23;5;"15/12/23";2023;12;15;"9";"object";"wall";1;0;0;0;0;0;554
23;5;"15/12/23";2023;12;15;"9";"object";"wall";1;0;0;0;0;0;507
23;5;"15/12/23";2023;12;15;"9";"object";"wall";1;0;0;0;0;0;512
23;5;"15/12/23";2023;12;15;"9";"object";"wall";0;0;2;0;0;0;513
23;5;"15/12/23";2023;12;15;"9";"object";"wall";1;0;0;0;0;0;515
23;5;"15/12/23";2023;12;15;"9";"object";"wall";1;0;0;0;0;0;517
23;5;"15/12/23";2023;12;15;"9";"object";"wall";0;0;1;0;0;0;540
23;5;"15/12/23";2023;12;15;"9";"object";"wall";0;0;1;0;0;0;542
23;5;"15/12/23";2023;12;15;"9";"object";"wall";0;0;1;0;0;0;543
23;5;"15/12/23";2023;12;15;"9";"object";"wall";1;0;0;0;0;0;545
23;5;"15/12/23";2023;12;15;"7";"object";"room";1;0;0;0;0;0;405
23;5;"15/12/23";2023;12;15;"7";"object";"brick_flat";1;0;0;0;0;0;417
23;5;"15/12/23";2023;12;15;"7";"object";"wall";0;0;1;0;0;0;419
23;5;"15/12/23";2023;12;15;"7";"object";"wall";1;0;0;0;0;0;425
23;5;"15/12/23";2023;12;15;"7";"room";"room";8;0;1;0;0;0;395
23;5;"15/12/23";2023;12;15;"6";"object";"brick_flat";0;0;1;0;0;0;350
23;5;"15/12/23";2023;12;15;"6";"object";"brick_flat";1;0;1;0;0;0;376
23;5;"15/12/23";2023;12;15;"6";"room";"room";4;0;0;0;0;0;347
23;5;"15/12/23";2023;12;15;"6";"object";"crevice";1;0;0;0;0;0;390
23;5;"15/12/23";2023;12;15;"6";"object";"crevice";1;0;0;0;0;0;382
23;5;"15/12/23";2023;12;15;"6";"object";"crevice";1;0;0;0;0;0;384
23;5;"15/12/23";2023;12;15;"6";"object";"crevice";1;0;0;0;0;0;391
23;5;"15/12/23";2023;12;15;"6";"object";"brick_flat";0;0;1;0;0;0;375
23;5;"15/12/23";2023;12;15;"6";"object";"brick_large";0;0;1;0;0;0;358
23;5;"15/12/23";2023;12;15;"6";"object";"brick_large";0;0;1;0;0;0;365
23;5;"15/12/23";2023;12;15;"5";"object";"brick_flat";1;0;0;0;0;0;314
23;5;"15/12/23";2023;12;15;"5";"object";"crevice";0;0;1;0;0;0;308
23;5;"15/12/23";2023;12;15;"5";"room";"room";6;1;2;1;0;0;298
23;5;"15/12/23";2023;12;15;"5";"object";"crevice";1;0;0;0;0;0;325
23;5;"15/12/23";2023;12;15;"5";"object";"crevice";0;0;1;0;0;0;324
23;5;"15/12/23";2023;12;15;"5";"object";"crevice";0;0;1;0;0;0;317
23;5;"15/12/23";2023;12;15;"5";"object";"brick_flat";0;0;1;0;0;0;340
23;5;"15/12/23";2023;12;15;"5";"object";"brick_flat";0;0;1;0;0;0;342
23;5;"15/12/23";2023;12;15;"5";"object";"brick_flat";0;0;1;0;0;0;344
23;5;"15/12/23";2023;12;15;"5";"object";"other";1;0;0;0;0;0;334
23;5;"15/12/23";2023;12;15;"4";"object";"other";1;0;0;0;0;0;261
23;5;"15/12/23";2023;12;15;"4";"room";"room";8;3;5;0;0;0;259
23;5;"15/12/23";2023;12;15;"4";"object";"crevice";0;0;1;0;0;0;297
23;5;"15/12/23";2023;12;15;"4";"object";"brick_flat";0;1;0;0;0;0;292
23;5;"15/12/23";2023;12;15;"2";"room";"room";0;0;3;0;0;0;102
23;5;"15/12/23";2023;12;15;"2";"object";"brick_flat";0;0;1;0;0;0;181
23;5;"15/12/23";2023;12;15;"2";"object";"brick_flat";1;0;0;0;0;0;191
23;5;"15/12/23";2023;12;15;"2";"object";"wall";1;0;0;0;0;0;114
23;5;"15/12/23";2023;12;15;"2";"object";"wall";1;0;0;0;0;0;121
23;5;"15/12/23";2023;12;15;"2";"object";"wall";0;0;1;0;0;0;136
23;5;"15/12/23";2023;12;15;"2";"object";"wall";0;0;1;0;0;0;144
23;5;"15/12/23";2023;12;15;"3";"room";"room";4;3;4;1;0;0;195
23;5;"15/12/23";2023;12;15;"3";"object";"wall";0;0;1;0;0;0;250
23;5;"15/12/23";2023;12;15;"3";"object";"wall";0;0;1;0;0;0;224
23;5;"15/12/23";2023;12;15;"3";"object";"wall";0;0;1;0;0;0;227
23;5;"15/12/23";2023;12;15;"3";"object";"wall";1;0;0;0;0;0;238
23;5;"15/12/23";2023;12;15;"3";"object";"wall";1;0;0;0;0;0;246
23;5;"15/12/23";2023;12;15;"3";"object";"tunnel";1;0;0;0;0;0;197
23;5;"15/12/23";2023;12;15;"3";"object";"chimney";0;1;0;0;0;0;198
23;5;"15/12/23";2023;12;15;"1";"object";"brick_flat";0;0;1;0;0;0;8
23;5;"15/12/23";2023;12;15;"1";"room";"room";0;3;1;0;2;0;1
23;5;"15/12/23";2023;12;15;"12";"room";"room";0;2;1;0;0;0;59
23;5;"15/12/23";2023;12;15;"12";"object";"room";0;2;6;0;0;0;100
23;5;"15/12/23";2023;12;15;"11";"room";"room";0;2;1;0;3;0;45
23;5;"15/12/23";2023;12;15;"11";"object";"chimney";0;0;2;0;0;0;47
23;5;"15/12/23";2023;12;15;"11";"object";"tunnel";0;1;0;0;0;0;52
23;6;"05/01/24";2024;1;5;"10";"object";"brick_large";0;1;0;0;0;0;25
23;6;"05/01/24";2024;1;5;"10";"object";"brick_large";0;4;0;0;0;0;28
23;6;"05/01/24";2024;1;5;"10";"object";"tunnel";1;0;0;0;0;0;40
23;6;"05/01/24";2024;1;5;"10";"room";"room";7;2;0;0;1;0;23
23;6;"05/01/24";2024;1;5;"10";"object";"pile";1;0;0;0;0;0;41
23;6;"05/01/24";2024;1;5;"10";"object";"pile";1;0;0;0;0;0;43
23;6;"05/01/24";2024;1;5;"10";"object";"tunnel";1;0;0;0;0;0;42
23;6;"05/01/24";2024;1;5;"10";"object";"brick_large";0;1;0;0;0;0;32
23;6;"05/01/24";2024;1;5;"8";"room";"room";8;1;0;0;0;0;442
23;6;"05/01/24";2024;1;5;"8";"object";"chimney";2;1;0;0;0;0;454
23;6;"05/01/24";2024;1;5;"8";"object";"crevice";1;0;0;0;0;0;451
23;6;"05/01/24";2024;1;5;"8";"object";"crevice";0;0;1;0;0;0;452
23;6;"05/01/24";2024;1;5;"8";"object";"brick_large";0;0;1;0;0;0;450
23;6;"05/01/24";2024;1;5;"8";"object";"tunnel";0;1;0;0;0;0;460
23;6;"05/01/24";2024;1;5;"9";"room";"room";4;0;0;0;1;0;463
23;6;"05/01/24";2024;1;5;"9";"object";"crevice";2;0;0;0;0;0;475
23;6;"05/01/24";2024;1;5;"9";"object";"brick_flat";0;0;1;0;0;0;482
23;6;"05/01/24";2024;1;5;"9";"object";"wall";0;0;1;0;0;0;553
23;6;"05/01/24";2024;1;5;"9";"object";"wall";1;0;0;0;0;0;508
23;6;"05/01/24";2024;1;5;"9";"object";"wall";0;0;1;0;0;0;513
23;6;"05/01/24";2024;1;5;"9";"object";"wall";1;0;0;0;0;0;515
23;6;"05/01/24";2024;1;5;"9";"object";"wall";1;0;0;0;0;0;517
23;6;"05/01/24";2024;1;5;"9";"object";"wall";0;0;1;0;0;0;531
23;6;"05/01/24";2024;1;5;"9";"object";"wall";0;0;1;0;0;0;533
23;6;"05/01/24";2024;1;5;"9";"object";"wall";0;0;1;0;0;0;540
23;6;"05/01/24";2024;1;5;"9";"object";"wall";0;0;1;0;0;0;541
23;6;"05/01/24";2024;1;5;"9";"object";"wall";0;0;1;0;0;0;545
23;6;"05/01/24";2024;1;5;"9";"object";"wall";0;0;1;0;0;0;548
23;6;"05/01/24";2024;1;5;"7";"room";"room";6;0;1;1;0;0;395
23;6;"05/01/24";2024;1;5;"7";"object";"brick_large";3;0;3;0;0;0;401
23;6;"05/01/24";2024;1;5;"7";"object";"brick_flat";0;0;1;0;0;0;415
23;6;"05/01/24";2024;1;5;"7";"object";"brick_flat";0;0;1;0;0;0;417
23;6;"05/01/24";2024;1;5;"7";"object";"wall";0;0;1;0;0;0;419
23;6;"05/01/24";2024;1;5;"7";"object";"wall";0;0;1;0;0;0;430
23;6;"05/01/24";2024;1;5;"6";"object";"brick_flat";0;0;1;0;0;0;348
23;6;"05/01/24";2024;1;5;"6";"object";"brick_flat";0;0;1;0;0;0;350
23;6;"05/01/24";2024;1;5;"6";"object";"brick_flat";0;0;1;0;0;0;378
23;6;"05/01/24";2024;1;5;"6";"room";"room";4;0;1;0;1;0;347
23;6;"05/01/24";2024;1;5;"6";"object";"crevice";0;0;1;0;0;0;384
23;6;"05/01/24";2024;1;5;"6";"object";"crevice";1;0;1;0;0;0;387
23;6;"05/01/24";2024;1;5;"6";"object";"crevice";0;0;1;0;0;0;388
23;6;"05/01/24";2024;1;5;"6";"object";"crevice";1;0;0;0;0;0;390
23;6;"05/01/24";2024;1;5;"6";"object";"crevice";1;0;0;0;0;0;391
23;6;"05/01/24";2024;1;5;"6";"object";"brick_flat";0;0;1;0;0;0;392
23;6;"05/01/24";2024;1;5;"6";"object";"brick_large";0;0;1;0;0;0;354
23;6;"05/01/24";2024;1;5;"5";"object";"crevice";0;0;1;0;0;0;308
23;6;"05/01/24";2024;1;5;"5";"object";"crevice";0;0;1;0;0;0;310
23;6;"05/01/24";2024;1;5;"5";"object";"crevice";0;0;1;0;0;0;317
23;6;"05/01/24";2024;1;5;"5";"room";"room";6;1;2;0;0;0;298
23;6;"05/01/24";2024;1;5;"5";"object";"crevice";0;0;1;0;0;0;331
23;6;"05/01/24";2024;1;5;"5";"object";"crevice";1;0;0;0;0;0;330
23;6;"05/01/24";2024;1;5;"5";"object";"crevice";0;0;1;0;0;0;323
23;6;"05/01/24";2024;1;5;"5";"object";"crevice";0;0;0;1;0;0;325
23;6;"05/01/24";2024;1;5;"5";"object";"other";0;0;1;0;0;0;334
23;6;"05/01/24";2024;1;5;"4";"object";"brick_flat";0;0;1;0;0;0;295
23;6;"05/01/24";2024;1;5;"4";"object";"other";1;0;0;0;0;0;260
23;6;"05/01/24";2024;1;5;"4";"object";"brick_flat";0;0;1;0;0;0;291
23;6;"05/01/24";2024;1;5;"4";"object";"crevice";0;1;0;0;0;0;265
23;6;"05/01/24";2024;1;5;"4";"room";"room";8;2;10;0;0;0;259
23;6;"05/01/24";2024;1;5;"4";"object";"brick_flat";1;0;0;0;0;0;273
23;6;"05/01/24";2024;1;5;"4";"object";"other";0;0;2;0;0;0;281
23;6;"05/01/24";2024;1;5;"4";"object";"other";0;0;1;0;0;0;280
23;6;"05/01/24";2024;1;5;"4";"object";"brick_flat";0;0;1;0;0;0;286
23;6;"05/01/24";2024;1;5;"4";"object";"brick_flat";0;0;1;0;0;0;288
23;6;"05/01/24";2024;1;5;"4";"object";"brick_flat";0;0;1;0;0;0;284
23;6;"05/01/24";2024;1;5;"2";"object";"brick_flat";0;0;1;0;0;0;181
23;6;"05/01/24";2024;1;5;"2";"object";"brick_flat";1;0;0;0;0;0;187
23;6;"05/01/24";2024;1;5;"2";"room";"room";3;0;6;0;0;0;102
23;6;"05/01/24";2024;1;5;"2";"object";"room";0;0;1;0;0;0;105
23;6;"05/01/24";2024;1;5;"2";"object";"wall";0;0;1;0;0;0;171
23;6;"05/01/24";2024;1;5;"2";"object";"wall";0;0;1;0;0;0;107
23;6;"05/01/24";2024;1;5;"2";"object";"wall";1;0;0;0;0;0;112
23;6;"05/01/24";2024;1;5;"2";"object";"wall";1;0;0;0;0;0;121
23;6;"05/01/24";2024;1;5;"2";"object";"wall";0;0;1;0;0;0;136
23;6;"05/01/24";2024;1;5;"2";"object";"wall";0;0;1;0;0;0;139
23;6;"05/01/24";2024;1;5;"2";"object";"wall";0;0;1;0;0;0;148
23;6;"05/01/24";2024;1;5;"3";"object";"brick_flat";0;0;1;0;0;0;206
23;6;"05/01/24";2024;1;5;"3";"room";"room";4;1;7;1;0;0;195
23;6;"05/01/24";2024;1;5;"3";"object";"crevice";0;0;1;0;0;0;202
23;6;"05/01/24";2024;1;5;"3";"object";"other";0;0;1;0;0;0;258
23;6;"05/01/24";2024;1;5;"3";"object";"chimney";3;1;0;0;0;0;198
23;6;"05/01/24";2024;1;5;"3";"object";"wall";1;0;0;0;0;0;247
23;6;"05/01/24";2024;1;5;"3";"object";"wall";0;0;1;0;0;0;251
23;6;"05/01/24";2024;1;5;"3";"object";"wall";0;0;1;0;0;0;218
23;6;"05/01/24";2024;1;5;"3";"object";"wall";1;0;0;0;0;0;231
23;6;"05/01/24";2024;1;5;"3";"object";"wall";0;0;1;0;0;0;246
23;6;"05/01/24";2024;1;5;"3";"object";"tunnel";0;0;1;0;1;0;197
23;6;"05/01/24";2024;1;5;"1";"object";"brick_flat";0;0;1;0;0;0;10
23;6;"05/01/24";2024;1;5;"1";"room";"room";0;2;0;0;1;0;1
23;6;"05/01/24";2024;1;5;"12";"object";"pile";1;0;0;0;0;0;98
23;6;"05/01/24";2024;1;5;"12";"object";"pile";1;0;0;0;0;0;99
23;6;"05/01/24";2024;1;5;"12";"object";"wall";1;0;0;0;0;0;65
23;6;"05/01/24";2024;1;5;"12";"object";"wall";1;0;0;0;0;0;71
23;6;"05/01/24";2024;1;5;"12";"object";"wall";1;0;0;0;0;0;70
23;6;"05/01/24";2024;1;5;"12";"object";"wall";0;0;1;0;0;0;78
23;6;"05/01/24";2024;1;5;"12";"object";"wall";1;0;0;0;0;0;62
23;6;"05/01/24";2024;1;5;"12";"object";"brick_flat";0;0;1;0;0;0;87
23;6;"05/01/24";2024;1;5;"12";"object";"room";0;0;6;0;0;0;100
23;6;"05/01/24";2024;1;5;"12";"room";"room";0;0;2;0;0;0;59
23;6;"05/01/24";2024;1;5;"11";"room";"room";0;0;2;0;2;0;45
23;6;"05/01/24";2024;1;5;"11";"object";"chimney";0;0;3;0;0;0;51
23;6;"05/01/24";2024;1;5;"11";"object";"chimney";0;4;0;0;0;0;47
23;6;"05/01/24";2024;1;5;"11";"object";"brick_flat";0;0;1;0;0;0;54
23;7;"15/01/24";2024;1;15;"10";"object";"brick_large";0;4;0;0;0;0;28
23;7;"15/01/24";2024;1;15;"10";"object";"brick_large";0;1;0;0;0;0;27
23;7;"15/01/24";2024;1;15;"10";"object";"brick_large";0;1;0;0;0;0;25
23;7;"15/01/24";2024;1;15;"10";"room";"room";7;2;0;0;1;0;23
23;7;"15/01/24";2024;1;15;"10";"object";"pile";1;0;0;0;0;0;41
23;7;"15/01/24";2024;1;15;"10";"object";"pile";1;0;0;0;0;0;43
23;7;"15/01/24";2024;1;15;"10";"object";"tunnel";1;0;0;0;0;0;42
23;7;"15/01/24";2024;1;15;"10";"object";"room";0;0;1;0;0;0;36
23;7;"15/01/24";2024;1;15;"10";"object";"brick_large";0;2;1;0;0;0;32
23;7;"15/01/24";2024;1;15;"10";"object";"pile";1;0;0;0;0;0;29
23;7;"15/01/24";2024;1;15;"8";"object";"crevice";0;0;1;0;0;0;459
23;7;"15/01/24";2024;1;15;"8";"object";"tunnel";1;1;0;0;0;0;460
23;7;"15/01/24";2024;1;15;"8";"room";"room";5;1;1;0;0;0;442
23;7;"15/01/24";2024;1;15;"8";"object";"crevice";1;0;0;0;0;0;451
23;7;"15/01/24";2024;1;15;"8";"object";"crevice";0;0;1;0;0;0;452
23;7;"15/01/24";2024;1;15;"8";"object";"brick_large";0;0;1;0;0;0;450
23;7;"15/01/24";2024;1;15;"8";"object";"chimney";2;1;0;0;0;0;454
23;7;"15/01/24";2024;1;15;"8";"object";"brick_flat";0;0;3;0;0;0;455
23;7;"15/01/24";2024;1;15;"8";"object";"brick_flat";0;0;2;0;0;0;457
23;7;"15/01/24";2024;1;15;"9";"room";"room";8;0;0;0;1;0;463
23;7;"15/01/24";2024;1;15;"9";"object";"crevice";2;0;0;0;0;0;475
23;7;"15/01/24";2024;1;15;"9";"object";"brick_flat";0;0;1;0;0;0;478
23;7;"15/01/24";2024;1;15;"9";"object";"brick_flat";0;0;1;0;0;0;479
23;7;"15/01/24";2024;1;15;"9";"object";"brick_large";0;1;0;0;0;0;464
23;7;"15/01/24";2024;1;15;"9";"object";"brick_large";0;1;0;0;0;0;473
23;7;"15/01/24";2024;1;15;"9";"object";"wall";1;0;0;0;0;0;508
23;7;"15/01/24";2024;1;15;"9";"object";"wall";1;0;0;0;0;0;517
23;7;"15/01/24";2024;1;15;"9";"object";"wall";1;0;0;0;0;0;515
23;7;"15/01/24";2024;1;15;"9";"room";"room";0;0;1;0;0;0;463
23;7;"15/01/24";2024;1;15;"9";"object";"wall";0;0;1;0;0;0;531
23;7;"15/01/24";2024;1;15;"9";"object";"wall";0;0;1;0;0;0;540
23;7;"15/01/24";2024;1;15;"9";"object";"wall";0;0;1;0;0;0;541
23;7;"15/01/24";2024;1;15;"9";"object";"wall";0;0;1;0;0;0;545
23;7;"15/01/24";2024;1;15;"9";"object";"wall";0;0;1;0;0;0;548
23;7;"15/01/24";2024;1;15;"7";"room";"room";13;0;0;0;0;0;395
23;7;"15/01/24";2024;1;15;"7";"object";"brick_flat";0;0;1;0;0;0;415
23;7;"15/01/24";2024;1;15;"7";"object";"brick_large";1;0;5;0;0;0;401
23;7;"15/01/24";2024;1;15;"7";"object";"brick_large";1;0;2;0;0;0;402
23;7;"15/01/24";2024;1;15;"7";"object";"brick_large";1;0;0;0;0;0;403
23;7;"15/01/24";2024;1;15;"7";"object";"wall";0;0;1;0;0;0;419
23;7;"15/01/24";2024;1;15;"7";"object";"wall";0;0;1;0;0;0;440
23;7;"15/01/24";2024;1;15;"6";"room";"room";5;0;0;0;0;0;347
23;7;"15/01/24";2024;1;15;"6";"object";"brick_flat";0;0;1;0;0;0;350
23;7;"15/01/24";2024;1;15;"6";"object";"brick_flat";0;0;1;0;0;0;378
23;7;"15/01/24";2024;1;15;"6";"object";"crevice";1;0;0;0;0;0;382
23;7;"15/01/24";2024;1;15;"6";"object";"crevice";1;0;0;0;0;0;390
23;7;"15/01/24";2024;1;15;"6";"object";"brick_flat";0;0;1;0;0;0;370
23;7;"15/01/24";2024;1;15;"6";"object";"crevice";0;0;1;0;0;0;384
23;7;"15/01/24";2024;1;15;"6";"object";"crevice";1;0;1;0;0;0;387
23;7;"15/01/24";2024;1;15;"6";"object";"crevice";1;0;0;0;0;0;391
23;7;"15/01/24";2024;1;15;"6";"object";"chimney";1;4;0;0;0;0;367
23;7;"15/01/24";2024;1;15;"6";"object";"brick_large";0;0;1;0;0;0;365
23;7;"15/01/24";2024;1;15;"6";"object";"brick_large";0;0;1;0;0;0;353
23;7;"15/01/24";2024;1;15;"5";"room";"room";4;1;3;0;0;0;298
23;7;"15/01/24";2024;1;15;"5";"object";"crevice";1;0;0;0;0;0;308
23;7;"15/01/24";2024;1;15;"5";"object";"crevice";0;0;1;0;0;0;317
23;7;"15/01/24";2024;1;15;"5";"object";"crevice";0;0;1;0;0;0;323
23;7;"15/01/24";2024;1;15;"5";"object";"crevice";0;0;0;1;0;0;325
23;7;"15/01/24";2024;1;15;"5";"object";"crevice";0;0;1;0;0;0;322
23;7;"15/01/24";2024;1;15;"5";"object";"other";1;0;0;0;0;0;334
23;7;"15/01/24";2024;1;15;"5";"object";"other";1;0;1;0;0;0;335
23;7;"15/01/24";2024;1;15;"5";"object";"chimney";0;1;0;0;0;0;332
23;7;"15/01/24";2024;1;15;"4";"room";"room";8;3;9;1;0;0;259
23;7;"15/01/24";2024;1;15;"4";"object";"brick_flat";0;0;1;0;0;0;292
23;7;"15/01/24";2024;1;15;"4";"object";"brick_flat";0;0;1;0;0;0;291
23;7;"15/01/24";2024;1;15;"4";"object";"crevice";0;1;0;0;0;0;265
23;7;"15/01/24";2024;1;15;"4";"object";"other";0;0;1;0;0;0;281
23;7;"15/01/24";2024;1;15;"4";"object";"brick_flat";0;0;1;0;0;0;287
23;7;"15/01/24";2024;1;15;"4";"object";"brick_flat";0;0;1;0;0;0;276
23;7;"15/01/24";2024;1;15;"4";"object";"other";1;0;0;0;0;0;260
23;7;"15/01/24";2024;1;15;"4";"object";"crevice";1;0;0;0;0;0;267
23;7;"15/01/24";2024;1;15;"2";"object";"brick_flat";0;0;1;0;0;0;181
23;7;"15/01/24";2024;1;15;"2";"room";"room";3;0;6;0;0;0;102
23;7;"15/01/24";2024;1;15;"2";"object";"brick_flat";1;0;0;0;0;0;187
23;7;"15/01/24";2024;1;15;"2";"object";"wall";0;0;1;0;0;0;107
23;7;"15/01/24";2024;1;15;"2";"object";"wall";0;0;1;0;0;0;109
23;7;"15/01/24";2024;1;15;"2";"object";"wall";0;0;1;0;0;0;113
23;7;"15/01/24";2024;1;15;"2";"object";"wall";1;0;0;0;0;0;112
23;7;"15/01/24";2024;1;15;"2";"object";"wall";1;0;0;0;0;0;120
23;7;"15/01/24";2024;1;15;"2";"object";"wall";0;0;1;0;0;0;124
23;7;"15/01/24";2024;1;15;"2";"object";"wall";0;0;1;0;0;0;136
23;7;"15/01/24";2024;1;15;"2";"object";"room";0;0;1;0;0;0;105
23;7;"15/01/24";2024;1;15;"3";"room";"room";6;1;7;1;0;0;195
23;7;"15/01/24";2024;1;15;"3";"object";"other";0;0;2;0;0;0;258
23;7;"15/01/24";2024;1;15;"3";"object";"other";1;0;0;0;0;0;254
23;7;"15/01/24";2024;1;15;"3";"object";"wall";0;0;1;0;0;0;251
23;7;"15/01/24";2024;1;15;"3";"object";"wall";1;0;0;0;0;0;252
23;7;"15/01/24";2024;1;15;"3";"object";"wall";0;0;1;0;0;0;218
23;7;"15/01/24";2024;1;15;"3";"object";"wall";1;0;0;0;0;0;247
23;7;"15/01/24";2024;1;15;"3";"object";"wall";0;0;1;0;0;0;222
23;7;"15/01/24";2024;1;15;"3";"object";"wall";1;0;0;0;0;0;231
23;7;"15/01/24";2024;1;15;"3";"object";"wall";1;0;0;0;0;0;244
23;7;"15/01/24";2024;1;15;"3";"object";"chimney";2;1;0;0;0;0;198
23;7;"15/01/24";2024;1;15;"1";"object";"brick_flat";0;0;1;0;0;0;11
23;7;"15/01/24";2024;1;15;"1";"room";"room";1;2;1;0;2;0;1
23;7;"15/01/24";2024;1;15;"12";"object";"wall";0;0;0;0;0;1;68
23;7;"15/01/24";2024;1;15;"12";"object";"wall";1;0;0;0;0;0;66
23;7;"15/01/24";2024;1;15;"12";"object";"wall";1;0;0;0;0;0;62
23;7;"15/01/24";2024;1;15;"12";"object";"pile";2;0;0;0;0;0;99
23;7;"15/01/24";2024;1;15;"12";"object";"pile";1;0;0;0;0;0;98
23;7;"15/01/24";2024;1;15;"12";"object";"room";2;4;1;0;0;0;100
23;7;"15/01/24";2024;1;15;"12";"room";"room";2;0;1;0;0;0;59
23;7;"15/01/24";2024;1;15;"11";"object";"brick_flat";0;0;1;0;0;0;53
23;7;"15/01/24";2024;1;15;"11";"object";"brick_flat";0;0;1;0;0;0;54
23;7;"15/01/24";2024;1;15;"11";"object";"chimney";0;5;0;0;0;0;47
23;7;"15/01/24";2024;1;15;"11";"object";"chimney";0;0;4;0;0;0;51
23;7;"15/01/24";2024;1;15;"11";"room";"room";0;0;2;0;2;0;45
23;7;"15/01/24";2024;1;15;"11";"object";"tunnel";2;0;1;0;0;0;52
23;8;"26/01/24";2024;1;26;"10";"object";"room";1;0;0;0;0;0;24
23;8;"26/01/24";2024;1;26;"10";"object";"brick_large";0;2;0;0;0;0;25
23;8;"26/01/24";2024;1;26;"10";"object";"brick_large";0;3;0;0;0;0;28
23;8;"26/01/24";2024;1;26;"10";"object";"tunnel";2;0;1;0;0;0;40
23;8;"26/01/24";2024;1;26;"10";"object";"pile";1;0;0;0;0;0;41
23;8;"26/01/24";2024;1;26;"10";"room";"room";7;2;0;0;1;0;23
23;8;"26/01/24";2024;1;26;"10";"object";"pile";2;0;0;0;0;0;43
23;8;"26/01/24";2024;1;26;"10";"object";"tunnel";0;0;1;0;0;0;44
23;8;"26/01/24";2024;1;26;"10";"object";"brick_large";0;4;0;0;0;0;32
23;8;"26/01/24";2024;1;26;"10";"object";"brick_large";0;1;1;0;0;0;33
23;8;"26/01/24";2024;1;26;"10";"object";"brick_flat";0;0;1;0;0;0;38
23;8;"26/01/24";2024;1;26;"10";"object";"room";1;0;0;0;0;0;24
23;8;"26/01/24";2024;1;26;"8";"room";"room";12;0;0;0;1;0;442
23;8;"26/01/24";2024;1;26;"8";"object";"tunnel";1;0;0;0;0;0;458
23;8;"26/01/24";2024;1;26;"8";"object";"tunnel";1;1;0;0;0;0;460
23;8;"26/01/24";2024;1;26;"8";"object";"brick_large";0;0;1;0;0;0;449
23;8;"26/01/24";2024;1;26;"8";"object";"brick_large";0;0;1;0;0;0;450
23;8;"26/01/24";2024;1;26;"8";"object";"crevice";0;0;1;0;0;0;452
23;8;"26/01/24";2024;1;26;"8";"object";"crevice";1;0;0;0;0;0;451
23;8;"26/01/24";2024;1;26;"8";"object";"tunnel";0;0;0;0;1;0;461
23;8;"26/01/24";2024;1;26;"8";"object";"brick_flat";0;0;3;0;0;0;455
23;8;"26/01/24";2024;1;26;"8";"object";"brick_flat";0;0;1;0;0;0;456
23;8;"26/01/24";2024;1;26;"8";"object";"brick_flat";0;0;3;0;0;0;457
23;8;"26/01/24";2024;1;26;"9";"room";"room";4;0;0;0;0;0;463
23;8;"26/01/24";2024;1;26;"9";"object";"crevice";2;0;0;0;0;0;475
23;8;"26/01/24";2024;1;26;"9";"object";"brick_flat";0;0;1;0;0;0;478
23;8;"26/01/24";2024;1;26;"9";"object";"brick_flat";0;0;1;0;0;0;480
23;8;"26/01/24";2024;1;26;"9";"object";"brick_flat";0;0;2;0;0;0;482
23;8;"26/01/24";2024;1;26;"9";"object";"brick_large";0;0;1;0;0;0;471
23;8;"26/01/24";2024;1;26;"9";"object";"brick_large";0;1;0;0;0;0;473
23;8;"26/01/24";2024;1;26;"9";"object";"wall";0;0;1;0;0;0;486
23;8;"26/01/24";2024;1;26;"9";"object";"wall";1;0;0;0;0;0;553
23;8;"26/01/24";2024;1;26;"9";"object";"wall";1;0;0;0;0;0;508
23;8;"26/01/24";2024;1;26;"9";"object";"wall";1;0;0;0;0;0;515
23;8;"26/01/24";2024;1;26;"9";"object";"wall";1;0;0;0;0;0;517
23;8;"26/01/24";2024;1;26;"9";"object";"wall";0;0;1;0;0;0;531
23;8;"26/01/24";2024;1;26;"9";"object";"wall";0;0;1;0;0;0;490
23;8;"26/01/24";2024;1;26;"9";"object";"wall";0;0;0;0;1;0;543
23;8;"26/01/24";2024;1;26;"9";"object";"wall";0;0;0;0;1;0;547
23;8;"26/01/24";2024;1;26;"7";"room";"room";12;0;0;1;1;0;395
23;8;"26/01/24";2024;1;26;"7";"object";"wall";0;0;1;0;0;0;419
23;8;"26/01/24";2024;1;26;"7";"object";"wall";1;0;0;0;0;0;421
23;8;"26/01/24";2024;1;26;"7";"object";"brick_flat";2;0;0;0;0;0;409
23;8;"26/01/24";2024;1;26;"7";"object";"brick_flat";1;0;0;0;0;0;415
23;8;"26/01/24";2024;1;26;"7";"object";"brick_flat";1;0;0;0;0;0;416
23;8;"26/01/24";2024;1;26;"6";"room";"room";1;0;0;0;0;0;347
23;8;"26/01/24";2024;1;26;"6";"object";"brick_flat";0;0;1;0;0;0;350
23;8;"26/01/24";2024;1;26;"6";"object";"crevice";1;0;0;0;0;0;385
23;8;"26/01/24";2024;1;26;"6";"object";"crevice";1;0;1;0;0;0;384
23;8;"26/01/24";2024;1;26;"6";"object";"crevice";0;0;1;0;0;0;388
23;8;"26/01/24";2024;1;26;"6";"object";"crevice";1;0;0;0;0;0;382
23;8;"26/01/24";2024;1;26;"6";"object";"crevice";1;0;0;0;0;0;390
23;8;"26/01/24";2024;1;26;"6";"object";"brick_flat";1;0;1;0;0;0;376
23;8;"26/01/24";2024;1;26;"6";"object";"brick_flat";0;0;1;0;0;0;377
23;8;"26/01/24";2024;1;26;"6";"room";"room";3;0;0;0;1;0;347
23;8;"26/01/24";2024;1;26;"6";"object";"crevice";1;0;0;0;0;0;386
23;8;"26/01/24";2024;1;26;"6";"object";"crevice";1;0;0;0;0;0;391
23;8;"26/01/24";2024;1;26;"6";"object";"crevice";1;2;0;0;0;0;367
23;8;"26/01/24";2024;1;26;"6";"object";"brick_flat";0;2;0;0;0;0;370
23;8;"26/01/24";2024;1;26;"6";"object";"brick_large";1;0;0;0;0;0;362
23;8;"26/01/24";2024;1;26;"6";"object";"brick_large";0;0;1;0;0;0;354
23;8;"26/01/24";2024;1;26;"6";"object";"brick_large";0;0;1;0;0;0;353
23;8;"26/01/24";2024;1;26;"6";"object";"room";0;0;1;0;0;0;366
23;8;"26/01/24";2024;1;26;"5";"room";"room";3;1;4;0;0;0;298
23;8;"26/01/24";2024;1;26;"5";"object";"brick_flat";1;0;0;0;0;0;301
23;8;"26/01/24";2024;1;26;"5";"object";"crevice";0;0;1;0;0;0;317
23;8;"26/01/24";2024;1;26;"5";"object";"other";1;0;0;0;0;0;335
23;8;"26/01/24";2024;1;26;"5";"object";"brick_flat";0;0;1;0;0;0;329
23;8;"26/01/24";2024;1;26;"5";"object";"crevice";0;0;1;0;0;0;323
23;8;"26/01/24";2024;1;26;"5";"object";"crevice";0;0;0;1;0;0;325
23;8;"26/01/24";2024;1;26;"5";"object";"crevice";0;0;1;0;0;0;322
23;8;"26/01/24";2024;1;26;"5";"object";"brick_flat";1;0;0;0;0;0;340
23;8;"26/01/24";2024;1;26;"5";"object";"chimney";0;2;1;0;0;0;332
23;8;"26/01/24";2024;1;26;"4";"object";"brick_flat";0;0;1;0;0;0;276
23;8;"26/01/24";2024;1;26;"4";"room";"room";7;3;8;1;0;0;259
23;8;"26/01/24";2024;1;26;"4";"object";"brick_flat";0;0;1;0;0;0;288
23;8;"26/01/24";2024;1;26;"4";"object";"other";0;0;1;0;0;0;280
23;8;"26/01/24";2024;1;26;"4";"object";"crevice";0;1;0;0;0;0;265
23;8;"26/01/24";2024;1;26;"4";"object";"brick_flat";0;0;1;0;0;0;292
23;8;"26/01/24";2024;1;26;"2";"room";"room";6;0;9;0;0;0;102
23;8;"26/01/24";2024;1;26;"2";"object";"brick_flat";1;0;0;0;0;0;187
23;8;"26/01/24";2024;1;26;"2";"object";"brick_flat";0;0;1;0;0;0;191
23;8;"26/01/24";2024;1;26;"2";"object";"wall";1;0;0;0;0;0;111
23;8;"26/01/24";2024;1;26;"2";"object";"wall";1;0;0;0;0;0;120
23;8;"26/01/24";2024;1;26;"2";"object";"wall";1;0;0;0;0;0;126
23;8;"26/01/24";2024;1;26;"2";"object";"wall";0;0;1;0;0;0;132
23;8;"26/01/24";2024;1;26;"2";"object";"room";0;0;1;0;0;0;105
23;8;"26/01/24";2024;1;26;"3";"room";"room";5;1;10;0;0;0;195
23;8;"26/01/24";2024;1;26;"3";"object";"crevice";0;0;1;0;0;0;202
23;8;"26/01/24";2024;1;26;"3";"object";"crevice";1;0;0;0;0;0;203
23;8;"26/01/24";2024;1;26;"3";"object";"other";0;0;2;0;0;0;258
23;8;"26/01/24";2024;1;26;"3";"object";"chimney";3;1;0;0;0;0;198
23;8;"26/01/24";2024;1;26;"3";"object";"wall";0;0;1;0;0;0;251
23;8;"26/01/24";2024;1;26;"3";"object";"wall";1;0;0;0;0;0;252
23;8;"26/01/24";2024;1;26;"3";"object";"wall";0;0;1;0;0;0;218
23;8;"26/01/24";2024;1;26;"3";"object";"wall";1;0;0;0;0;0;220
23;8;"26/01/24";2024;1;26;"3";"object";"wall";0;0;1;0;0;0;222
23;8;"26/01/24";2024;1;26;"3";"object";"wall";1;0;0;0;0;0;231
23;8;"26/01/24";2024;1;26;"3";"object";"wall";1;0;0;0;0;0;238
23;8;"26/01/24";2024;1;26;"1";"room";"room";0;2;0;0;1;0;1
23;8;"26/01/24";2024;1;26;"1";"object";"brick_flat";0;0;1;0;0;0;9
23;8;"26/01/24";2024;1;26;"12";"room";"room";4;4;3;0;0;0;59
23;8;"26/01/24";2024;1;26;"12";"object";"pile";2;0;0;0;0;0;98
23;8;"26/01/24";2024;1;26;"12";"room";"room";1;0;0;0;0;0;59
23;8;"26/01/24";2024;1;26;"12";"object";"pile";1;0;0;0;0;0;99
23;8;"26/01/24";2024;1;26;"11";"object";"brick_flat";0;0;2;0;0;0;54
23;8;"26/01/24";2024;1;26;"11";"room";"room";1;0;3;0;1;0;45
23;8;"26/01/24";2024;1;26;"11";"object";"chimney";0;0;3;0;0;0;51
23;8;"26/01/24";2024;1;26;"11";"object";"tunnel";1;0;1;0;0;0;52
23;8;"26/01/24";2024;1;26;"11";"object";"chimney";0;6;0;0;0;0;47
23;9;"05/02/24";2024;2;5;"10";"object";"brick_large";0;3;0;0;0;0;25
23;9;"05/02/24";2024;2;5;"10";"object";"brick_large";0;2;0;0;0;0;28
23;9;"05/02/24";2024;2;5;"10";"object";"tunnel";2;0;0;0;0;0;40
23;9;"05/02/24";2024;2;5;"10";"room";"room";7;2;0;0;0;0;23
23;9;"05/02/24";2024;2;5;"10";"object";"pile";2;0;0;0;0;0;41
23;9;"05/02/24";2024;2;5;"10";"object";"pile";3;0;0;0;0;0;43
23;9;"05/02/24";2024;2;5;"10";"object";"tunnel";0;0;1;0;0;0;44
23;9;"05/02/24";2024;2;5;"10";"object";"brick_flat";1;0;2;0;0;0;38
23;9;"05/02/24";2024;2;5;"10";"object";"brick_large";0;5;0;0;0;0;32
23;9;"05/02/24";2024;2;5;"10";"object";"brick_large";0;2;0;0;0;0;34
23;9;"05/02/24";2024;2;5;"8";"object";"tunnel";1;0;0;0;0;0;458
23;9;"05/02/24";2024;2;5;"8";"room";"room";7;0;0;0;1;0;442
23;9;"05/02/24";2024;2;5;"8";"object";"tunnel";1;1;0;0;0;0;460
23;9;"05/02/24";2024;2;5;"8";"object";"crevice";0;0;1;0;0;0;452
23;9;"05/02/24";2024;2;5;"8";"object";"brick_large";0;1;0;0;0;0;449
23;9;"05/02/24";2024;2;5;"8";"object";"brick_large";0;0;1;0;0;0;450
23;9;"05/02/24";2024;2;5;"8";"object";"chimney";1;0;0;0;0;0;454
23;9;"05/02/24";2024;2;5;"8";"object";"brick_flat";0;0;2;0;0;0;455
23;9;"05/02/24";2024;2;5;"8";"object";"brick_flat";0;0;4;0;0;0;457
23;9;"05/02/24";2024;2;5;"9";"object";"room";3;0;0;0;0;0;443
23;9;"05/02/24";2024;2;5;"9";"object";"crevice";2;0;0;0;0;0;475
23;9;"05/02/24";2024;2;5;"9";"room";"room";4;0;0;0;1;0;463
23;9;"05/02/24";2024;2;5;"9";"object";"brick_flat";0;0;1;0;0;0;479
23;9;"05/02/24";2024;2;5;"9";"object";"brick_flat";0;0;1;0;0;0;480
23;9;"05/02/24";2024;2;5;"9";"object";"brick_flat";0;0;2;0;0;0;481
23;9;"05/02/24";2024;2;5;"9";"object";"brick_flat";0;0;2;0;0;0;482
23;9;"05/02/24";2024;2;5;"9";"object";"brick_large";0;1;1;0;0;0;473
23;9;"05/02/24";2024;2;5;"9";"object";"wall";0;0;1;0;0;0;486
23;9;"05/02/24";2024;2;5;"9";"object";"wall";1;0;0;0;0;0;554
23;9;"05/02/24";2024;2;5;"9";"object";"wall";0;0;1;0;0;0;553
23;9;"05/02/24";2024;2;5;"9";"object";"wall";1;0;0;0;0;0;517
23;9;"05/02/24";2024;2;5;"9";"object";"wall";1;0;0;0;0;0;515
23;9;"05/02/24";2024;2;5;"9";"object";"wall";0;0;1;0;0;0;531
23;9;"05/02/24";2024;2;5;"9";"object";"wall";0;0;1;0;0;0;544
23;9;"05/02/24";2024;2;5;"7";"room";"room";12;0;0;1;0;0;395
23;9;"05/02/24";2024;2;5;"7";"object";"brick_large";1;0;4;0;0;0;401
23;9;"05/02/24";2024;2;5;"7";"object";"brick_large";1;0;4;0;0;0;402
23;9;"05/02/24";2024;2;5;"7";"object";"brick_large";1;0;2;0;0;0;403
23;9;"05/02/24";2024;2;5;"7";"object";"brick_flat";0;0;2;0;0;0;409
23;9;"05/02/24";2024;2;5;"7";"object";"brick_flat";0;0;2;0;0;0;416
23;9;"05/02/24";2024;2;5;"7";"object";"wall";0;0;1;0;0;0;419
23;9;"05/02/24";2024;2;5;"7";"object";"wall";1;0;0;0;0;0;421
23;9;"05/02/24";2024;2;5;"6";"room";"room";5;0;0;0;0;0;347
23;9;"05/02/24";2024;2;5;"6";"object";"brick_flat";0;0;1;0;0;0;350
23;9;"05/02/24";2024;2;5;"6";"object";"brick_flat";0;0;1;0;0;0;376
23;9;"05/02/24";2024;2;5;"6";"object";"brick_flat";0;0;1;0;0;0;377
23;9;"05/02/24";2024;2;5;"6";"object";"brick_flat";0;0;1;0;0;0;370
23;9;"05/02/24";2024;2;5;"6";"object";"crevice";2;0;0;0;0;0;385
23;9;"05/02/24";2024;2;5;"6";"object";"crevice";1;0;1;0;0;0;384
23;9;"05/02/24";2024;2;5;"6";"object";"crevice";1;0;0;0;0;0;387
23;9;"05/02/24";2024;2;5;"6";"object";"crevice";0;0;1;0;0;0;388
23;9;"05/02/24";2024;2;5;"6";"object";"crevice";1;0;0;0;0;0;390
23;9;"05/02/24";2024;2;5;"6";"object";"crevice";1;0;0;0;0;0;391
23;9;"05/02/24";2024;2;5;"6";"object";"chimney";1;2;0;0;0;0;367
23;9;"05/02/24";2024;2;5;"6";"object";"brick_large";0;1;0;0;0;0;360
23;9;"05/02/24";2024;2;5;"6";"object";"brick_large";1;0;1;0;0;0;358
23;9;"05/02/24";2024;2;5;"6";"object";"brick_large";0;0;1;0;0;0;353
23;9;"05/02/24";2024;2;5;"5";"object";"brick_flat";1;0;0;0;0;0;314
23;9;"05/02/24";2024;2;5;"5";"object";"brick_flat";0;0;1;0;0;0;329
23;9;"05/02/24";2024;2;5;"5";"room";"room";3;1;3;0;0;0;298
23;9;"05/02/24";2024;2;5;"5";"object";"crevice";0;0;1;0;0;0;331
23;9;"05/02/24";2024;2;5;"5";"object";"chimney";0;2;2;0;0;0;332
23;9;"05/02/24";2024;2;5;"5";"object";"crevice";0;0;0;1;0;0;325
23;9;"05/02/24";2024;2;5;"5";"object";"other";0;0;1;0;0;0;334
23;9;"05/02/24";2024;2;5;"5";"object";"other";1;0;0;0;0;0;335
23;9;"05/02/24";2024;2;5;"5";"object";"brick_flat";1;0;0;0;0;0;340
23;9;"05/02/24";2024;2;5;"5";"object";"crevice";0;0;1;0;0;0;306
23;9;"05/02/24";2024;2;5;"5";"object";NA;1;0;0;0;0;0;307
23;9;"05/02/24";2024;2;5;"5";"object";"crevice";0;0;1;0;0;0;322
23;9;"05/02/24";2024;2;5;"5";"object";"crevice";0;0;1;0;0;0;317
23;9;"05/02/24";2024;2;5;"4";"object";"brick_flat";0;0;1;0;0;0;276
23;9;"05/02/24";2024;2;5;"4";"object";"brick_flat";0;0;1;0;0;0;291
23;9;"05/02/24";2024;2;5;"4";"object";"brick_flat";0;0;1;0;0;0;292
23;9;"05/02/24";2024;2;5;"4";"room";"room";9;2;10;1;0;0;259
23;9;"05/02/24";2024;2;5;"2";"room";"room";4;0;9;0;0;0;102
23;9;"05/02/24";2024;2;5;"2";"object";"brick_flat";1;0;1;0;0;0;191
23;9;"05/02/24";2024;2;5;"2";"object";"room";0;0;1;0;0;0;105
23;9;"05/02/24";2024;2;5;"2";"object";"wall";1;0;0;0;0;0;126
23;9;"05/02/24";2024;2;5;"2";"object";"wall";0;0;1;0;0;0;148
23;9;"05/02/24";2024;2;5;"2";"object";"wall";0;0;1;0;0;0;162
23;9;"05/02/24";2024;2;5;"3";"object";"crevice";0;0;1;0;0;0;202
23;9;"05/02/24";2024;2;5;"3";"object";"other";0;0;2;0;0;0;258
23;9;"05/02/24";2024;2;5;"3";"object";"wall";0;0;1;0;0;0;248
23;9;"05/02/24";2024;2;5;"3";"object";"wall";1;0;0;0;0;0;250
23;9;"05/02/24";2024;2;5;"3";"object";"wall";1;0;0;0;0;0;220
23;9;"05/02/24";2024;2;5;"3";"room";"room";5;2;15;0;0;0;195
23;9;"05/02/24";2024;2;5;"3";"object";"chimney";4;1;0;0;0;0;198
23;9;"05/02/24";2024;2;5;"1";"room";"room";0;2;0;0;1;0;1
23;9;"05/02/24";2024;2;5;"12";"object";"pile";2;0;0;0;0;0;99
23;9;"05/02/24";2024;2;5;"12";"room";"room";0;0;1;0;0;0;59
23;9;"05/02/24";2024;2;5;"12";"object";"room";0;0;1;0;0;0;60
23;9;"05/02/24";2024;2;5;"12";"object";"room";3;3;1;0;0;0;100
23;9;"05/02/24";2024;2;5;"11";"object";"brick_flat";0;0;1;0;0;0;54
23;9;"05/02/24";2024;2;5;"11";"object";"chimney";0;0;2;0;0;0;51
23;9;"05/02/24";2024;2;5;"11";"object";"chimney";0;8;0;0;0;0;47
23;9;"05/02/24";2024;2;5;"11";"room";"room";0;1;3;0;2;0;45
23;9;"05/02/24";2024;2;5;"11";"object";"tunnel";0;0;1;0;0;0;52
23;10;"16/02/24";2024;2;16;"10";"object";"brick_large";0;3;0;0;0;0;25
23;10;"16/02/24";2024;2;16;"10";"object";"brick_large";0;3;0;0;0;0;28
23;10;"16/02/24";2024;2;16;"10";"object";"tunnel";1;0;1;0;0;0;40
23;10;"16/02/24";2024;2;16;"10";"room";"room";5;1;0;0;0;0;23
23;10;"16/02/24";2024;2;16;"10";"object";"pile";2;0;0;0;0;0;41
23;10;"16/02/24";2024;2;16;"10";"object";"pile";1;0;0;0;0;0;43
23;10;"16/02/24";2024;2;16;"10";"object";"brick_large";0;4;0;0;0;0;32
23;10;"16/02/24";2024;2;16;"10";"object";"brick_large";0;2;0;0;0;0;34
23;10;"16/02/24";2024;2;16;"10";"object";"room";1;0;0;0;0;0;35
23;10;"16/02/24";2024;2;16;"10";"object";"brick_flat";0;0;4;0;0;0;37
23;10;"16/02/24";2024;2;16;"10";"object";"brick_flat";0;0;2;0;0;0;38
23;10;"16/02/24";2024;2;16;"10";"object";"brick_flat";1;0;0;0;0;0;39
23;10;"16/02/24";2024;2;16;"9";"object";"room";2;0;0;0;0;0;443
23;10;"16/02/24";2024;2;16;"8";"object";"brick_flat";0;0;1;0;0;0;455
23;10;"16/02/24";2024;2;16;"8";"object";"tunnel";2;0;0;0;0;0;458
23;10;"16/02/24";2024;2;16;"8";"room";"room";5;0;0;0;0;0;442
23;10;"16/02/24";2024;2;16;"8";"object";"tunnel";0;1;0;0;0;0;460
23;10;"16/02/24";2024;2;16;"8";"object";"brick_large";0;0;2;0;0;0;450
23;10;"16/02/24";2024;2;16;"8";"object";"brick_large";0;1;0;0;0;0;449
23;10;"16/02/24";2024;2;16;"8";"object";"crevice";0;0;1;0;0;0;452
23;10;"16/02/24";2024;2;16;"9";"object";"crevice";1;0;0;0;0;0;475
23;10;"16/02/24";2024;2;16;"9";"room";"room";3;0;0;0;0;0;463
23;10;"16/02/24";2024;2;16;"9";"object";"brick_flat";0;0;1;0;0;0;477
23;10;"16/02/24";2024;2;16;"9";"object";"brick_flat";0;0;4;0;0;0;481
23;10;"16/02/24";2024;2;16;"9";"object";"brick_flat";0;0;1;0;0;0;482
23;10;"16/02/24";2024;2;16;"9";"object";"brick_large";0;1;2;0;0;0;473
23;10;"16/02/24";2024;2;16;"9";"object";"brick_large";0;0;2;0;0;0;470
23;10;"16/02/24";2024;2;16;"9";"object";"crevice";0;0;2;0;0;0;557
23;10;"16/02/24";2024;2;16;"9";"object";"wall";1;0;0;0;0;0;554
23;10;"16/02/24";2024;2;16;"9";"object";"wall";0;0;1;0;0;0;486
23;10;"16/02/24";2024;2;16;"9";"object";"wall";0;0;1;0;0;0;553
23;10;"16/02/24";2024;2;16;"9";"object";"wall";1;0;0;0;0;0;508
23;10;"16/02/24";2024;2;16;"9";"object";"wall";1;0;0;0;0;0;515
23;10;"16/02/24";2024;2;16;"9";"object";"wall";1;0;0;0;0;0;517
23;10;"16/02/24";2024;2;16;"9";"object";"wall";1;0;0;0;0;0;544
23;10;"16/02/24";2024;2;16;"9";"object";"wall";1;0;0;0;0;0;546
23;10;"16/02/24";2024;2;16;"7";"room";"room";8;0;0;1;0;0;395
23;10;"16/02/24";2024;2;16;"7";"object";"brick_large";1;1;1;0;0;0;401
23;10;"16/02/24";2024;2;16;"7";"object";"brick_large";1;0;1;0;0;0;402
23;10;"16/02/24";2024;2;16;"7";"object";"brick_large";1;0;1;0;0;0;403
23;10;"16/02/24";2024;2;16;"7";"object";"brick_flat";1;0;0;0;0;0;408
23;10;"16/02/24";2024;2;16;"7";"object";"wall";0;0;1;0;0;0;419
23;10;"16/02/24";2024;2;16;"7";"object";"room";0;0;0;0;0;0;441
23;10;"16/02/24";2024;2;16;"6";"room";"room";3;0;1;0;0;0;347
23;10;"16/02/24";2024;2;16;"6";"object";"brick_flat";1;0;1;0;0;0;350
23;10;"16/02/24";2024;2;16;"6";"object";"brick_flat";0;0;1;0;0;0;376
23;10;"16/02/24";2024;2;16;"6";"object";"brick_flat";0;0;1;0;0;0;377
23;10;"16/02/24";2024;2;16;"6";"object";"crevice";1;0;0;0;0;0;385
23;10;"16/02/24";2024;2;16;"6";"object";"crevice";1;0;1;0;0;0;384
23;10;"16/02/24";2024;2;16;"6";"object";"crevice";0;0;2;0;0;0;387
23;10;"16/02/24";2024;2;16;"6";"object";"crevice";2;0;0;0;0;0;388
23;10;"16/02/24";2024;2;16;"6";"object";"crevice";1;0;0;0;0;0;391
23;10;"16/02/24";2024;2;16;"6";"object";"chimney";1;3;0;0;0;0;367
23;10;"16/02/24";2024;2;16;"6";"object";"room";0;1;0;0;0;0;371
23;10;"16/02/24";2024;2;16;"6";"object";"brick_large";0;1;0;0;0;0;360
23;10;"16/02/24";2024;2;16;"5";"room";"room";4;1;3;0;0;0;298
23;10;"16/02/24";2024;2;16;"5";"object";"crevice";0;0;1;0;0;0;317
23;10;"16/02/24";2024;2;16;"5";"object";"crevice";0;0;1;0;0;0;322
23;10;"16/02/24";2024;2;16;"5";"object";"chimney";0;2;3;0;0;0;332
23;10;"16/02/24";2024;2;16;"5";"object";"crevice";1;1;0;0;0;0;306
23;10;"16/02/24";2024;2;16;"4";"room";"room";9;2;14;2;0;0;259
23;10;"16/02/24";2024;2;16;"4";"object";"brick_flat";0;0;1;0;0;0;290
23;10;"16/02/24";2024;2;16;"4";"object";"brick_flat";0;0;1;0;0;0;292
23;10;"16/02/24";2024;2;16;"4";"object";"brick_flat";0;0;2;0;0;0;276
23;10;"16/02/24";2024;2;16;"2";"room";"room";4;0;7;1;1;0;102
23;10;"16/02/24";2024;2;16;"2";"object";"brick_flat";0;0;1;0;0;0;191
23;10;"16/02/24";2024;2;16;"2";"object";"brick_flat";1;0;0;0;0;0;187
23;10;"16/02/24";2024;2;16;"2";"object";"wall";0;0;1;0;0;0;119
23;10;"16/02/24";2024;2;16;"2";"object";"wall";0;0;1;0;0;0;162
23;10;"16/02/24";2024;2;16;"3";"object";"crevice";0;0;1;0;0;0;204
23;10;"16/02/24";2024;2;16;"3";"object";"crevice";1;0;0;0;0;0;202
23;10;"16/02/24";2024;2;16;"3";"room";"room";7;1;7;0;0;0;195
23;10;"16/02/24";2024;2;16;"3";"object";"other";0;0;2;0;0;0;258
23;10;"16/02/24";2024;2;16;"3";"object";"wall";0;0;1;0;0;0;248
23;10;"16/02/24";2024;2;16;"3";"object";"wall";1;0;0;0;0;0;252
23;10;"16/02/24";2024;2;16;"3";"object";"wall";1;0;0;0;0;0;220
23;10;"16/02/24";2024;2;16;"3";"object";"wall";1;0;0;0;0;0;239
23;10;"16/02/24";2024;2;16;"3";"object";"chimney";4;1;0;0;0;0;198
23;10;"16/02/24";2024;2;16;"1";"room";"room";1;2;1;0;1;0;1
23;10;"16/02/24";2024;2;16;"12";"room";"room";3;0;2;0;0;0;59
23;10;"16/02/24";2024;2;16;"12";"object";"crevice";1;0;0;0;0;0;90
23;10;"16/02/24";2024;2;16;"12";"object";"pile";1;0;0;0;0;0;99
23;10;"16/02/24";2024;2;16;"12";"object";"room";1;0;1;0;0;0;60
23;10;"16/02/24";2024;2;16;"12";"object";"room";1;3;2;0;0;0;100
23;10;"16/02/24";2024;2;16;"11";"room";"room";1;1;2;0;2;0;45
23;10;"16/02/24";2024;2;16;"11";"object";"chimney";0;0;4;0;0;0;51
23;10;"16/02/24";2024;2;16;"11";"object";"chimney";0;8;0;0;0;0;47
23;10;"16/02/24";2024;2;16;"11";"object";"tunnel";0;0;1;0;0;0;52
23;11;"26/02/24";2024;2;26;"10";"object";"brick_large";0;3;0;0;0;0;28
23;11;"26/02/24";2024;2;26;"10";"object";"brick_large";0;3;0;0;0;0;25
23;11;"26/02/24";2024;2;26;"10";"object";"tunnel";0;0;1;0;0;0;40
23;11;"26/02/24";2024;2;26;"10";"room";"room";7;1;1;0;0;0;23
23;11;"26/02/24";2024;2;26;"10";"object";"pile";1;0;0;0;0;0;41
23;11;"26/02/24";2024;2;26;"10";"object";"pile";1;0;0;0;0;0;43
23;11;"26/02/24";2024;2;26;"10";"object";"brick_large";0;3;1;0;0;0;32
23;11;"26/02/24";2024;2;26;"10";"object";"brick_large";0;2;0;0;0;0;34
23;11;"26/02/24";2024;2;26;"10";"object";"brick_large";1;0;0;0;0;0;31
23;11;"26/02/24";2024;2;26;"10";"object";"brick_flat";0;0;3;0;0;0;37
23;11;"26/02/24";2024;2;26;"10";"object";"brick_flat";0;0;2;0;0;0;39
23;11;"26/02/24";2024;2;26;"9";"object";"room";1;0;0;0;0;0;443
23;11;"26/02/24";2024;2;26;"8";"room";"room";6;0;0;0;0;0;442
23;11;"26/02/24";2024;2;26;"8";"object";"brick_flat";0;0;1;0;0;0;455
23;11;"26/02/24";2024;2;26;"8";"object";"tunnel";1;1;0;0;0;0;460
23;11;"26/02/24";2024;2;26;"8";"object";"brick_large";0;0;7;0;0;0;450
23;11;"26/02/24";2024;2;26;"8";"object";"crevice";0;0;1;0;0;0;452
23;11;"26/02/24";2024;2;26;"9";"object";"brick_flat";0;0;5;0;0;0;479
23;11;"26/02/24";2024;2;26;"9";"object";"brick_flat";0;0;4;0;0;0;481
23;11;"26/02/24";2024;2;26;"9";"object";"brick_flat";0;0;3;0;0;0;482
23;11;"26/02/24";2024;2;26;"9";"object";"brick_large";1;0;0;0;0;0;464
23;11;"26/02/24";2024;2;26;"9";"object";"brick_large";0;2;0;0;0;0;471
23;11;"26/02/24";2024;2;26;"9";"object";"brick_large";0;0;1;0;0;0;469
23;11;"26/02/24";2024;2;26;"9";"object";"brick_large";0;0;1;0;0;0;473
23;11;"26/02/24";2024;2;26;"9";"object";"brick_large";0;1;1;0;0;0;472
23;11;"26/02/24";2024;2;26;"9";"room";"room";2;0;0;0;0;0;463
23;11;"26/02/24";2024;2;26;"9";"object";"wall";1;0;0;0;0;0;554
23;11;"26/02/24";2024;2;26;"9";"object";"wall";1;0;0;0;0;0;508
23;11;"26/02/24";2024;2;26;"9";"object";"wall";0;0;1;0;0;0;517
23;11;"26/02/24";2024;2;26;"7";"object";"brick_flat";1;0;0;0;0;0;400
23;11;"26/02/24";2024;2;26;"7";"object";"brick_flat";1;0;0;0;0;0;408
23;11;"26/02/24";2024;2;26;"7";"object";"wall";0;0;1;0;0;0;419
23;11;"26/02/24";2024;2;26;"7";"object";"room";0;0;0;0;0;0;441
23;11;"26/02/24";2024;2;26;"7";"room";"room";3;0;0;0;0;0;395
23;11;"26/02/24";2024;2;26;"7";"object";"brick_large";1;0;1;0;0;0;401
23;11;"26/02/24";2024;2;26;"7";"object";"brick_large";4;0;0;0;0;0;402
23;11;"26/02/24";2024;2;26;"7";"object";"brick_large";0;0;1;0;0;0;403
23;11;"26/02/24";2024;2;26;"6";"object";"brick_flat";0;0;1;0;0;0;376
23;11;"26/02/24";2024;2;26;"6";"room";"room";2;0;0;0;0;0;347
23;11;"26/02/24";2024;2;26;"6";"object";"crevice";1;0;0;0;0;0;391
23;11;"26/02/24";2024;2;26;"6";"object";"crevice";1;0;1;0;0;0;384
23;11;"26/02/24";2024;2;26;"6";"object";"crevice";1;0;0;0;0;0;388
23;11;"26/02/24";2024;2;26;"6";"object";"crevice";0;0;1;0;0;0;387
23;11;"26/02/24";2024;2;26;"6";"object";"crevice";1;0;0;0;0;0;390
23;11;"26/02/24";2024;2;26;"6";"object";"brick_large";0;1;0;0;0;0;360
23;11;"26/02/24";2024;2;26;"6";"object";"brick_large";1;0;1;0;0;0;359
23;11;"26/02/24";2024;2;26;"5";"object";"brick_flat";0;0;1;0;0;0;316
23;11;"26/02/24";2024;2;26;"5";"room";"room";4;1;3;0;0;0;298
23;11;"26/02/24";2024;2;26;"5";"object";"crevice";0;0;1;0;0;0;311
23;11;"26/02/24";2024;2;26;"5";"object";"crevice";0;0;1;0;0;0;331
23;11;"26/02/24";2024;2;26;"5";"object";"chimney";0;2;0;0;0;0;332
23;11;"26/02/24";2024;2;26;"5";"object";"crevice";0;0;1;0;0;0;321
23;11;"26/02/24";2024;2;26;"5";"object";"crevice";0;0;1;0;0;0;322
23;11;"26/02/24";2024;2;26;"5";"object";"other";1;0;0;0;0;0;336
23;11;"26/02/24";2024;2;26;"5";"object";"room";1;0;0;0;0;0;337
23;11;"26/02/24";2024;2;26;"4";"room";"room";12;2;7;2;0;0;259
23;11;"26/02/24";2024;2;26;"4";"object";"brick_flat";1;0;0;0;0;0;285
23;11;"26/02/24";2024;2;26;"4";"object";"brick_flat";0;0;1;0;0;0;290
23;11;"26/02/24";2024;2;26;"4";"object";"crevice";1;0;0;0;0;0;267
23;11;"26/02/24";2024;2;26;"2";"room";"room";6;0;4;1;0;0;102
23;11;"26/02/24";2024;2;26;"2";"object";"brick_flat";1;0;0;0;0;0;186
23;11;"26/02/24";2024;2;26;"2";"object";"brick_flat";1;0;0;0;0;0;191
23;11;"26/02/24";2024;2;26;"2";"object";"wall";1;0;0;0;0;0;129
23;11;"26/02/24";2024;2;26;"2";"object";"room";0;0;1;0;0;0;105
23;11;"26/02/24";2024;2;26;"3";"room";"room";8;1;7;0;0;0;195
23;11;"26/02/24";2024;2;26;"3";"object";"other";0;0;1;0;0;0;258
23;11;"26/02/24";2024;2;26;"3";"object";"crevice";0;0;1;0;0;0;204
23;11;"26/02/24";2024;2;26;"3";"object";"wall";0;0;1;0;0;0;248
23;11;"26/02/24";2024;2;26;"3";"object";"wall";1;0;0;0;0;0;220
23;11;"26/02/24";2024;2;26;"3";"object";"wall";1;0;0;0;0;0;252
23;11;"26/02/24";2024;2;26;"3";"object";"wall";1;0;0;0;0;0;239
23;11;"26/02/24";2024;2;26;"3";"object";"chimney";2;2;0;0;0;0;198
23;11;"26/02/24";2024;2;26;"1";"object";"brick_round";1;0;0;0;0;0;13
23;11;"26/02/24";2024;2;26;"1";"room";"room";1;2;1;0;1;0;1
23;11;"26/02/24";2024;2;26;"12";"room";"room";3;0;0;0;0;0;59
23;11;"26/02/24";2024;2;26;"12";"object";"wall";1;0;0;0;0;0;74
23;11;"26/02/24";2024;2;26;"12";"object";"pile";1;0;0;0;0;0;98
23;11;"26/02/24";2024;2;26;"12";"object";"room";2;0;0;0;0;0;60
23;11;"26/02/24";2024;2;26;"12";"object";"room";2;4;0;0;0;0;100
23;11;"26/02/24";2024;2;26;"11";"room";"room";1;0;2;0;0;0;45
23;11;"26/02/24";2024;2;26;"11";"object";"chimney";0;0;2;0;0;0;51
23;11;"26/02/24";2024;2;26;"11";"object";"tunnel";0;0;2;0;0;0;52
23;11;"26/02/24";2024;2;26;"11";"object";"chimney";0;9;0;0;0;0;47
23;12;"08/03/24";2024;3;8;"10";"object";"brick_large";0;3;0;0;0;0;25
23;12;"08/03/24";2024;3;8;"10";"object";"brick_large";0;3;0;0;0;0;28
23;12;"08/03/24";2024;3;8;"10";"room";"room";6;1;0;0;0;0;23
23;12;"08/03/24";2024;3;8;"10";"object";"tunnel";1;0;0;0;0;0;40
23;12;"08/03/24";2024;3;8;"10";"object";"tunnel";1;0;0;0;0;0;42
23;12;"08/03/24";2024;3;8;"10";"object";"pile";1;0;0;0;0;0;41
23;12;"08/03/24";2024;3;8;"10";"object";"brick_large";0;4;0;0;0;0;32
23;12;"08/03/24";2024;3;8;"10";"object";"brick_large";0;3;0;0;0;0;34
23;12;"08/03/24";2024;3;8;"10";"object";"brick_flat";0;0;3;0;0;0;37
23;12;"08/03/24";2024;3;8;"10";"object";"brick_flat";0;0;2;0;0;0;39
23;12;"08/03/24";2024;3;8;"8";"object";"tunnel";0;1;0;0;0;0;460
23;12;"08/03/24";2024;3;8;"8";"object";"crevice";0;0;1;0;0;0;452
23;12;"08/03/24";2024;3;8;"8";"object";"brick_large";0;0;7;0;0;0;450
23;12;"08/03/24";2024;3;8;"8";"room";"room";3;0;0;0;0;0;442
23;12;"08/03/24";2024;3;8;"8";"object";"tunnel";1;0;0;0;0;0;461
23;12;"08/03/24";2024;3;8;"8";"object";"brick_flat";0;0;1;0;0;0;456
23;12;"08/03/24";2024;3;8;"9";"object";"room";1;0;0;0;0;0;443
23;12;"08/03/24";2024;3;8;"9";"room";"room";3;0;0;0;0;0;463
23;12;"08/03/24";2024;3;8;"9";"object";"brick_flat";0;0;2;0;0;0;478
23;12;"08/03/24";2024;3;8;"9";"object";"brick_flat";0;1;0;0;0;0;479
23;12;"08/03/24";2024;3;8;"9";"object";"brick_flat";0;2;0;0;0;0;481
23;12;"08/03/24";2024;3;8;"9";"object";"brick_flat";0;0;2;0;0;0;482
23;12;"08/03/24";2024;3;8;"9";"object";"brick_large";0;1;2;0;0;0;467
23;12;"08/03/24";2024;3;8;"9";"object";"brick_large";1;0;0;0;0;0;471
23;12;"08/03/24";2024;3;8;"9";"object";"brick_large";1;0;0;0;0;0;470
23;12;"08/03/24";2024;3;8;"9";"object";"brick_large";0;0;1;0;0;0;472
23;12;"08/03/24";2024;3;8;"9";"object";"crevice";1;0;0;0;0;0;556
23;12;"08/03/24";2024;3;8;"9";"object";"wall";1;0;0;0;0;0;508
23;12;"08/03/24";2024;3;8;"9";"object";"wall";0;0;1;0;0;0;551
23;12;"08/03/24";2024;3;8;"7";"room";"room";6;0;0;0;0;0;395
23;12;"08/03/24";2024;3;8;"7";"object";"room";0;1;0;0;0;0;410
23;12;"08/03/24";2024;3;8;"7";"object";"brick_large";1;0;1;0;0;0;401
23;12;"08/03/24";2024;3;8;"7";"object";"wall";0;0;1;0;0;0;419
23;12;"08/03/24";2024;3;8;"7";"object";"wall";1;0;0;0;0;0;431
23;12;"08/03/24";2024;3;8;"6";"object";"chimney";1;4;0;0;0;0;367
23;12;"08/03/24";2024;3;8;"6";"object";"crevice";1;0;0;0;0;0;388
23;12;"08/03/24";2024;3;8;"6";"object";"crevice";1;0;0;0;0;0;390
23;12;"08/03/24";2024;3;8;"6";"object";"crevice";1;0;0;0;0;0;391
23;12;"08/03/24";2024;3;8;"6";"object";"crevice";1;0;0;0;0;0;380
23;12;"08/03/24";2024;3;8;"6";"room";"room";2;0;0;0;0;0;347
23;12;"08/03/24";2024;3;8;"6";"object";"brick_large";1;0;1;0;0;0;359
23;12;"08/03/24";2024;3;8;"6";"object";"brick_large";0;1;0;0;0;0;360
23;12;"08/03/24";2024;3;8;"5";"room";"room";3;1;3;0;0;0;298
23;12;"08/03/24";2024;3;8;"5";"object";"brick_flat";1;0;1;0;0;0;315
23;12;"08/03/24";2024;3;8;"5";"object";"crevice";0;0;1;0;0;0;310
23;12;"08/03/24";2024;3;8;"5";"object";"crevice";0;0;1;0;0;0;311
23;12;"08/03/24";2024;3;8;"5";"object";"brick_flat";0;0;1;0;0;0;299
23;12;"08/03/24";2024;3;8;"5";"object";"brick_flat";1;0;0;0;0;0;300
23;12;"08/03/24";2024;3;8;"5";"object";"brick_flat";1;0;0;0;0;0;327
23;12;"08/03/24";2024;3;8;"5";"object";"other";1;0;0;0;0;0;336
23;12;"08/03/24";2024;3;8;"5";"object";"room";1;0;0;0;0;0;337
23;12;"08/03/24";2024;3;8;"5";"object";"crevice";1;0;0;0;0;0;306
23;12;"08/03/24";2024;3;8;"5";"object";"chimney";0;3;3;0;0;0;332
23;12;"08/03/24";2024;3;8;"4";"room";"room";8;1;10;1;0;0;259
23;12;"08/03/24";2024;3;8;"4";"object";"crevice";1;0;0;0;0;0;263
23;12;"08/03/24";2024;3;8;"2";"room";"room";5;0;3;1;0;0;102
23;12;"08/03/24";2024;3;8;"2";"object";"brick_flat";1;0;0;0;0;0;186
23;12;"08/03/24";2024;3;8;"2";"object";"brick_flat";0;0;1;0;0;0;180
23;12;"08/03/24";2024;3;8;"2";"object";"brick_flat";1;0;0;0;0;0;188
23;12;"08/03/24";2024;3;8;"2";"object";"wall";1;0;0;0;0;0;129
23;12;"08/03/24";2024;3;8;"2";"object";"wall";1;0;0;0;0;0;134
23;12;"08/03/24";2024;3;8;"2";"object";"wall";1;0;0;0;0;0;142
23;12;"08/03/24";2024;3;8;"2";"object";"wall";1;0;0;0;0;0;139
23;12;"08/03/24";2024;3;8;"2";"object";"wall";0;0;1;0;0;0;148
23;12;"08/03/24";2024;3;8;"3";"room";"room";7;0;6;0;0;0;195
23;12;"08/03/24";2024;3;8;"3";"object";"chimney";2;1;0;0;0;0;198
23;12;"08/03/24";2024;3;8;"3";"object";"wall";0;0;1;0;0;0;248
23;12;"08/03/24";2024;3;8;"3";"object";"wall";0;0;2;0;0;0;219
23;12;"08/03/24";2024;3;8;"3";"object";"wall";1;0;0;0;0;0;220
23;12;"08/03/24";2024;3;8;"3";"object";"wall";1;0;0;0;0;0;223
23;12;"08/03/24";2024;3;8;"3";"object";"wall";1;0;0;0;0;0;237
23;12;"08/03/24";2024;3;8;"1";"room";"room";0;2;0;0;1;0;1
23;12;"08/03/24";2024;3;8;"1";"object";"brick_round";1;0;0;0;0;0;12
23;12;"08/03/24";2024;3;8;"12";"object";"crevice";1;0;0;0;0;0;90
23;12;"08/03/24";2024;3;8;"12";"object";"pile";1;0;0;0;0;0;98
23;12;"08/03/24";2024;3;8;"12";"object";"pile";1;0;0;0;0;0;99
23;12;"08/03/24";2024;3;8;"12";"object";"wall";3;0;0;0;0;0;70
23;12;"08/03/24";2024;3;8;"12";"object";"wall";1;0;0;0;0;0;73
23;12;"08/03/24";2024;3;8;"12";"object";"wall";1;0;0;0;0;0;85
23;12;"08/03/24";2024;3;8;"12";"room";"room";1;0;1;0;0;0;59
23;12;"08/03/24";2024;3;8;"12";"object";"room";1;0;0;0;0;0;60
23;12;"08/03/24";2024;3;8;"12";"object";"room";1;4;0;0;0;0;100
23;12;"08/03/24";2024;3;8;"11";"object";"chimney";0;9;0;0;0;0;47
23;12;"08/03/24";2024;3;8;"11";"room";"room";1;0;2;0;0;0;45
23;12;"08/03/24";2024;3;8;"11";"object";"tunnel";0;0;1;0;0;0;52
23;13;"18/03/24";2024;3;18;"10";"object";"brick_large";0;1;0;0;0;0;25
23;13;"18/03/24";2024;3;18;"10";"object";"brick_large";0;4;0;0;0;0;28
23;13;"18/03/24";2024;3;18;"10";"object";"tunnel";1;0;1;0;0;0;40
23;13;"18/03/24";2024;3;18;"10";"object";"pile";2;0;0;0;0;0;41
23;13;"18/03/24";2024;3;18;"10";"object";"tunnel";1;0;0;0;0;0;42
23;13;"18/03/24";2024;3;18;"10";"room";"room";7;0;0;0;0;0;23
23;13;"18/03/24";2024;3;18;"10";"object";"brick_large";0;2;0;0;0;0;32
23;13;"18/03/24";2024;3;18;"10";"object";"brick_large";0;2;0;0;0;0;33
23;13;"18/03/24";2024;3;18;"10";"object";"brick_large";0;2;0;0;0;0;34
23;13;"18/03/24";2024;3;18;"8";"room";"room";4;0;0;0;0;0;442
23;13;"18/03/24";2024;3;18;"8";"object";"crevice";0;0;1;0;0;0;452
23;13;"18/03/24";2024;3;18;"9";"room";"room";3;0;0;0;0;0;463
23;13;"18/03/24";2024;3;18;"9";"object";"brick_flat";0;0;1;0;0;0;478
23;13;"18/03/24";2024;3;18;"9";"object";"brick_flat";1;0;0;0;0;0;482
23;13;"18/03/24";2024;3;18;"9";"object";"brick_large";0;4;0;0;0;0;467
23;13;"18/03/24";2024;3;18;"9";"object";"brick_large";0;2;0;0;0;0;471
23;13;"18/03/24";2024;3;18;"9";"object";"brick_large";0;1;1;0;0;0;472
23;13;"18/03/24";2024;3;18;"9";"object";"wall";0;0;1;0;0;0;524
23;13;"18/03/24";2024;3;18;"9";"object";"wall";1;0;0;0;0;0;548
23;13;"18/03/24";2024;3;18;"7";"room";"room";1;0;0;0;0;0;395
23;13;"18/03/24";2024;3;18;"7";"object";"room";0;1;0;0;0;0;412
23;13;"18/03/24";2024;3;18;"7";"object";"wall";1;0;0;0;0;0;431
23;13;"18/03/24";2024;3;18;"6";"room";"room";2;0;0;0;0;0;347
23;13;"18/03/24";2024;3;18;"6";"object";"chimney";2;4;0;0;0;0;367
23;13;"18/03/24";2024;3;18;"6";"object";"crevice";1;0;0;0;0;0;388
23;13;"18/03/24";2024;3;18;"6";"object";"crevice";0;0;1;0;0;0;387
23;13;"18/03/24";2024;3;18;"6";"object";"crevice";1;0;0;0;0;0;382
23;13;"18/03/24";2024;3;18;"6";"object";"crevice";1;0;0;0;0;0;391
23;13;"18/03/24";2024;3;18;"6";"object";"brick_flat";1;0;0;0;0;0;370
23;13;"18/03/24";2024;3;18;"6";"object";"brick_large";0;1;0;0;0;0;360
23;13;"18/03/24";2024;3;18;"6";"object";"brick_large";2;0;1;0;0;0;359
23;13;"18/03/24";2024;3;18;"5";"object";"brick_flat";1;0;0;0;0;0;315
23;13;"18/03/24";2024;3;18;"5";"room";"room";3;1;2;0;0;0;298
23;13;"18/03/24";2024;3;18;"5";"object";"brick_flat";0;0;1;0;0;0;299
23;13;"18/03/24";2024;3;18;"5";"object";"brick_flat";1;0;0;0;0;0;300
23;13;"18/03/24";2024;3;18;"5";"object";"brick_flat";1;0;0;0;0;0;327
23;13;"18/03/24";2024;3;18;"5";"object";"crevice";1;0;0;0;0;0;310
23;13;"18/03/24";2024;3;18;"5";"object";"crevice";0;0;1;0;0;0;311
23;13;"18/03/24";2024;3;18;"5";"object";"other";1;0;0;0;0;0;336
23;13;"18/03/24";2024;3;18;"5";"object";"chimney";0;2;0;0;0;0;332
23;13;"18/03/24";2024;3;18;"4";"room";"room";6;2;8;1;0;0;259
23;13;"18/03/24";2024;3;18;"2";"room";"room";7;0;1;3;0;0;102
23;13;"18/03/24";2024;3;18;"2";"object";"brick_flat";1;0;0;0;0;0;188
23;13;"18/03/24";2024;3;18;"2";"object";"wall";0;0;1;0;0;0;170
23;13;"18/03/24";2024;3;18;"2";"object";"wall";1;0;0;0;0;0;119
23;13;"18/03/24";2024;3;18;"2";"object";"wall";1;0;0;0;0;0;129
23;13;"18/03/24";2024;3;18;"2";"object";"wall";1;0;0;0;0;0;131
23;13;"18/03/24";2024;3;18;"3";"room";"room";5;1;0;0;0;0;195
23;13;"18/03/24";2024;3;18;"3";"object";"other";0;0;1;0;0;0;258
23;13;"18/03/24";2024;3;18;"3";"object";"wall";1;0;0;0;0;0;220
23;13;"18/03/24";2024;3;18;"3";"object";"wall";1;0;0;0;0;0;252
23;13;"18/03/24";2024;3;18;"3";"object";"wall";1;0;0;0;0;0;237
23;13;"18/03/24";2024;3;18;"3";"object";"chimney";0;2;0;0;0;0;198
23;13;"18/03/24";2024;3;18;"2";"object";"room";1;0;0;0;0;0;105
23;13;"18/03/24";2024;3;18;"1";"object";"brick_round";1;0;0;0;0;0;12
23;13;"18/03/24";2024;3;18;"1";"room";"room";1;2;0;0;0;0;1
23;13;"18/03/24";2024;3;18;"1";"object";"brick_flat";0;0;1;0;0;0;16
23;13;"18/03/24";2024;3;18;"12";"object";"pile";1;0;0;0;0;0;98
23;13;"18/03/24";2024;3;18;"12";"object";"pile";1;0;0;0;0;0;99
23;13;"18/03/24";2024;3;18;"12";"object";"wall";2;0;0;0;0;0;70
23;13;"18/03/24";2024;3;18;"12";"object";"wall";1;0;0;0;0;0;75
23;13;"18/03/24";2024;3;18;"12";"object";"wall";1;0;0;0;0;0;85
23;13;"18/03/24";2024;3;18;"12";"object";"room";3;3;0;0;0;0;100
23;13;"18/03/24";2024;3;18;"11";"object";"brick_flat";0;0;1;0;0;0;48
23;13;"18/03/24";2024;3;18;"11";"room";"room";2;0;1;0;0;0;45
23;13;"18/03/24";2024;3;18;"11";"object";"chimney";0;10;0;0;0;0;47
23;14;"29/03/24";2024;3;29;"10";"object";"brick_large";0;2;0;0;0;0;31
23;14;"29/03/24";2024;3;29;"10";"room";"room";2;0;0;0;0;0;23
23;14;"29/03/24";2024;3;29;"10";"object";"tunnel";1;0;0;0;0;0;40
23;14;"29/03/24";2024;3;29;"10";"object";"brick_large";0;1;0;0;0;0;25
23;14;"29/03/24";2024;3;29;"10";"object";"room";0;1;0;0;0;0;26
23;14;"29/03/24";2024;3;29;"10";"object";"brick_large";0;4;0;0;0;0;28
23;14;"29/03/24";2024;3;29;"9";"object";"brick_large";0;4;0;0;0;0;467
23;14;"29/03/24";2024;3;29;"9";"object";"brick_large";0;1;0;0;0;0;471
23;14;"29/03/24";2024;3;29;"9";"object";"brick_large";0;1;0;0;0;0;469
23;14;"29/03/24";2024;3;29;"9";"object";"brick_large";0;1;0;0;0;0;472
23;14;"29/03/24";2024;3;29;"9";"object";"wall";0;0;1;0;0;0;538
23;14;"29/03/24";2024;3;29;"9";"object";"brick_flat";1;0;0;0;0;0;482
23;14;"29/03/24";2024;3;29;"8";"room";"room";2;0;0;0;0;0;442
23;14;"29/03/24";2024;3;29;"6";"object";"brick_flat";1;0;0;0;0;0;348
23;14;"29/03/24";2024;3;29;"6";"object";"chimney";0;3;0;0;0;0;367
23;14;"29/03/24";2024;3;29;"6";"room";"room";1;0;0;0;0;0;347
23;14;"29/03/24";2024;3;29;"5";"object";"brick_flat";1;0;0;0;0;0;316
23;14;"29/03/24";2024;3;29;"5";"room";"room";2;1;0;0;0;0;298
23;14;"29/03/24";2024;3;29;"4";"room";"room";2;1;1;0;0;0;259
23;14;"29/03/24";2024;3;29;"2";"object";"wall";1;0;0;0;0;0;129
23;14;"29/03/24";2024;3;29;"2";"object";"wall";1;0;0;0;0;0;131
23;14;"29/03/24";2024;3;29;"2";"object";"room";1;0;0;0;0;0;190
23;14;"29/03/24";2024;3;29;"2";"object";"brick_flat";1;0;0;0;0;0;189
23;14;"29/03/24";2024;3;29;"2";"room";"room";1;0;0;0;0;0;102
23;14;"29/03/24";2024;3;29;"3";"room";"room";1;1;0;0;0;0;195
23;14;"29/03/24";2024;3;29;"3";"object";"wall";1;0;0;0;0;0;220
23;14;"29/03/24";2024;3;29;"3";"object";"wall";1;0;0;0;0;0;252
23;14;"29/03/24";2024;3;29;"3";"object";"wall";1;0;0;0;0;0;237
23;14;"29/03/24";2024;3;29;"3";"object";"wall";1;0;0;0;0;0;234
23;14;"29/03/24";2024;3;29;"2";"object";"room";1;0;0;0;0;0;103
23;14;"29/03/24";2024;3;29;"1";"object";"brick_round";1;0;0;0;0;0;12
23;14;"29/03/24";2024;3;29;"1";"room";"room";0;1;0;0;0;0;1
23;14;"29/03/24";2024;3;29;"12";"room";"room";1;0;0;0;0;0;59
23;14;"29/03/24";2024;3;29;"12";"object";"room";1;0;0;0;0;0;60
23;14;"29/03/24";2024;3;29;"12";"object";"room";0;1;0;0;0;0;100
23;14;"29/03/24";2024;3;29;"11";"object";"chimney";0;6;0;0;0;0;47
23;14;"29/03/24";2024;3;29;"11";"object";"other";1;0;0;0;0;0;58
23;15;"08/04/24";2024;4;8;"10";"object";"brick_large";0;1;0;0;0;0;34
23;15;"08/04/24";2024;4;8;"9";"object";"brick_flat";1;0;0;0;0;0;482
23;15;"08/04/24";2024;4;8;"9";"object";"brick_large";0;1;0;0;0;0;469
23;15;"08/04/24";2024;4;8;"6";"object";"brick_large";2;0;0;0;0;0;362
23;15;"08/04/24";2024;4;8;"5";"room";"room";0;0;0;1;0;0;298
23;15;"08/04/24";2024;4;8;"5";"object";"chimney";0;1;0;0;0;0;332
23;15;"08/04/24";2024;4;8;"2";"room";"room";0;0;0;2;0;0;102
23;15;"08/04/24";2024;4;8;"2";"object";"brick_flat";0;0;0;0;0;0;192
24;1;"29/11/24";2024;11;29;"10";"object";"brick_large";0;2;0;0;0;0;28
24;1;"29/11/24";2024;11;29;"10";"room";"room";5;3;0;0;0;0;23
24;1;"29/11/24";2024;11;29;"10";"object";"tunnel";2;0;0;0;0;0;40
24;1;"29/11/24";2024;11;29;"10";"object";"pile";1;0;0;0;0;0;41
24;1;"29/11/24";2024;11;29;"10";"object";"pile";1;0;0;0;0;0;43
24;1;"29/11/24";2024;11;29;"10";"object";"tunnel";1;0;0;0;0;0;44
24;1;"29/11/24";2024;11;29;"8";"room";"room";10;0;0;0;0;0;442
24;1;"29/11/24";2024;11;29;"8";"object";"tunnel";1;0;0;0;0;0;458
24;1;"29/11/24";2024;11;29;"8";"object";"crevice";1;0;0;0;0;0;451
24;1;"29/11/24";2024;11;29;"8";"object";"chimney";1;0;0;0;0;0;454
24;1;"29/11/24";2024;11;29;"8";"object";"brick_flat";0;0;1;0;0;0;457
24;1;"29/11/24";2024;11;29;"9";"object";"crevice";2;0;0;0;0;0;475
24;1;"29/11/24";2024;11;29;"9";"room";"room";5;1;0;0;1;0;463
24;1;"29/11/24";2024;11;29;"9";"object";"brick_flat";0;0;1;0;0;0;480
24;1;"29/11/24";2024;11;29;"9";"object";"brick_flat";0;0;1;0;0;0;481
24;1;"29/11/24";2024;11;29;"9";"object";"brick_round";1;0;0;0;0;0;562
24;1;"29/11/24";2024;11;29;"9";"object";"crevice";1;0;0;0;0;0;466
24;1;"29/11/24";2024;11;29;"9";"object";"wall";1;0;0;0;0;0;528
24;1;"29/11/24";2024;11;29;"9";"object";"wall";1;0;0;0;0;0;552
24;1;"29/11/24";2024;11;29;"9";"object";"wall";0;0;1;0;0;0;487
24;1;"29/11/24";2024;11;29;"9";"object";"wall";0;0;1;0;0;0;490
24;1;"29/11/24";2024;11;29;"9";"object";"wall";0;0;1;0;0;0;504
24;1;"29/11/24";2024;11;29;"9";"object";"wall";0;0;1;0;0;0;522
24;1;"29/11/24";2024;11;29;"9";"object";"wall";1;0;0;0;0;0;514
24;1;"29/11/24";2024;11;29;"9";"object";"wall";1;0;0;0;0;0;524
24;1;"29/11/24";2024;11;29;"9";"object";"wall";0;0;1;0;0;0;538
24;1;"29/11/24";2024;11;29;"9";"object";"wall";0;0;1;0;0;0;542
24;1;"29/11/24";2024;11;29;"9";"object";"wall";0;0;1;0;0;0;547
24;1;"29/11/24";2024;11;29;"7";"room";"room";2;0;0;0;0;0;395
24;1;"29/11/24";2024;11;29;"7";"object";"brick_flat";1;0;0;0;0;0;398
24;1;"29/11/24";2024;11;29;"7";"object";"brick_flat";2;0;0;0;0;0;399
24;1;"29/11/24";2024;11;29;"7";"object";"brick_flat";0;0;4;0;0;0;400
24;1;"29/11/24";2024;11;29;"7";"object";"wall";1;0;0;0;0;0;422
24;1;"29/11/24";2024;11;29;"7";"object";"wall";1;0;0;0;0;0;430
24;1;"29/11/24";2024;11;29;"7";"object";"wall";1;0;0;0;0;0;436
24;1;"29/11/24";2024;11;29;"7";"object";NA;0;0;0;0;0;0;435
24;1;"29/11/24";2024;11;29;"7";"object";"brick_flat";2;0;0;0;0;0;416
24;1;"29/11/24";2024;11;29;"7";"object";"brick_flat";1;0;1;0;0;0;417
24;1;"29/11/24";2024;11;29;"6";"room";"room";5;0;0;1;0;0;347
24;1;"29/11/24";2024;11;29;"6";"object";"crevice";1;0;0;0;0;0;383
24;1;"29/11/24";2024;11;29;"6";"object";"crevice";0;0;1;0;0;0;384
24;1;"29/11/24";2024;11;29;"6";"object";"crevice";0;0;1;0;0;0;388
24;1;"29/11/24";2024;11;29;"6";"object";"chimney";0;2;0;0;0;0;367
24;1;"29/11/24";2024;11;29;"6";"object";"brick_flat";0;0;2;0;0;0;372
24;1;"29/11/24";2024;11;29;"6";"object";"brick_flat";0;0;1;0;0;0;394
24;1;"29/11/24";2024;11;29;"6";"object";"brick_flat";0;0;1;0;0;0;369
24;1;"29/11/24";2024;11;29;"6";"object";"brick_large";0;0;1;0;0;0;359
24;1;"29/11/24";2024;11;29;"5";"object";"brick_flat";0;0;1;0;0;0;329
24;1;"29/11/24";2024;11;29;"5";"object";NA;0;0;1;0;0;0;302
24;1;"29/11/24";2024;11;29;"5";"object";"crevice";0;0;1;0;0;0;317
24;1;"29/11/24";2024;11;29;"5";"object";"crevice";0;0;0;1;0;0;325
24;1;"29/11/24";2024;11;29;"5";"object";"crevice";0;0;1;0;0;0;324
24;1;"29/11/24";2024;11;29;"5";"object";"room";0;0;1;0;0;0;337
24;1;"29/11/24";2024;11;29;"5";"room";"room";5;1;0;0;0;0;298
24;1;"29/11/24";2024;11;29;"5";"object";"brick_flat";0;0;1;0;0;0;344
24;1;"29/11/24";2024;11;29;"5";"object";"chimney";0;1;0;0;0;0;332
24;1;"29/11/24";2024;11;29;"4";"room";"room";3;4;0;0;0;0;259
24;1;"29/11/24";2024;11;29;"4";"object";"other";1;0;0;0;0;0;262
24;1;"29/11/24";2024;11;29;"4";"object";"crevice";1;0;1;0;0;0;263
24;1;"29/11/24";2024;11;29;"2";"room";"room";2;0;0;0;0;0;102
24;1;"29/11/24";2024;11;29;"2";"object";NA;0;1;0;0;0;0;182
24;1;"29/11/24";2024;11;29;"2";"object";"pile";3;0;0;0;0;0;173
24;1;"29/11/24";2024;11;29;"2";"object";NA;0;0;1;0;0;0;104
24;1;"29/11/24";2024;11;29;"2";"object";"room";0;0;1;0;0;0;105
24;1;"29/11/24";2024;11;29;"2";"object";"wall";1;0;0;0;0;0;171
24;1;"29/11/24";2024;11;29;"2";"object";NA;1;0;0;0;0;0;140
24;1;"29/11/24";2024;11;29;"2";"object";"wall";0;0;1;0;0;0;129
24;1;"29/11/24";2024;11;29;"2";"object";"wall";1;0;0;0;0;0;141
24;1;"29/11/24";2024;11;29;"2";"object";"wall";1;0;0;0;0;0;145
24;1;"29/11/24";2024;11;29;"2";"object";"wall";0;0;1;0;0;0;166
24;1;"29/11/24";2024;11;29;"2";"object";"wall";1;0;0;0;0;0;168
24;1;"29/11/24";2024;11;29;"3";"room";"room";4;1;4;0;0;0;195
24;1;"29/11/24";2024;11;29;"3";"object";"wall";0;0;1;0;0;0;249
24;1;"29/11/24";2024;11;29;"3";"object";"other";1;0;0;0;0;0;255
24;1;"29/11/24";2024;11;29;"3";"object";"chimney";0;3;0;0;0;0;198
24;1;"29/11/24";2024;11;29;"1";"object";"brick_flat";0;0;0;0;0;0;10
24;1;"29/11/24";2024;11;29;"1";"room";"room";1;2;0;0;2;0;1
24;1;"29/11/24";2024;11;29;"1";"object";"brick_flat";1;0;0;0;0;0;19
24;1;"29/11/24";2024;11;29;"12";"object";"wall";0;0;1;0;0;0;70
24;1;"29/11/24";2024;11;29;"12";"object";"wall";1;0;0;0;0;0;77
24;1;"29/11/24";2024;11;29;"12";"object";"wall";1;0;0;0;0;0;78
24;1;"29/11/24";2024;11;29;"12";"object";"pile";6;0;0;0;0;0;99
24;1;"29/11/24";2024;11;29;"12";"room";"room";3;1;0;0;0;0;59
24;1;"29/11/24";2024;11;29;"12";"object";"brick_flat";0;1;0;0;0;0;87
24;1;"29/11/24";2024;11;29;"12";"object";"room";0;1;0;0;0;0;100
24;1;"29/11/24";2024;11;29;"12";"object";"room";1;0;0;0;0;0;60
24;1;"29/11/24";2024;11;29;"11";"room";"room";1;0;1;0;0;0;45
24;1;"29/11/24";2024;11;29;"11";"object";"chimney";0;0;1;0;0;0;51
24;1;"29/11/24";2024;11;29;"11";"object";"chimney";0;1;0;0;0;0;47
24;1;"29/11/24";2024;11;29;"11";"object";"tunnel";2;0;0;0;0;0;52
24;2;"18/12/24";2024;12;18;"10";"object";"brick_large";0;3;0;0;0;0;28
24;2;"18/12/24";2024;12;18;"10";"object";"tunnel";1;0;0;0;0;0;40
24;2;"18/12/24";2024;12;18;"10";"room";"room";12;3;2;0;0;0;23
24;2;"18/12/24";2024;12;18;"10";"object";"pile";1;0;0;0;0;0;41
24;2;"18/12/24";2024;12;18;"10";"object";"pile";2;0;0;0;0;0;43
24;2;"18/12/24";2024;12;18;"10";"object";"brick_large";0;1;1;0;0;0;34
24;2;"18/12/24";2024;12;18;"10";"object";"brick_large";0;0;1;0;0;0;32
24;2;"18/12/24";2024;12;18;"10";"object";"brick_large";1;0;0;0;0;0;31
24;2;"18/12/24";2024;12;18;"9";"room";"room";5;0;1;0;0;0;463
24;2;"18/12/24";2024;12;18;"9";"object";"brick_large";0;0;1;0;0;0;474
24;2;"18/12/24";2024;12;18;"9";"object";NA;0;0;1;0;0;0;465
24;2;"18/12/24";2024;12;18;"9";"object";"wall";0;0;1;0;0;0;554
24;2;"18/12/24";2024;12;18;"9";"object";"wall";1;0;0;0;0;0;553
24;2;"18/12/24";2024;12;18;"9";"object";"wall";1;0;0;0;0;0;490
24;2;"18/12/24";2024;12;18;"9";"object";"wall";0;0;1;0;0;0;498
24;2;"18/12/24";2024;12;18;"9";"object";"wall";0;0;1;0;0;0;504
24;2;"18/12/24";2024;12;18;"9";"object";"wall";0;0;1;0;0;0;505
24;2;"18/12/24";2024;12;18;"9";"object";"wall";0;0;1;0;0;0;508
24;2;"18/12/24";2024;12;18;"9";"object";"wall";0;0;1;0;0;0;513
24;2;"18/12/24";2024;12;18;"9";"object";"wall";0;0;1;0;0;0;509
24;2;"18/12/24";2024;12;18;"9";"object";"wall";1;0;0;0;0;0;523
24;2;"18/12/24";2024;12;18;"9";"object";"wall";0;0;1;0;0;0;525
24;2;"18/12/24";2024;12;18;"9";"object";"wall";1;0;0;0;0;0;533
24;2;"18/12/24";2024;12;18;"9";"object";"wall";1;0;0;0;0;0;540
24;2;"18/12/24";2024;12;18;"9";"object";"wall";1;0;0;0;0;0;545
24;2;"18/12/24";2024;12;18;"9";"object";"wall";0;0;1;0;0;0;548
24;2;"18/12/24";2024;12;18;"9";"object";"wall";0;0;1;0;0;0;547
24;2;"18/12/24";2024;12;18;"9";"object";"wall";0;0;1;0;0;0;546
24;2;"18/12/24";2024;12;18;"9";"object";"wall";0;0;1;0;0;0;551
24;2;"18/12/24";2024;12;18;"9";"object";"crevice";2;0;0;0;0;0;475
24;2;"18/12/24";2024;12;18;"8";"object";"brick_large";1;0;0;0;0;0;446
24;2;"18/12/24";2024;12;18;"8";"object";"tunnel";2;0;1;0;0;0;458
24;2;"18/12/24";2024;12;18;"8";"object";"crevice";0;0;1;0;0;0;459
24;2;"18/12/24";2024;12;18;"8";"room";"room";10;0;2;0;1;0;442
24;2;"18/12/24";2024;12;18;"8";"object";"tunnel";2;0;0;0;0;0;460
24;2;"18/12/24";2024;12;18;"8";"object";"crevice";1;0;0;0;0;0;451
24;2;"18/12/24";2024;12;18;"8";"object";"brick_flat";0;0;1;0;0;0;455
24;2;"18/12/24";2024;12;18;"7";"room";"room";1;0;0;0;0;0;395
24;2;"18/12/24";2024;12;18;"7";"object";"brick_flat";1;0;1;0;0;0;399
24;2;"18/12/24";2024;12;18;"7";"object";"brick_flat";1;0;0;0;0;0;408
24;2;"18/12/24";2024;12;18;"7";"object";"brick_flat";0;0;1;0;0;0;416
24;2;"18/12/24";2024;12;18;"7";"object";"brick_flat";3;0;1;0;0;0;417
24;2;"18/12/24";2024;12;18;"7";"object";"wall";0;0;1;0;0;0;440
24;2;"18/12/24";2024;12;18;"7";"object";"wall";0;0;1;0;0;0;419
24;2;"18/12/24";2024;12;18;"7";"object";"wall";0;0;1;0;0;0;421
24;2;"18/12/24";2024;12;18;"7";"object";"wall";1;0;0;0;0;0;430
24;2;"18/12/24";2024;12;18;"7";"object";"wall";1;0;0;0;0;0;436
24;2;"18/12/24";2024;12;18;"6";"room";"room";3;0;0;0;0;0;347
24;2;"18/12/24";2024;12;18;"6";"object";"chimney";1;4;0;0;0;0;367
24;2;"18/12/24";2024;12;18;"6";"object";"crevice";0;0;1;0;0;0;384
24;2;"18/12/24";2024;12;18;"6";"object";"crevice";0;0;1;0;0;0;387
24;2;"18/12/24";2024;12;18;"6";"object";"crevice";1;0;0;0;0;0;380
24;2;"18/12/24";2024;12;18;"6";"object";"crevice";1;0;0;0;0;0;382
24;2;"18/12/24";2024;12;18;"6";"object";"crevice";1;0;0;0;0;0;388
24;2;"18/12/24";2024;12;18;"6";"object";"brick_large";0;0;1;0;0;0;360
24;2;"18/12/24";2024;12;18;"5";"room";"room";2;0;1;0;0;0;298
24;2;"18/12/24";2024;12;18;"5";"object";"crevice";0;0;1;0;0;0;308
24;2;"18/12/24";2024;12;18;"5";"object";"crevice";0;0;1;0;0;0;310
24;2;"18/12/24";2024;12;18;"5";"object";"crevice";0;0;1;0;0;0;311
24;2;"18/12/24";2024;12;18;"5";"object";"crevice";0;0;1;0;0;0;317
24;2;"18/12/24";2024;12;18;"5";"object";"crevice";0;0;1;0;0;0;322
24;2;"18/12/24";2024;12;18;"5";"object";"crevice";0;0;0;1;0;0;325
24;2;"18/12/24";2024;12;18;"5";"object";"crevice";1;0;0;0;0;0;323
24;2;"18/12/24";2024;12;18;"5";"object";"crevice";0;0;1;0;0;0;324
24;2;"18/12/24";2024;12;18;"5";"object";"chimney";0;2;0;0;0;0;332
24;2;"18/12/24";2024;12;18;"5";"object";"other";0;0;1;0;0;0;335
24;2;"18/12/24";2024;12;18;"5";"object";"brick_flat";0;0;2;0;0;0;344
24;2;"18/12/24";2024;12;18;"5";"object";"brick_flat";0;0;1;0;0;0;342
24;2;"18/12/24";2024;12;18;"5";"object";"brick_flat";0;0;1;0;0;0;328
24;2;"18/12/24";2024;12;18;"4";"room";"room";6;2;8;0;0;0;259
24;2;"18/12/24";2024;12;18;"4";"object";"crevice";0;1;0;0;0;0;264
24;2;"18/12/24";2024;12;18;"4";"object";"crevice";4;0;1;0;0;0;263
24;2;"18/12/24";2024;12;18;"4";"object";"crevice";0;0;1;0;0;0;266
24;2;"18/12/24";2024;12;18;"4";"object";"brick_flat";0;1;0;0;0;0;286
24;2;"18/12/24";2024;12;18;"4";"object";"brick_flat";0;0;1;0;0;0;275
24;2;"18/12/24";2024;12;18;"2";"room";"room";0;1;6;0;0;0;102
24;2;"18/12/24";2024;12;18;"2";"object";NA;0;1;0;0;0;0;182
24;2;"18/12/24";2024;12;18;"2";"object";NA;0;0;1;0;0;0;184
24;2;"18/12/24";2024;12;18;"2";"object";"wall";1;0;0;0;0;0;171
24;2;"18/12/24";2024;12;18;"2";"object";"pile";2;0;0;0;0;0;173
24;2;"18/12/24";2024;12;18;"2";"object";NA;1;0;0;0;0;0;140
24;2;"18/12/24";2024;12;18;"2";"object";"wall";0;0;1;0;0;0;106
24;2;"18/12/24";2024;12;18;"2";"object";"wall";0;0;1;0;0;0;128
24;2;"18/12/24";2024;12;18;"2";"object";"wall";0;0;1;0;0;0;136
24;2;"18/12/24";2024;12;18;"2";"object";"wall";1;0;0;0;0;0;145
24;2;"18/12/24";2024;12;18;"2";"object";"wall";0;0;1;0;0;0;149
24;2;"18/12/24";2024;12;18;"2";"object";"wall";1;0;0;0;0;0;157
24;2;"18/12/24";2024;12;18;"2";"object";"wall";0;0;1;0;0;0;162
24;2;"18/12/24";2024;12;18;"2";"object";"wall";1;0;0;0;0;0;167
24;2;"18/12/24";2024;12;18;"2";"object";"room";0;0;1;0;0;0;105
24;2;"18/12/24";2024;12;18;"3";"room";"room";9;1;10;0;0;0;195
24;2;"18/12/24";2024;12;18;"3";"object";"wall";0;0;1;0;0;0;249
24;2;"18/12/24";2024;12;18;"3";"object";"wall";1;0;0;0;0;0;239
24;2;"18/12/24";2024;12;18;"3";"object";"other";0;0;1;0;0;0;258
24;2;"18/12/24";2024;12;18;"3";"object";"chimney";0;3;0;0;0;0;198
24;2;"18/12/24";2024;12;18;"3";"object";"other";0;1;0;0;0;0;196
24;2;"18/12/24";2024;12;18;"1";"room";"room";1;2;1;0;2;0;1
24;2;"18/12/24";2024;12;18;"2";"object";"room";1;0;0;0;0;0;103
24;2;"18/12/24";2024;12;18;"1";"object";"brick_flat";1;0;0;0;0;0;21
24;2;"18/12/24";2024;12;18;"12";"room";"room";2;1;0;0;0;0;59
24;2;"18/12/24";2024;12;18;"12";"object";"pile";2;0;0;0;0;0;99
24;2;"18/12/24";2024;12;18;"12";"object";"pile";1;0;0;0;0;0;98
24;2;"18/12/24";2024;12;18;"12";"object";"wall";1;0;0;0;0;0;65
24;2;"18/12/24";2024;12;18;"12";"object";"wall";1;0;1;0;0;0;75
24;2;"18/12/24";2024;12;18;"12";"object";"brick_flat";0;1;0;0;0;0;89
24;2;"18/12/24";2024;12;18;"12";"object";"room";2;0;2;0;0;0;100
24;2;"18/12/24";2024;12;18;"11";"object";NA;1;0;0;0;0;0;46
24;2;"18/12/24";2024;12;18;"11";"room";"room";3;1;1;0;0;0;45
24;2;"18/12/24";2024;12;18;"11";"object";"chimney";1;1;0;0;0;0;47
24;2;"18/12/24";2024;12;18;"11";"object";"tunnel";0;0;1;0;0;0;52
24;3;"11/01/25";2025;1;11;"10";"object";"brick_large";0;3;0;0;0;0;25
24;3;"11/01/25";2025;1;11;"10";"object";"tunnel";2;0;0;0;0;0;40
24;3;"11/01/25";2025;1;11;"10";"room";"room";11;2;4;0;1;0;23
24;3;"11/01/25";2025;1;11;"10";"object";"pile";0;0;1;0;0;0;41
24;3;"11/01/25";2025;1;11;"10";"object";"pile";1;0;0;0;0;0;43
24;3;"11/01/25";2025;1;11;"10";"object";"brick_large";0;3;0;0;0;0;32
24;3;"11/01/25";2025;1;11;"10";"object";"brick_large";0;1;1;0;0;0;33
24;3;"11/01/25";2025;1;11;"10";"object";"brick_large";0;3;0;0;0;0;34
24;3;"11/01/25";2025;1;11;"10";"object";"brick_flat";0;0;1;0;0;0;38
24;3;"11/01/25";2025;1;11;"10";"object";"brick_flat";0;0;1;0;0;0;39
24;3;"11/01/25";2025;1;11;"10";"object";"brick_large";1;0;1;0;0;0;446
24;3;"11/01/25";2025;1;11;"10";"object";"tunnel";0;0;1;0;0;0;458
24;3;"11/01/25";2025;1;11;"10";"object";"crevice";0;0;1;0;0;0;459
24;3;"11/01/25";2025;1;11;"8";"room";"room";6;0;2;0;2;0;442
24;3;"11/01/25";2025;1;11;"8";"object";"crevice";0;0;1;0;0;0;452
24;3;"11/01/25";2025;1;11;"8";"object";"chimney";3;1;0;0;0;0;454
24;3;"11/01/25";2025;1;11;"8";"object";"brick_flat";0;0;2;0;0;0;455
24;3;"11/01/25";2025;1;11;"8";"object";"brick_flat";0;0;2;0;0;0;457
24;3;"11/01/25";2025;1;11;"9";"room";"room";7;0;0;0;0;0;463
24;3;"11/01/25";2025;1;11;"9";"object";"crevice";1;0;0;0;0;0;475
24;3;"11/01/25";2025;1;11;"9";"object";"brick_flat";0;0;2;0;0;0;477
24;3;"11/01/25";2025;1;11;"9";"object";"brick_large";0;0;1;0;0;0;468
24;3;"11/01/25";2025;1;11;"9";"object";"brick_large";0;0;2;0;0;0;470
24;3;"11/01/25";2025;1;11;"9";"object";"crevice";1;0;0;0;0;0;555
24;3;"11/01/25";2025;1;11;"9";"object";NA;0;0;1;0;0;0;465
24;3;"11/01/25";2025;1;11;"9";"object";"crevice";0;0;1;0;0;0;466
24;3;"11/01/25";2025;1;11;"9";"object";"wall";0;0;1;0;0;0;554
24;3;"11/01/25";2025;1;11;"9";"object";"wall";1;0;0;0;0;0;553
24;3;"11/01/25";2025;1;11;"9";"object";"wall";1;0;0;0;0;0;552
24;3;"11/01/25";2025;1;11;"9";"object";"wall";0;0;1;0;0;0;487
24;3;"11/01/25";2025;1;11;"9";"object";"wall";0;0;1;0;0;0;490
24;3;"11/01/25";2025;1;11;"9";"object";"wall";0;0;1;0;0;0;505
24;3;"11/01/25";2025;1;11;"9";"object";"wall";0;0;2;0;0;0;517
24;3;"11/01/25";2025;1;11;"9";"object";"wall";0;0;1;0;0;0;513
24;3;"11/01/25";2025;1;11;"9";"object";"wall";0;0;1;0;0;0;509
24;3;"11/01/25";2025;1;11;"9";"object";"wall";1;0;0;0;0;0;524
24;3;"11/01/25";2025;1;11;"9";"object";"wall";1;0;0;0;0;0;529
24;3;"11/01/25";2025;1;11;"9";"object";"wall";1;0;1;0;0;0;533
24;3;"11/01/25";2025;1;11;"9";"object";NA;0;0;1;0;0;0;532
24;3;"11/01/25";2025;1;11;"9";"object";"wall";1;0;0;0;0;0;531
24;3;"11/01/25";2025;1;11;"9";"object";"wall";0;0;1;0;0;0;547
24;3;"11/01/25";2025;1;11;"7";"room";"room";3;0;0;0;0;0;395
24;3;"11/01/25";2025;1;11;"7";"object";"crevice";0;0;1;0;0;0;404
24;3;"11/01/25";2025;1;11;"7";"object";"brick_large";0;0;2;0;0;0;403
24;3;"11/01/25";2025;1;11;"7";"object";"brick_large";0;0;1;0;0;0;402
24;3;"11/01/25";2025;1;11;"7";"object";"brick_large";0;0;2;0;0;0;401
24;3;"11/01/25";2025;1;11;"7";"object";NA;0;0;3;0;0;0;406
24;3;"11/01/25";2025;1;11;"7";"object";NA;1;0;0;0;0;0;396
24;3;"11/01/25";2025;1;11;"7";"object";"brick_flat";0;0;2;0;0;0;409
24;3;"11/01/25";2025;1;11;"7";"object";"brick_flat";2;0;0;0;0;0;417
24;3;"11/01/25";2025;1;11;"7";"object";"brick_flat";0;0;1;0;0;0;416
24;3;"11/01/25";2025;1;11;"7";"object";"brick_flat";0;0;1;0;0;0;415
24;3;"11/01/25";2025;1;11;"7";"object";"brick_flat";0;0;1;0;0;0;414
24;3;"11/01/25";2025;1;11;"7";"object";"wall";0;0;1;0;0;0;419
24;3;"11/01/25";2025;1;11;"7";"object";"wall";1;0;1;0;0;0;428
24;3;"11/01/25";2025;1;11;"6";"room";"room";3;0;0;0;0;0;347
24;3;"11/01/25";2025;1;11;"6";"object";"brick_flat";0;0;1;0;0;0;349
24;3;"11/01/25";2025;1;11;"6";"object";"crevice";1;0;0;0;0;0;382
24;3;"11/01/25";2025;1;11;"6";"object";"crevice";0;0;1;0;0;0;384
24;3;"11/01/25";2025;1;11;"6";"object";"crevice";1;0;0;0;0;0;391
24;3;"11/01/25";2025;1;11;"6";"object";"chimney";3;4;0;0;0;0;367
24;3;"11/01/25";2025;1;11;"6";"object";"brick_flat";1;0;0;0;0;0;374
24;3;"11/01/25";2025;1;11;"6";"object";"brick_large";1;0;0;0;0;0;362
24;3;"11/01/25";2025;1;11;"5";"object";"brick_flat";0;0;1;0;0;0;314
24;3;"11/01/25";2025;1;11;"5";"object";"crevice";0;0;1;0;0;0;308
24;3;"11/01/25";2025;1;11;"5";"object";"crevice";0;0;1;0;0;0;317
24;3;"11/01/25";2025;1;11;"5";"room";"room";6;1;2;0;0;0;298
24;3;"11/01/25";2025;1;11;"5";"object";NA;0;0;1;0;0;0;320
24;3;"11/01/25";2025;1;11;"5";"object";"crevice";0;0;1;0;0;0;322
24;3;"11/01/25";2025;1;11;"5";"object";"crevice";0;0;1;0;0;0;324
24;3;"11/01/25";2025;1;11;"5";"object";"crevice";1;0;0;0;0;0;330
24;3;"11/01/25";2025;1;11;"5";"object";"crevice";0;0;0;1;0;0;325
24;3;"11/01/25";2025;1;11;"5";"object";"brick_flat";0;1;1;0;0;0;327
24;3;"11/01/25";2025;1;11;"5";"object";"brick_flat";1;0;1;0;0;0;344
24;3;"11/01/25";2025;1;11;"4";"room";"room";5;2;7;0;0;0;259
24;3;"11/01/25";2025;1;11;"4";"object";"brick_flat";0;0;1;0;0;0;276
24;3;"11/01/25";2025;1;11;"4";"object";"other";0;0;1;0;0;0;262
24;3;"11/01/25";2025;1;11;"4";"object";"brick_flat";0;1;0;0;0;0;291
24;3;"11/01/25";2025;1;11;"4";"object";"brick_flat";0;0;1;0;0;0;268
24;3;"11/01/25";2025;1;11;"4";"object";"other";0;0;1;0;0;0;282
24;3;"11/01/25";2025;1;11;"4";"object";"brick_flat";0;1;0;0;0;0;286
24;3;"11/01/25";2025;1;11;"4";"object";"crevice";0;2;0;0;0;0;264
24;3;"11/01/25";2025;1;11;"4";"object";"crevice";0;1;0;0;0;0;265
24;3;"11/01/25";2025;1;11;"4";"object";"crevice";1;0;0;0;0;0;263
24;3;"11/01/25";2025;1;11;"4";"object";"crevice";1;0;0;0;0;0;266
24;3;"11/01/25";2025;1;11;"2";"room";"room";2;4;12;0;0;0;102
24;3;"11/01/25";2025;1;11;"2";"object";"pile";3;0;0;0;0;0;173
24;3;"11/01/25";2025;1;11;"2";"object";"brick_flat";0;0;2;0;0;0;177
24;3;"11/01/25";2025;1;11;"2";"object";"wall";0;0;1;0;0;0;107
24;3;"11/01/25";2025;1;11;"2";"object";"wall";0;0;1;0;0;0;124
24;3;"11/01/25";2025;1;11;"2";"object";"wall";1;0;0;0;0;0;130
24;3;"11/01/25";2025;1;11;"2";"object";"wall";0;0;1;0;0;0;144
24;3;"11/01/25";2025;1;11;"2";"object";"wall";1;0;0;0;0;0;168
24;3;"11/01/25";2025;1;11;"2";"object";"room";0;0;1;0;0;0;105
24;3;"11/01/25";2025;1;11;"3";"room";"room";5;1;14;0;0;0;195
24;3;"11/01/25";2025;1;11;"3";"object";"other";0;0;1;0;0;0;258
24;3;"11/01/25";2025;1;11;"3";"object";"chimney";1;3;0;0;0;0;198
24;3;"11/01/25";2025;1;11;"3";"object";"wall";1;0;0;0;0;0;244
24;3;"11/01/25";2025;1;11;"1";"room";"room";1;1;1;0;2;0;1
24;3;"11/01/25";2025;1;11;"1";"object";"brick_flat";0;0;1;0;0;0;14
24;3;"11/01/25";2025;1;11;"1";"object";"brick_flat";1;0;0;0;0;0;20
24;3;"11/01/25";2025;1;11;"12";"object";"brick_flat";1;0;0;0;0;0;96
24;3;"11/01/25";2025;1;11;"12";"object";"pile";3;0;0;0;0;0;99
24;3;"11/01/25";2025;1;11;"12";"object";"brick_flat";0;0;1;0;0;0;91
24;3;"11/01/25";2025;1;11;"12";"object";"wall";0;0;1;0;0;0;78
24;3;"11/01/25";2025;1;11;"12";"room";"room";2;1;0;0;0;0;59
24;3;"11/01/25";2025;1;11;"12";"object";"room";2;0;1;0;0;0;100
24;3;"11/01/25";2025;1;11;"12";"object";"room";2;0;0;0;0;0;60
24;3;"11/01/25";2025;1;11;"11";"room";"room";3;1;2;0;0;0;45
24;3;"11/01/25";2025;1;11;"11";"object";"chimney";0;1;0;0;0;0;47
24;3;"11/01/25";2025;1;11;"11";"object";"chimney";0;0;2;0;0;0;51
24;3;"11/01/25";2025;1;11;"11";"object";"tunnel";1;0;1;0;0;0;52
24;4;"27/01/25";2025;1;27;"10";"object";"brick_large";0;3;0;0;0;0;25
24;4;"27/01/25";2025;1;27;"10";"object";"brick_large";0;1;0;0;0;0;28
24;4;"27/01/25";2025;1;27;"10";"object";"tunnel";2;0;0;0;0;0;40
24;4;"27/01/25";2025;1;27;"10";"room";"room";10;2;1;0;1;0;23
24;4;"27/01/25";2025;1;27;"10";"object";"pile";1;0;0;0;0;0;41
24;4;"27/01/25";2025;1;27;"10";"object";"pile";1;0;0;0;0;0;43
24;4;"27/01/25";2025;1;27;"10";"object";"tunnel";2;0;0;0;0;0;42
24;4;"27/01/25";2025;1;27;"10";"object";"brick_flat";0;0;1;0;0;0;37
24;4;"27/01/25";2025;1;27;"10";"object";"brick_flat";0;0;2;0;0;0;38
24;4;"27/01/25";2025;1;27;"10";"object";"brick_flat";1;0;1;0;0;0;39
24;4;"27/01/25";2025;1;27;"10";"object";"brick_large";0;3;0;0;0;0;32
24;4;"27/01/25";2025;1;27;"10";"object";"brick_large";0;3;1;0;0;0;33
24;4;"27/01/25";2025;1;27;"10";"object";"brick_large";0;2;1;0;0;0;34
24;4;"27/01/25";2025;1;27;"10";"object";"brick_large";2;2;0;0;0;0;31
24;4;"27/01/25";2025;1;27;"8";"room";"room";4;0;2;0;3;0;442
24;4;"27/01/25";2025;1;27;"8";"object";"tunnel";2;0;0;0;0;0;458
24;4;"27/01/25";2025;1;27;"8";"object";"brick_large";0;2;0;0;0;0;449
24;4;"27/01/25";2025;1;27;"8";"object";"brick_flat";0;0;3;0;0;0;455
24;4;"27/01/25";2025;1;27;"8";"object";"chimney";3;0;0;0;0;0;454
24;4;"27/01/25";2025;1;27;"8";"object";"brick_flat";0;0;2;0;0;0;457
24;4;"27/01/25";2025;1;27;"9";"object";"crevice";1;0;0;0;0;0;475
24;4;"27/01/25";2025;1;27;"9";"room";"room";9;0;1;0;0;0;463
24;4;"27/01/25";2025;1;27;"9";"object";"brick_flat";0;0;2;0;0;0;478
24;4;"27/01/25";2025;1;27;"9";"object";"brick_flat";0;0;2;0;0;0;479
24;4;"27/01/25";2025;1;27;"9";"object";"brick_flat";1;0;1;0;0;0;481
24;4;"27/01/25";2025;1;27;"9";"object";"brick_flat";0;0;2;0;0;0;482
24;4;"27/01/25";2025;1;27;"9";"object";"crevice";1;0;0;0;0;0;555
24;4;"27/01/25";2025;1;27;"9";"object";"brick_large";0;0;4;0;0;0;470
24;4;"27/01/25";2025;1;27;"9";"object";NA;0;0;1;0;0;0;465
24;4;"27/01/25";2025;1;27;"9";"object";"crevice";0;0;1;0;0;0;466
24;4;"27/01/25";2025;1;27;"9";"object";"crevice";1;0;0;0;0;0;557
24;4;"27/01/25";2025;1;27;"9";"object";"wall";0;0;1;0;0;0;486
24;4;"27/01/25";2025;1;27;"9";"object";"wall";1;0;0;0;0;0;553
24;4;"27/01/25";2025;1;27;"9";"object";"wall";1;0;0;0;0;0;490
24;4;"27/01/25";2025;1;27;"9";"object";"wall";0;0;1;0;0;0;504
24;4;"27/01/25";2025;1;27;"9";"object";"wall";1;0;0;0;0;0;507
24;4;"27/01/25";2025;1;27;"9";"object";"wall";0;0;1;0;0;0;522
24;4;"27/01/25";2025;1;27;"9";"object";"wall";0;0;1;0;0;0;517
24;4;"27/01/25";2025;1;27;"9";"object";"wall";0;0;1;0;0;0;513
24;4;"27/01/25";2025;1;27;"9";"object";"wall";1;0;0;0;0;0;523
24;4;"27/01/25";2025;1;27;"9";"object";"wall";0;0;1;0;0;0;524
24;4;"27/01/25";2025;1;27;"9";"object";"wall";0;0;1;0;0;0;526
24;4;"27/01/25";2025;1;27;"9";"object";NA;1;0;0;0;0;0;532
24;4;"27/01/25";2025;1;27;"9";"object";"wall";1;0;0;0;0;0;537
24;4;"27/01/25";2025;1;27;"9";"object";"wall";0;0;1;0;0;0;541
24;4;"27/01/25";2025;1;27;"9";"object";"wall";1;0;0;0;0;0;546
24;4;"27/01/25";2025;1;27;"9";"object";"wall";0;0;1;0;0;0;547
24;4;"27/01/25";2025;1;27;"9";"object";"crevice";1;0;0;0;0;0;556
24;4;"27/01/25";2025;1;27;"7";"room";"room";5;0;0;0;0;0;395
24;4;"27/01/25";2025;1;27;"7";"object";"brick_large";0;0;1;0;0;0;401
24;4;"27/01/25";2025;1;27;"7";"object";"brick_large";0;0;2;0;0;0;402
24;4;"27/01/25";2025;1;27;"7";"object";"brick_large";0;0;5;0;0;0;403
24;4;"27/01/25";2025;1;27;"7";"object";"crevice";0;0;1;0;0;0;404
24;4;"27/01/25";2025;1;27;"7";"object";NA;1;0;1;0;0;0;406
24;4;"27/01/25";2025;1;27;"7";"object";"brick_flat";0;0;1;0;0;0;413
24;4;"27/01/25";2025;1;27;"7";"object";"brick_flat";0;0;2;0;0;0;409
24;4;"27/01/25";2025;1;27;"7";"object";"brick_flat";2;0;1;0;0;0;417
24;4;"27/01/25";2025;1;27;"7";"object";"brick_flat";0;0;2;0;0;0;416
24;4;"27/01/25";2025;1;27;"7";"object";"brick_flat";0;0;1;0;0;0;415
24;4;"27/01/25";2025;1;27;"7";"object";"wall";0;0;1;0;0;0;419
24;4;"27/01/25";2025;1;27;"7";"object";"wall";1;0;0;0;0;0;434
24;4;"27/01/25";2025;1;27;"6";"object";"brick_flat";0;0;1;0;0;0;349
24;4;"27/01/25";2025;1;27;"6";"object";"brick_flat";0;0;1;0;0;0;377
24;4;"27/01/25";2025;1;27;"6";"object";"chimney";1;2;0;0;0;0;367
24;4;"27/01/25";2025;1;27;"6";"room";"room";4;0;0;0;0;0;347
24;4;"27/01/25";2025;1;27;"6";"object";"brick_flat";0;0;1;0;0;0;392
24;4;"27/01/25";2025;1;27;"6";"object";"crevice";1;0;0;0;0;0;391
24;4;"27/01/25";2025;1;27;"6";"object";"crevice";1;0;0;0;0;0;388
24;4;"27/01/25";2025;1;27;"6";"object";"crevice";1;0;0;0;0;0;382
24;4;"27/01/25";2025;1;27;"6";"object";"crevice";0;0;1;0;0;0;387
24;4;"27/01/25";2025;1;27;"6";"object";"brick_large";0;1;0;0;0;0;353
24;4;"27/01/25";2025;1;27;"6";"object";"brick_large";0;0;1;0;0;0;354
24;4;"27/01/25";2025;1;27;"5";"object";"brick_flat";0;0;1;0;0;0;329
24;4;"27/01/25";2025;1;27;"5";"room";"room";9;1;0;0;0;0;298
24;4;"27/01/25";2025;1;27;"5";"object";"crevice";0;0;1;0;0;0;311
24;4;"27/01/25";2025;1;27;"5";"object";"crevice";0;0;1;0;0;0;318
24;4;"27/01/25";2025;1;27;"5";"object";"crevice";0;0;1;0;0;0;322
24;4;"27/01/25";2025;1;27;"5";"object";"crevice";0;0;0;1;0;0;325
24;4;"27/01/25";2025;1;27;"5";"object";"crevice";0;0;1;0;0;0;324
24;4;"27/01/25";2025;1;27;"5";"object";"other";0;0;1;0;0;0;334
24;4;"27/01/25";2025;1;27;"5";"object";"chimney";0;2;1;0;0;0;332
24;4;"27/01/25";2025;1;27;"5";"object";"brick_flat";0;0;1;0;0;0;344
24;4;"27/01/25";2025;1;27;"5";"object";"brick_flat";0;0;1;0;0;0;341
24;4;"27/01/25";2025;1;27;"5";"object";"brick_flat";0;0;1;0;0;0;342
24;4;"27/01/25";2025;1;27;"5";"object";NA;1;0;0;0;0;0;304
24;4;"27/01/25";2025;1;27;"4";"object";"brick_flat";0;0;1;0;0;0;292
24;4;"27/01/25";2025;1;27;"4";"object";"brick_flat";0;0;1;0;0;0;276
24;4;"27/01/25";2025;1;27;"4";"object";"brick_flat";0;0;1;0;0;0;273
24;4;"27/01/25";2025;1;27;"4";"room";"room";5;2;11;0;0;0;259
24;4;"27/01/25";2025;1;27;"4";"object";"crevice";0;1;0;0;0;0;264
24;4;"27/01/25";2025;1;27;"4";"object";"crevice";0;1;0;0;0;0;265
24;4;"27/01/25";2025;1;27;"4";"object";"crevice";1;0;0;0;0;0;263
24;4;"27/01/25";2025;1;27;"2";"room";"room";3;1;6;0;0;0;102
24;4;"27/01/25";2025;1;27;"2";"object";"room";0;0;1;0;0;0;105
24;4;"27/01/25";2025;1;27;"2";"object";"pile";1;0;0;0;0;0;173
24;4;"27/01/25";2025;1;27;"2";"object";"wall";0;0;1;0;0;0;107
24;4;"27/01/25";2025;1;27;"2";"object";"wall";0;0;1;0;0;0;126
24;4;"27/01/25";2025;1;27;"2";"object";"wall";0;0;1;0;0;0;152
24;4;"27/01/25";2025;1;27;"2";"object";NA;0;0;1;0;0;0;151
24;4;"27/01/25";2025;1;27;"2";"object";"wall";1;0;0;0;0;0;157
24;4;"27/01/25";2025;1;27;"2";"object";"wall";0;0;1;0;0;0;162
24;4;"27/01/25";2025;1;27;"3";"object";"crevice";0;0;1;0;0;0;203
24;4;"27/01/25";2025;1;27;"3";"object";"other";1;0;0;0;0;0;254
24;4;"27/01/25";2025;1;27;"3";"room";"room";3;1;19;0;0;0;195
24;4;"27/01/25";2025;1;27;"3";"object";"other";0;0;1;0;0;0;258
24;4;"27/01/25";2025;1;27;"3";"object";"chimney";1;2;0;0;0;0;198
24;4;"27/01/25";2025;1;27;"3";"object";"wall";0;0;1;0;0;0;251
24;4;"27/01/25";2025;1;27;"3";"object";"wall";1;0;0;0;0;0;239
24;4;"27/01/25";2025;1;27;"3";"object";"wall";1;0;0;0;0;0;238
24;4;"27/01/25";2025;1;27;"1";"room";"room";1;0;2;0;2;0;1
24;4;"27/01/25";2025;1;27;"12";"room";"room";3;1;0;0;0;0;59
24;4;"27/01/25";2025;1;27;"12";"object";NA;1;0;0;0;0;0;94
24;4;"27/01/25";2025;1;27;"12";"object";"pile";2;0;0;0;0;0;99
24;4;"27/01/25";2025;1;27;"12";"object";"wall";1;0;0;0;0;0;72
24;4;"27/01/25";2025;1;27;"12";"object";"brick_flat";1;0;0;0;0;0;89
24;4;"27/01/25";2025;1;27;"12";"object";"room";1;0;1;0;0;0;100
24;4;"27/01/25";2025;1;27;"11";"room";"room";1;2;1;0;0;0;45
24;4;"27/01/25";2025;1;27;"11";"object";"tunnel";1;0;0;0;0;0;52
24;4;"27/01/25";2025;1;27;"11";"object";"brick_flat";0;0;1;0;0;0;53
24;4;"27/01/25";2025;1;27;"11";"object";"chimney";0;3;0;0;0;0;47
24;5;"09/02/25";2025;2;9;"10";"object";"brick_large";0;2;0;0;0;0;25
24;5;"09/02/25";2025;2;9;"10";"object";"brick_large";0;1;0;0;0;0;28
24;5;"09/02/25";2025;2;9;"10";"room";"room";7;2;1;0;1;0;23
24;5;"09/02/25";2025;2;9;"10";"object";"tunnel";2;0;0;0;0;0;40
24;5;"09/02/25";2025;2;9;"10";"object";"brick_large";0;2;0;0;0;0;34
24;5;"09/02/25";2025;2;9;"10";"object";"brick_large";0;4;1;0;0;0;33
24;5;"09/02/25";2025;2;9;"10";"object";"brick_large";0;3;1;0;0;0;32
24;5;"09/02/25";2025;2;9;"10";"object";"brick_large";0;3;0;0;0;0;31
24;5;"09/02/25";2025;2;9;"10";"object";"brick_flat";1;0;2;0;0;0;39
24;5;"09/02/25";2025;2;9;"10";"object";"brick_flat";0;0;1;0;0;0;38
24;5;"09/02/25";2025;2;9;"8";"object";"tunnel";1;0;0;0;0;0;458
24;5;"09/02/25";2025;2;9;"8";"room";"room";6;0;2;0;1;0;442
24;5;"09/02/25";2025;2;9;"8";"object";"crevice";0;0;1;0;0;0;459
24;5;"09/02/25";2025;2;9;"8";"object";"brick_large";0;3;0;0;0;0;449
24;5;"09/02/25";2025;2;9;"8";"object";"chimney";4;0;0;0;0;0;454
24;5;"09/02/25";2025;2;9;"8";"object";"brick_flat";0;0;3;0;0;0;457
24;5;"09/02/25";2025;2;9;"8";"object";"brick_flat";0;0;3;0;0;0;455
24;5;"09/02/25";2025;2;9;"8";"object";"crevice";1;0;0;0;0;0;475
24;5;"09/02/25";2025;2;9;"9";"room";"room";6;0;1;0;0;0;463
24;5;"09/02/25";2025;2;9;"9";"object";"brick_flat";0;0;4;0;0;0;478
24;5;"09/02/25";2025;2;9;"9";"object";"brick_flat";0;0;3;0;0;0;479
24;5;"09/02/25";2025;2;9;"9";"object";"brick_flat";0;0;2;0;0;0;481
24;5;"09/02/25";2025;2;9;"9";"object";"brick_flat";1;0;1;0;0;0;482
24;5;"09/02/25";2025;2;9;"9";"object";"crevice";1;0;0;0;0;0;555
24;5;"09/02/25";2025;2;9;"9";"object";"brick_large";0;0;7;0;0;0;474
24;5;"09/02/25";2025;2;9;"9";"object";"crevice";0;0;1;0;0;0;466
24;5;"09/02/25";2025;2;9;"9";"object";"crevice";1;0;0;0;0;0;558
24;5;"09/02/25";2025;2;9;"9";"object";"wall";0;0;1;0;0;0;486
24;5;"09/02/25";2025;2;9;"9";"object";"wall";1;0;0;0;0;0;553
24;5;"09/02/25";2025;2;9;"9";"object";"wall";0;0;1;0;0;0;487
24;5;"09/02/25";2025;2;9;"9";"object";"wall";1;0;0;0;0;0;490
24;5;"09/02/25";2025;2;9;"9";"object";"wall";0;0;1;0;0;0;504
24;5;"09/02/25";2025;2;9;"9";"object";"wall";1;0;0;0;0;0;506
24;5;"09/02/25";2025;2;9;"9";"object";"wall";0;0;1;0;0;0;518
24;5;"09/02/25";2025;2;9;"9";"object";"wall";0;0;1;0;0;0;526
24;5;"09/02/25";2025;2;9;"9";"object";"wall";0;0;1;0;0;0;541
24;5;"09/02/25";2025;2;9;"9";"object";"wall";1;0;0;0;0;0;546
24;5;"09/02/25";2025;2;9;"7";"room";"room";6;0;0;1;0;0;395
24;5;"09/02/25";2025;2;9;"7";"object";"crevice";0;0;1;0;0;0;404
24;5;"09/02/25";2025;2;9;"7";"object";"brick_large";1;0;5;0;0;0;401
24;5;"09/02/25";2025;2;9;"7";"object";"brick_large";2;0;5;0;0;0;402
24;5;"09/02/25";2025;2;9;"7";"object";"brick_large";0;0;7;0;0;0;403
24;5;"09/02/25";2025;2;9;"7";"object";"brick_flat";0;0;2;0;0;0;399
24;5;"09/02/25";2025;2;9;"7";"object";NA;1;0;1;0;0;0;406
24;5;"09/02/25";2025;2;9;"7";"object";"brick_flat";0;0;2;0;0;0;409
24;5;"09/02/25";2025;2;9;"7";"object";"brick_flat";1;0;0;0;0;0;413
24;5;"09/02/25";2025;2;9;"7";"object";"wall";0;0;1;0;0;0;419
24;5;"09/02/25";2025;2;9;"7";"object";"wall";1;0;0;0;0;0;434
24;5;"09/02/25";2025;2;9;"7";"object";"brick_flat";0;0;1;0;0;0;417
24;5;"09/02/25";2025;2;9;"7";"object";"brick_flat";1;0;0;0;0;0;416
24;5;"09/02/25";2025;2;9;"7";"object";"brick_flat";1;0;1;0;0;0;415
24;5;"09/02/25";2025;2;9;"6";"room";"room";4;1;0;0;0;0;347
24;5;"09/02/25";2025;2;9;"6";"object";"brick_flat";0;0;1;0;0;0;348
24;5;"09/02/25";2025;2;9;"6";"object";"crevice";1;0;0;0;0;0;380
24;5;"09/02/25";2025;2;9;"6";"object";"crevice";1;0;0;0;0;0;388
24;5;"09/02/25";2025;2;9;"6";"object";"crevice";0;0;1;0;0;0;387
24;5;"09/02/25";2025;2;9;"6";"object";"brick_flat";0;0;1;0;0;0;394
24;5;"09/02/25";2025;2;9;"6";"object";"brick_large";0;1;1;0;0;0;353
24;5;"09/02/25";2025;2;9;"5";"room";"room";6;1;6;1;0;0;298
24;5;"09/02/25";2025;2;9;"5";"object";NA;0;0;1;0;0;0;319
24;5;"09/02/25";2025;2;9;"5";"object";"crevice";0;0;1;0;0;0;322
24;5;"09/02/25";2025;2;9;"5";"object";"crevice";0;0;1;0;0;0;324
24;5;"09/02/25";2025;2;9;"5";"object";"other";0;0;1;0;0;0;334
24;5;"09/02/25";2025;2;9;"5";"object";"other";1;0;0;0;0;0;335
24;5;"09/02/25";2025;2;9;"5";"object";"chimney";0;4;2;0;0;0;332
24;5;"09/02/25";2025;2;9;"5";"object";"brick_flat";1;0;1;0;0;0;344
24;5;"09/02/25";2025;2;9;"5";"object";"brick_flat";0;0;3;0;0;0;345
24;5;"09/02/25";2025;2;9;"4";"object";"brick_flat";0;0;2;0;0;0;276
24;5;"09/02/25";2025;2;9;"4";"object";"crevice";0;1;0;0;0;0;265
24;5;"09/02/25";2025;2;9;"4";"room";"room";5;2;8;1;0;0;259
24;5;"09/02/25";2025;2;9;"4";"object";"crevice";0;1;0;0;0;0;264
24;5;"09/02/25";2025;2;9;"2";"object";"brick_flat";0;0;1;0;0;0;186
24;5;"09/02/25";2025;2;9;"2";"room";"room";5;2;6;0;0;0;102
24;5;"09/02/25";2025;2;9;"2";"object";"room";0;0;1;0;0;0;105
24;5;"09/02/25";2025;2;9;"2";"object";"wall";0;0;1;0;0;0;107
24;5;"09/02/25";2025;2;9;"2";"object";"wall";0;0;1;0;0;0;124
24;5;"09/02/25";2025;2;9;"2";"object";"wall";0;0;1;0;0;0;135
24;5;"09/02/25";2025;2;9;"2";"object";"wall";0;0;1;0;0;0;134
24;5;"09/02/25";2025;2;9;"2";"object";"wall";0;0;1;0;0;0;152
24;5;"09/02/25";2025;2;9;"2";"object";NA;1;0;0;0;0;0;163
24;5;"09/02/25";2025;2;9;"2";"object";"wall";0;0;1;0;0;0;167
24;5;"09/02/25";2025;2;9;"3";"object";"crevice";6;0;1;0;0;0;203
24;5;"09/02/25";2025;2;9;"3";"room";"room";6;1;14;0;0;0;195
24;5;"09/02/25";2025;2;9;"3";"object";"wall";0;0;1;0;0;0;251
24;5;"09/02/25";2025;2;9;"3";"object";"chimney";0;2;0;0;0;0;198
24;5;"09/02/25";2025;2;9;"2";"object";"room";1;0;0;0;0;0;103
24;5;"09/02/25";2025;2;9;"1";"object";"brick_flat";1;0;0;0;0;0;5
24;5;"09/02/25";2025;2;9;"1";"room";"room";1;0;3;0;1;0;1
24;5;"09/02/25";2025;2;9;"12";"object";"pile";1;0;0;0;0;0;99
24;5;"09/02/25";2025;2;9;"12";"object";"pile";1;0;0;0;0;0;98
24;5;"09/02/25";2025;2;9;"12";"room";"room";2;0;0;0;0;0;59
24;5;"09/02/25";2025;2;9;"12";"object";"room";1;0;0;0;0;0;100
24;5;"09/02/25";2025;2;9;"11";"object";"brick_flat";0;0;1;0;0;0;53
24;5;"09/02/25";2025;2;9;"11";"room";"room";0;2;2;0;0;0;45
24;5;"09/02/25";2025;2;9;"11";"object";"chimney";0;3;1;0;0;0;47
24;6;"21/02/25";2025;2;21;"10";"object";"brick_large";0;2;0;0;0;0;25
24;6;"21/02/25";2025;2;21;"10";"object";"brick_large";0;1;0;0;0;0;27
24;6;"21/02/25";2025;2;21;"10";"object";"brick_large";0;1;0;0;0;0;28
24;6;"21/02/25";2025;2;21;"10";"object";"tunnel";1;0;0;0;0;0;40
24;6;"21/02/25";2025;2;21;"10";"room";"room";13;2;0;0;0;0;23
24;6;"21/02/25";2025;2;21;"10";"object";"pile";1;0;0;0;0;0;41
24;6;"21/02/25";2025;2;21;"10";"object";"brick_flat";1;0;0;0;0;0;39
24;6;"21/02/25";2025;2;21;"10";"object";"brick_large";0;4;2;0;0;0;32
24;6;"21/02/25";2025;2;21;"10";"object";"brick_large";0;4;0;0;0;0;33
24;6;"21/02/25";2025;2;21;"8";"object";"brick_large";0;1;1;0;0;0;34
24;6;"21/02/25";2025;2;21;"8";"object";"tunnel";2;1;0;0;0;0;458
24;6;"21/02/25";2025;2;21;"8";"object";"brick_large";1;0;0;0;0;0;446
24;6;"21/02/25";2025;2;21;"8";"room";"room";6;0;1;0;2;0;442
24;6;"21/02/25";2025;2;21;"8";"object";"brick_large";0;3;0;0;0;0;449
24;6;"21/02/25";2025;2;21;"8";"object";"brick_flat";0;0;4;0;0;0;455
24;6;"21/02/25";2025;2;21;"8";"object";"brick_flat";0;0;3;0;0;0;457
24;6;"21/02/25";2025;2;21;"9";"object";"chimney";4;0;0;0;0;0;454
24;6;"21/02/25";2025;2;21;"9";"room";"room";7;0;1;0;1;0;463
24;6;"21/02/25";2025;2;21;"9";"object";"crevice";1;0;0;0;0;0;475
24;6;"21/02/25";2025;2;21;"9";"object";"brick_flat";0;0;1;0;0;0;477
24;6;"21/02/25";2025;2;21;"9";"object";"brick_flat";0;0;2;0;0;0;479
24;6;"21/02/25";2025;2;21;"9";"object";"brick_flat";0;0;3;0;0;0;478
24;6;"21/02/25";2025;2;21;"9";"object";"brick_flat";1;0;2;0;0;0;482
24;6;"21/02/25";2025;2;21;"9";"object";"brick_flat";1;0;4;0;0;0;481
24;6;"21/02/25";2025;2;21;"9";"object";"crevice";1;0;0;0;0;0;555
24;6;"21/02/25";2025;2;21;"9";"object";"brick_large";0;0;8;0;0;0;474
24;6;"21/02/25";2025;2;21;"9";"object";"crevice";0;0;1;0;0;0;466
24;6;"21/02/25";2025;2;21;"9";"object";"crevice";1;0;0;0;0;0;557
24;6;"21/02/25";2025;2;21;"9";"object";"wall";0;0;1;0;0;0;487
24;6;"21/02/25";2025;2;21;"9";"object";"wall";1;0;0;0;0;0;490
24;6;"21/02/25";2025;2;21;"9";"object";"wall";0;0;1;0;0;0;504
24;6;"21/02/25";2025;2;21;"9";"object";"wall";0;0;1;0;0;0;517
24;6;"21/02/25";2025;2;21;"9";"object";"wall";1;0;0;0;0;0;525
24;6;"21/02/25";2025;2;21;"9";"object";"wall";0;0;1;0;0;0;526
24;6;"21/02/25";2025;2;21;"9";"object";"wall";0;0;1;0;0;0;541
24;6;"21/02/25";2025;2;21;"7";"object";"wall";1;0;0;0;0;0;546
24;6;"21/02/25";2025;2;21;"7";"room";"room";5;0;2;0;0;0;395
24;6;"21/02/25";2025;2;21;"7";"object";"brick_flat";0;0;1;0;0;0;400
24;6;"21/02/25";2025;2;21;"7";"object";NA;1;0;1;0;0;0;406
24;6;"21/02/25";2025;2;21;"7";"object";"brick_large";0;0;8;0;0;0;401
24;6;"21/02/25";2025;2;21;"7";"object";"brick_large";0;0;8;0;0;0;402
24;6;"21/02/25";2025;2;21;"7";"object";"brick_large";0;0;6;0;0;0;403
24;6;"21/02/25";2025;2;21;"7";"object";"brick_flat";0;0;1;0;0;0;409
24;6;"21/02/25";2025;2;21;"7";"object";"brick_flat";0;0;1;0;0;0;413
24;6;"21/02/25";2025;2;21;"7";"object";"brick_flat";1;0;0;0;0;0;415
24;6;"21/02/25";2025;2;21;"7";"object";"brick_flat";1;0;1;0;0;0;416
24;6;"21/02/25";2025;2;21;"7";"object";"crevice";0;0;1;0;0;0;404
24;6;"21/02/25";2025;2;21;"7";"object";"wall";1;0;0;0;0;0;422
24;6;"21/02/25";2025;2;21;"6";"room";"room";3;1;0;0;0;0;347
24;6;"21/02/25";2025;2;21;"6";"object";"brick_flat";1;0;0;0;0;0;370
24;6;"21/02/25";2025;2;21;"6";"object";"crevice";0;0;1;0;0;0;387
24;6;"21/02/25";2025;2;21;"6";"object";"crevice";1;0;0;0;0;0;380
24;6;"21/02/25";2025;2;21;"6";"object";"brick_flat";0;0;2;0;0;0;394
24;6;"21/02/25";2025;2;21;"6";"object";"chimney";1;2;1;0;0;0;367
24;6;"21/02/25";2025;2;21;"6";"object";"brick_large";0;1;1;0;0;0;353
24;6;"21/02/25";2025;2;21;"5";"object";"brick_flat";0;0;1;0;0;0;300
24;6;"21/02/25";2025;2;21;"5";"object";"brick_flat";1;0;0;0;0;0;328
24;6;"21/02/25";2025;2;21;"5";"object";NA;0;0;1;0;0;0;319
24;6;"21/02/25";2025;2;21;"5";"object";"other";0;0;1;0;0;0;334
24;6;"21/02/25";2025;2;21;"5";"object";"other";1;0;0;0;0;0;336
24;6;"21/02/25";2025;2;21;"5";"object";"crevice";0;0;1;0;0;0;322
24;6;"21/02/25";2025;2;21;"5";"object";"crevice";0;0;1;0;0;0;324
24;6;"21/02/25";2025;2;21;"5";"object";NA;0;0;1;0;0;0;320
24;6;"21/02/25";2025;2;21;"5";"object";"brick_flat";1;0;3;0;0;0;344
24;6;"21/02/25";2025;2;21;"5";"object";"brick_flat";0;0;1;0;0;0;345
24;6;"21/02/25";2025;2;21;"5";"room";"room";7;1;2;0;0;0;298
24;6;"21/02/25";2025;2;21;"4";"room";"room";4;2;12;2;0;0;259
24;6;"21/02/25";2025;2;21;"4";"object";"brick_flat";0;0;1;0;0;0;273
24;6;"21/02/25";2025;2;21;"4";"object";"brick_flat";0;0;2;0;0;0;276
24;6;"21/02/25";2025;2;21;"4";"object";"crevice";0;1;0;0;0;0;264
24;6;"21/02/25";2025;2;21;"2";"object";"crevice";0;1;0;0;0;0;265
24;6;"21/02/25";2025;2;21;"2";"room";"room";7;0;5;0;0;0;102
24;6;"21/02/25";2025;2;21;"2";"object";"wall";0;0;1;0;0;0;107
24;6;"21/02/25";2025;2;21;"2";"object";"wall";0;0;1;0;0;0;124
24;6;"21/02/25";2025;2;21;"2";"object";"wall";0;0;1;0;0;0;135
24;6;"21/02/25";2025;2;21;"2";"object";"wall";1;0;0;0;0;0;144
24;6;"21/02/25";2025;2;21;"2";"object";"wall";0;0;1;0;0;0;153
24;6;"21/02/25";2025;2;21;"3";"object";"wall";1;0;0;0;0;0;158
24;6;"21/02/25";2025;2;21;"3";"room";"room";6;2;15;0;0;0;195
24;6;"21/02/25";2025;2;21;"3";"object";"crevice";0;0;1;0;0;0;199
24;6;"21/02/25";2025;2;21;"3";"object";"crevice";0;0;1;0;0;0;203
24;6;"21/02/25";2025;2;21;"3";"object";"wall";0;0;1;0;0;0;251
24;6;"21/02/25";2025;2;21;"3";"object";"other";0;0;0;0;1;0;257
24;6;"21/02/25";2025;2;21;"1";"object";"chimney";0;2;0;0;0;0;198
24;6;"21/02/25";2025;2;21;"1";"room";"room";1;1;2;0;1;0;1
24;6;"21/02/25";2025;2;21;"1";"object";"brick_flat";1;0;0;0;0;0;5
24;6;"21/02/25";2025;2;21;"12";"object";"brick_flat";0;0;1;0;0;0;14
24;6;"21/02/25";2025;2;21;"12";"object";"pile";3;0;0;0;0;0;99
24;6;"21/02/25";2025;2;21;"12";"room";"room";3;0;0;0;0;0;59
24;6;"21/02/25";2025;2;21;"12";"object";"wall";1;0;0;0;0;0;67
24;6;"21/02/25";2025;2;21;"12";"object";"wall";1;0;0;0;0;0;70
24;6;"21/02/25";2025;2;21;"12";"object";"wall";0;0;1;0;0;0;69
24;6;"21/02/25";2025;2;21;"12";"object";"room";1;0;1;0;0;0;100
24;6;"21/02/25";2025;2;21;"13";"object";"room";2;0;0;0;0;0;60
24;6;"21/02/25";2025;2;21;"11";"room";"room";0;1;4;0;0;0;45
24;6;"21/02/25";2025;2;21;"11";"object";"chimney";0;3;1;0;0;0;47
24;7;"07/03/25";2025;3;7;"10";"object";"brick_large";0;1;0;0;0;0;28
24;7;"07/03/25";2025;3;7;"10";"object";"brick_large";0;2;0;0;0;0;27
24;7;"07/03/25";2025;3;7;"10";"object";"brick_large";0;2;0;0;0;0;25
24;7;"07/03/25";2025;3;7;"10";"room";"room";5;1;1;0;0;0;23
24;7;"07/03/25";2025;3;7;"10";"object";"tunnel";1;0;0;0;0;0;40
24;7;"07/03/25";2025;3;7;"10";"object";"pile";1;0;0;0;0;0;41
24;7;"07/03/25";2025;3;7;"10";"object";"pile";1;0;0;0;0;0;43
24;7;"07/03/25";2025;3;7;"10";"object";"brick_large";0;3;1;0;0;0;32
24;7;"07/03/25";2025;3;7;"10";"object";"brick_large";0;4;0;0;0;0;33
24;7;"07/03/25";2025;3;7;"10";"object";"brick_large";0;1;0;0;0;0;34
24;7;"07/03/25";2025;3;7;"10";"object";"brick_flat";0;0;2;0;0;0;39
24;7;"07/03/25";2025;3;7;"8";"object";"brick_large";0;1;0;0;0;0;445
24;7;"07/03/25";2025;3;7;"8";"room";"room";5;0;0;0;0;0;442
24;7;"07/03/25";2025;3;7;"8";"object";"brick_large";0;3;0;0;0;0;449
24;7;"07/03/25";2025;3;7;"8";"object";"brick_large";0;0;1;0;0;0;448
24;7;"07/03/25";2025;3;7;"8";"object";"brick_flat";0;0;1;0;0;0;455
24;7;"07/03/25";2025;3;7;"8";"object";"brick_flat";0;0;1;0;0;0;457
24;7;"07/03/25";2025;3;7;"9";"room";"room";7;1;0;0;0;0;463
24;7;"07/03/25";2025;3;7;"9";"object";"brick_flat";0;0;4;0;0;0;477
24;7;"07/03/25";2025;3;7;"9";"object";"brick_flat";0;0;1;0;0;0;479
24;7;"07/03/25";2025;3;7;"9";"object";"brick_round";1;0;0;0;0;0;564
24;7;"07/03/25";2025;3;7;"9";"object";"brick_flat";0;0;6;0;0;0;480
24;7;"07/03/25";2025;3;7;"9";"object";"brick_flat";0;0;2;0;0;0;482
24;7;"07/03/25";2025;3;7;"9";"object";"brick_large";0;2;2;0;0;0;474
24;7;"07/03/25";2025;3;7;"9";"object";"brick_large";0;0;3;0;0;0;473
24;7;"07/03/25";2025;3;7;"9";"object";"crevice";0;0;1;0;0;0;466
24;7;"07/03/25";2025;3;7;"9";"object";"wall";0;0;1;0;0;0;486
24;7;"07/03/25";2025;3;7;"9";"object";"wall";0;0;1;0;0;0;487
24;7;"07/03/25";2025;3;7;"9";"object";"wall";0;1;0;0;0;0;522
24;7;"07/03/25";2025;3;7;"9";"object";"wall";0;1;0;0;0;0;533
24;7;"07/03/25";2025;3;7;"9";"object";"wall";0;1;0;0;0;0;549
24;7;"07/03/25";2025;3;7;"7";"room";"room";0;2;1;0;0;0;395
24;7;"07/03/25";2025;3;7;"7";"object";"wall";0;1;0;0;0;0;433
24;7;"07/03/25";2025;3;7;"7";"object";"brick_large";0;0;3;0;0;0;403
24;7;"07/03/25";2025;3;7;"7";"object";"brick_flat";0;0;1;0;0;0;411
24;7;"07/03/25";2025;3;7;"7";"object";"brick_flat";1;0;2;0;0;0;416
24;7;"07/03/25";2025;3;7;"7";"object";"brick_flat";2;0;0;0;0;0;417
24;7;"07/03/25";2025;3;7;"7";"object";NA;0;0;1;0;0;0;406
24;7;"07/03/25";2025;3;7;"6";"room";"room";3;1;0;0;0;0;347
24;7;"07/03/25";2025;3;7;"6";"object";"brick_flat";1;0;0;0;0;0;377
24;7;"07/03/25";2025;3;7;"6";"object";"crevice";0;0;1;0;0;0;384
24;7;"07/03/25";2025;3;7;"6";"object";"crevice";1;0;0;0;0;0;391
24;7;"07/03/25";2025;3;7;"6";"object";"brick_large";0;1;0;0;0;0;353
24;7;"07/03/25";2025;3;7;"5";"room";"room";6;1;2;0;0;0;298
24;7;"07/03/25";2025;3;7;"5";"object";NA;0;0;0;1;0;0;309
24;7;"07/03/25";2025;3;7;"5";"object";"crevice";0;0;1;0;0;0;322
24;7;"07/03/25";2025;3;7;"5";"object";"crevice";0;0;1;0;0;0;324
24;7;"07/03/25";2025;3;7;"5";"object";NA;1;0;0;0;0;0;307
24;7;"07/03/25";2025;3;7;"5";"object";"brick_flat";1;0;2;0;0;0;344
24;7;"07/03/25";2025;3;7;"5";"object";"other";0;0;1;0;0;0;334
24;7;"07/03/25";2025;3;7;"5";"object";"chimney";0;4;2;0;0;0;332
24;7;"07/03/25";2025;3;7;"4";"room";"room";3;2;7;2;0;0;259
24;7;"07/03/25";2025;3;7;"4";"object";"crevice";0;1;0;0;0;0;264
24;7;"07/03/25";2025;3;7;"2";"room";"room";3;0;2;0;0;0;102
24;7;"07/03/25";2025;3;7;"2";"object";NA;0;0;1;0;0;0;140
24;7;"07/03/25";2025;3;7;"2";"object";"wall";0;0;1;0;0;0;158
24;7;"07/03/25";2025;3;7;"3";"room";"room";9;1;10;0;0;0;195
24;7;"07/03/25";2025;3;7;"3";"object";"other";0;1;0;0;0;0;196
24;7;"07/03/25";2025;3;7;"3";"object";NA;0;0;1;0;0;0;200
24;7;"07/03/25";2025;3;7;"3";"object";"wall";1;0;0;0;0;0;236
24;7;"07/03/25";2025;3;7;"3";"object";"chimney";0;2;0;0;0;0;198
24;7;"07/03/25";2025;3;7;"2";"object";"room";1;0;0;0;0;0;103
24;7;"07/03/25";2025;3;7;"1";"room";"room";1;1;1;0;0;0;1
24;7;"07/03/25";2025;3;7;"1";"object";"brick_flat";1;0;0;0;0;0;6
24;7;"07/03/25";2025;3;7;"12";"object";"pile";1;0;0;0;0;0;99
24;7;"07/03/25";2025;3;7;"12";"object";"pile";1;0;0;0;0;0;98
24;7;"07/03/25";2025;3;7;"12";"object";"wall";1;0;0;0;0;0;65
24;7;"07/03/25";2025;3;7;"12";"object";"wall";1;0;0;0;0;0;85
24;7;"07/03/25";2025;3;7;"12";"object";"room";1;0;0;0;0;0;60
24;7;"07/03/25";2025;3;7;"11";"room";"room";0;1;0;0;0;0;45
24;7;"07/03/25";2025;3;7;"11";"object";"chimney";0;4;2;0;0;0;47
24;7;"07/03/25";2025;3;7;"11";"object";"brick_flat";0;0;1;0;0;0;55
24;8;"19/03/25";2025;3;19;"10";"object";"brick_large";0;2;0;0;0;0;25
24;8;"19/03/25";2025;3;19;"10";"object";"brick_large";0;4;0;0;0;0;27
24;8;"19/03/25";2025;3;19;"10";"object";"brick_large";0;1;0;0;0;0;28
24;8;"19/03/25";2025;3;19;"10";"room";"room";4;2;1;0;0;0;23
24;8;"19/03/25";2025;3;19;"10";"object";"tunnel";1;0;0;0;0;0;40
24;8;"19/03/25";2025;3;19;"10";"object";"brick_large";0;3;0;0;0;0;32
24;8;"19/03/25";2025;3;19;"10";"object";"brick_large";0;4;0;0;0;0;33
24;8;"19/03/25";2025;3;19;"10";"object";"brick_flat";0;0;1;0;0;0;39
24;8;"19/03/25";2025;3;19;"8";"room";"room";4;0;1;0;0;0;442
24;8;"19/03/25";2025;3;19;"8";"object";"brick_large";0;1;0;0;0;0;445
24;8;"19/03/25";2025;3;19;"8";"object";"crevice";1;0;0;0;0;0;459
24;8;"19/03/25";2025;3;19;"8";"object";"tunnel";1;0;0;0;0;0;460
24;8;"19/03/25";2025;3;19;"8";"object";"brick_large";0;3;0;0;0;0;449
24;8;"19/03/25";2025;3;19;"8";"object";"brick_flat";0;0;1;0;0;0;457
24;8;"19/03/25";2025;3;19;"9";"room";"room";5;1;0;0;0;0;463
24;8;"19/03/25";2025;3;19;"9";"object";"brick_flat";0;0;1;0;0;0;477
24;8;"19/03/25";2025;3;19;"9";"object";"brick_flat";0;0;2;0;0;0;478
24;8;"19/03/25";2025;3;19;"9";"object";"crevice";2;0;0;0;0;0;555
24;8;"19/03/25";2025;3;19;"9";"object";"brick_flat";1;0;0;0;0;0;481
24;8;"19/03/25";2025;3;19;"9";"object";"brick_flat";0;0;3;0;0;0;482
24;8;"19/03/25";2025;3;19;"9";"object";"brick_round";1;0;0;0;0;0;564
24;8;"19/03/25";2025;3;19;"9";"object";"brick_large";0;2;2;0;0;0;474
24;8;"19/03/25";2025;3;19;"9";"object";"brick_large";0;0;3;0;0;0;473
24;8;"19/03/25";2025;3;19;"9";"object";"brick_large";0;0;2;0;0;0;472
24;8;"19/03/25";2025;3;19;"9";"object";"wall";1;0;0;0;0;0;522
24;8;"19/03/25";2025;3;19;"9";"object";"wall";1;0;0;0;0;0;546
24;8;"19/03/25";2025;3;19;"9";"object";"wall";1;0;0;0;0;0;547
24;8;"19/03/25";2025;3;19;"7";"room";"room";1;0;0;0;0;0;395
24;8;"19/03/25";2025;3;19;"7";"object";"brick_large";0;1;1;0;0;0;401
24;8;"19/03/25";2025;3;19;"7";"object";"brick_large";2;0;2;0;0;0;402
24;8;"19/03/25";2025;3;19;"7";"object";"brick_large";3;0;4;0;0;0;403
24;8;"19/03/25";2025;3;19;"7";"object";"brick_flat";2;0;0;0;0;0;398
24;8;"19/03/25";2025;3;19;"7";"object";NA;0;0;1;0;0;0;406
24;8;"19/03/25";2025;3;19;"7";"object";"brick_flat";1;0;0;0;0;0;407
24;8;"19/03/25";2025;3;19;"7";"object";"brick_flat";1;0;0;0;0;0;409
24;8;"19/03/25";2025;3;19;"7";"object";"brick_flat";0;0;1;0;0;0;411
24;8;"19/03/25";2025;3;19;"7";"object";"brick_flat";1;0;0;0;0;0;415
24;8;"19/03/25";2025;3;19;"7";"object";"wall";1;0;0;0;0;0;421
24;8;"19/03/25";2025;3;19;"6";"room";"room";3;0;1;0;0;0;347
24;8;"19/03/25";2025;3;19;"6";"object";"crevice";1;0;0;0;0;0;391
24;8;"19/03/25";2025;3;19;"6";"object";"brick_flat";1;0;0;0;0;0;369
24;8;"19/03/25";2025;3;19;"6";"object";"brick_large";0;1;0;0;0;0;359
24;8;"19/03/25";2025;3;19;"5";"room";"room";2;1;2;0;0;0;298
24;8;"19/03/25";2025;3;19;"5";"object";"crevice";0;0;1;0;0;0;308
24;8;"19/03/25";2025;3;19;"5";"object";"crevice";0;0;1;0;0;0;324
24;8;"19/03/25";2025;3;19;"5";"object";"other";1;0;0;0;0;0;303
24;8;"19/03/25";2025;3;19;"5";"object";"brick_flat";1;0;0;0;0;0;344
24;8;"19/03/25";2025;3;19;"5";"object";"brick_flat";2;0;0;0;0;0;345
24;8;"19/03/25";2025;3;19;"5";"object";"chimney";0;4;3;0;0;0;332
24;8;"19/03/25";2025;3;19;"4";"room";"room";5;2;6;1;0;0;259
24;8;"19/03/25";2025;3;19;"4";"object";"crevice";0;1;0;0;0;0;264
24;8;"19/03/25";2025;3;19;"4";"object";"crevice";1;0;0;0;0;0;263
24;8;"19/03/25";2025;3;19;"2";"room";"room";5;0;1;0;0;0;102
24;8;"19/03/25";2025;3;19;"2";"object";"brick_flat";0;0;1;0;0;0;192
24;8;"19/03/25";2025;3;19;"2";"object";"wall";1;0;0;0;0;0;127
24;8;"19/03/25";2025;3;19;"2";"object";"wall";0;0;1;0;0;0;144
24;8;"19/03/25";2025;3;19;"2";"object";"wall";1;0;0;0;0;0;158
24;8;"19/03/25";2025;3;19;"2";"object";"pile";1;0;0;0;0;0;174
24;8;"19/03/25";2025;3;19;"3";"room";"room";8;1;3;0;0;0;195
24;8;"19/03/25";2025;3;19;"3";"object";"brick_flat";0;0;1;0;0;0;205
24;8;"19/03/25";2025;3;19;"3";"object";"wall";1;0;0;0;0;0;231
24;8;"19/03/25";2025;3;19;"3";"object";"wall";1;0;0;0;0;0;236
24;8;"19/03/25";2025;3;19;"3";"object";"chimney";0;2;0;0;0;0;198
24;8;"19/03/25";2025;3;19;"2";"object";"room";1;0;0;0;0;0;103
24;8;"19/03/25";2025;3;19;"1";"object";"brick_flat";1;0;0;0;0;0;5
24;8;"19/03/25";2025;3;19;"12";"object";"pile";1;0;0;0;0;0;99
24;8;"19/03/25";2025;3;19;"12";"object";"wall";1;0;0;0;0;0;79
24;8;"19/03/25";2025;3;19;"12";"room";"room";1;0;0;0;0;0;59
24;8;"19/03/25";2025;3;19;"11";"room";"room";0;1;0;0;0;0;45
24;8;"19/03/25";2025;3;19;"11";"object";"chimney";0;5;3;0;0;0;47
24;8;"19/03/25";2025;3;19;"11";"object";"tunnel";1;0;0;0;0;0;52
24;9;"06/04/25";2025;4;6;"10";"object";"brick_large";0;2;0;0;0;0;25
24;9;"06/04/25";2025;4;6;"10";"object";"brick_large";0;2;0;0;0;0;27
24;9;"06/04/25";2025;4;6;"10";"room";"room";1;0;0;0;0;0;23
24;9;"06/04/25";2025;4;6;"10";"object";"brick_large";0;1;0;0;0;0;32
24;9;"06/04/25";2025;4;6;"10";"object";"brick_large";0;2;0;0;0;0;33
24;9;"06/04/25";2025;4;6;"10";"object";NA;0;4;0;0;0;0;453
24;9;"06/04/25";2025;4;6;"10";"object";"brick_large";0;1;0;0;0;0;401
24;9;"06/04/25";2025;4;6;"10";"object";NA;1;0;0;0;0;0;406
24;9;"06/04/25";2025;4;6;"10";"object";"brick_flat";0;0;1;0;0;0;407
24;9;"06/04/25";2025;4;6;"6";"room";"room";1;0;0;0;0;0;347
24;9;"06/04/25";2025;4;6;"5";"room";"room";0;1;0;0;0;0;298
24;9;"06/04/25";2025;4;6;"5";"object";"chimney";0;2;0;0;0;0;332
24;9;"06/04/25";2025;4;6;"5";"object";"other";1;0;0;0;0;0;335
24;9;"06/04/25";2025;4;6;"4";"room";"room";2;0;0;0;0;0;259
24;9;"06/04/25";2025;4;6;"2";"object";"wall";1;0;0;0;0;0;127
24;9;"06/04/25";2025;4;6;"3";"object";"brick_flat";1;0;0;0;0;0;205
24;9;"06/04/25";2025;4;6;"3";"room";"room";0;2;0;0;0;0;195
24;9;"06/04/25";2025;4;6;"1";"room";"room";0;0;0;1;0;0;1
24;9;"06/04/25";2025;4;6;"11";"room";"room";1;1;0;0;0;0;45
24;9;"06/04/25";2025;4;6;"11";"room";"chimney";0;3;0;0;0;0;47
