"date","time","temperature","filename","room"
"2023-11-03","22:27:00",12,"iButton_R1.csv",1
"2023-11-04","02:42:00",12,"iButton_R1.csv",1
"2023-11-04","06:57:00",12,"iButton_R1.csv",1
"2023-11-04","11:12:00",12,"iButton_R1.csv",1
"2023-11-04","15:27:00",12,"iButton_R1.csv",1
"2023-11-04","19:42:00",11.5,"iButton_R1.csv",1
"2023-11-04","23:57:00",11.5,"iButton_R1.csv",1
"2023-11-05","04:12:00",11.5,"iButton_R1.csv",1
"2023-11-05","08:27:00",11.5,"iButton_R1.csv",1
"2023-11-05","12:42:00",11.5,"iButton_R1.csv",1
"2023-11-05","16:57:00",11.5,"iButton_R1.csv",1
"2023-11-05","21:12:00",11.5,"iButton_R1.csv",1
"2023-11-06","01:27:00",11.5,"iButton_R1.csv",1
"2023-11-06","05:42:00",11.5,"iButton_R1.csv",1
"2023-11-06","09:57:00",11.5,"iButton_R1.csv",1
"2023-11-06","14:12:00",11.5,"iButton_R1.csv",1
"2023-11-06","18:27:00",11.5,"iButton_R1.csv",1
"2023-11-06","22:42:00",11.5,"iButton_R1.csv",1
"2023-11-07","02:57:00",11.5,"iButton_R1.csv",1
"2023-11-07","07:12:00",11.5,"iButton_R1.csv",1
"2023-11-07","11:27:00",11.5,"iButton_R1.csv",1
"2023-11-07","15:42:00",11.5,"iButton_R1.csv",1
"2023-11-07","19:57:00",11.5,"iButton_R1.csv",1
"2023-11-08","00:12:00",11.5,"iButton_R1.csv",1
"2023-11-08","04:27:00",11.5,"iButton_R1.csv",1
"2023-11-08","08:42:00",11.5,"iButton_R1.csv",1
"2023-11-08","12:57:00",11.5,"iButton_R1.csv",1
"2023-11-08","17:12:00",11.5,"iButton_R1.csv",1
"2023-11-08","21:27:00",11.5,"iButton_R1.csv",1
"2023-11-09","01:42:00",11.5,"iButton_R1.csv",1
"2023-11-09","05:57:00",11.5,"iButton_R1.csv",1
"2023-11-09","10:12:00",11.5,"iButton_R1.csv",1
"2023-11-09","14:27:00",11.5,"iButton_R1.csv",1
"2023-11-09","18:42:00",11.5,"iButton_R1.csv",1
"2023-11-09","22:57:00",11.5,"iButton_R1.csv",1
"2023-11-10","03:12:00",11.5,"iButton_R1.csv",1
"2023-11-10","07:27:00",11.5,"iButton_R1.csv",1
"2023-11-10","11:42:00",11.5,"iButton_R1.csv",1
"2023-11-10","15:57:00",11.5,"iButton_R1.csv",1
"2023-11-10","20:12:00",11.5,"iButton_R1.csv",1
"2023-11-11","00:27:00",11.5,"iButton_R1.csv",1
"2023-11-11","04:42:00",11.5,"iButton_R1.csv",1
"2023-11-11","08:57:00",11.5,"iButton_R1.csv",1
"2023-11-11","13:12:00",11.5,"iButton_R1.csv",1
"2023-11-11","17:27:00",11.5,"iButton_R1.csv",1
"2023-11-11","21:42:00",11.5,"iButton_R1.csv",1
"2023-11-12","01:57:00",11.5,"iButton_R1.csv",1
"2023-11-12","06:12:00",11.5,"iButton_R1.csv",1
"2023-11-12","10:27:00",11.5,"iButton_R1.csv",1
"2023-11-12","14:42:00",11.5,"iButton_R1.csv",1
"2023-11-12","18:57:00",11.5,"iButton_R1.csv",1
"2023-11-12","23:12:00",11.5,"iButton_R1.csv",1
"2023-11-13","03:27:00",11.5,"iButton_R1.csv",1
"2023-11-13","07:42:00",11.5,"iButton_R1.csv",1
"2023-11-13","11:57:00",11.5,"iButton_R1.csv",1
"2023-11-13","16:12:00",11.5,"iButton_R1.csv",1
"2023-11-13","20:27:00",11.5,"iButton_R1.csv",1
"2023-11-14","00:42:00",11.5,"iButton_R1.csv",1
"2023-11-14","04:57:00",11.5,"iButton_R1.csv",1
"2023-11-14","09:12:00",11.5,"iButton_R1.csv",1
"2023-11-14","13:27:00",11.5,"iButton_R1.csv",1
"2023-11-14","17:42:00",11.5,"iButton_R1.csv",1
"2023-11-14","21:57:00",11.5,"iButton_R1.csv",1
"2023-11-15","02:12:00",11.5,"iButton_R1.csv",1
"2023-11-15","06:27:00",11.5,"iButton_R1.csv",1
"2023-11-15","10:42:00",11.5,"iButton_R1.csv",1
"2023-11-15","14:57:00",11.5,"iButton_R1.csv",1
"2023-11-15","19:12:00",11.5,"iButton_R1.csv",1
"2023-11-15","23:27:00",11.5,"iButton_R1.csv",1
"2023-11-16","03:42:00",11.5,"iButton_R1.csv",1
"2023-11-16","07:57:00",11.5,"iButton_R1.csv",1
"2023-11-16","12:12:00",11,"iButton_R1.csv",1
"2023-11-16","16:27:00",11,"iButton_R1.csv",1
"2023-11-16","20:42:00",11,"iButton_R1.csv",1
"2023-11-17","00:57:00",11,"iButton_R1.csv",1
"2023-11-17","05:12:00",11,"iButton_R1.csv",1
"2023-11-17","09:27:00",11,"iButton_R1.csv",1
"2023-11-17","13:42:00",11,"iButton_R1.csv",1
"2023-11-17","17:57:00",11,"iButton_R1.csv",1
"2023-11-17","22:12:00",11,"iButton_R1.csv",1
"2023-11-18","02:27:00",11,"iButton_R1.csv",1
"2023-11-18","06:42:00",11,"iButton_R1.csv",1
"2023-11-18","10:57:00",11,"iButton_R1.csv",1
"2023-11-18","15:12:00",11,"iButton_R1.csv",1
"2023-11-18","19:27:00",11,"iButton_R1.csv",1
"2023-11-18","23:42:00",11,"iButton_R1.csv",1
"2023-11-19","03:57:00",11,"iButton_R1.csv",1
"2023-11-19","08:12:00",11,"iButton_R1.csv",1
"2023-11-19","12:27:00",11,"iButton_R1.csv",1
"2023-11-19","16:42:00",11,"iButton_R1.csv",1
"2023-11-19","20:57:00",11,"iButton_R1.csv",1
"2023-11-20","01:12:00",11,"iButton_R1.csv",1
"2023-11-20","05:27:00",11,"iButton_R1.csv",1
"2023-11-20","09:42:00",11,"iButton_R1.csv",1
"2023-11-20","13:57:00",11,"iButton_R1.csv",1
"2023-11-20","18:12:00",11,"iButton_R1.csv",1
"2023-11-20","22:27:00",11,"iButton_R1.csv",1
"2023-11-21","02:42:00",11,"iButton_R1.csv",1
"2023-11-21","06:57:00",11,"iButton_R1.csv",1
"2023-11-21","11:12:00",11,"iButton_R1.csv",1
"2023-11-21","15:27:00",11,"iButton_R1.csv",1
"2023-11-21","19:42:00",11,"iButton_R1.csv",1
"2023-11-21","23:57:00",11,"iButton_R1.csv",1
"2023-11-22","04:12:00",11,"iButton_R1.csv",1
"2023-11-22","08:27:00",11,"iButton_R1.csv",1
"2023-11-22","12:42:00",11,"iButton_R1.csv",1
"2023-11-22","16:57:00",11,"iButton_R1.csv",1
"2023-11-22","21:12:00",11,"iButton_R1.csv",1
"2023-11-23","01:27:00",11,"iButton_R1.csv",1
"2023-11-23","05:42:00",11,"iButton_R1.csv",1
"2023-11-23","09:57:00",11,"iButton_R1.csv",1
"2023-11-23","14:12:00",11,"iButton_R1.csv",1
"2023-11-23","18:27:00",11,"iButton_R1.csv",1
"2023-11-23","22:42:00",11,"iButton_R1.csv",1
"2023-11-24","02:57:00",10.5,"iButton_R1.csv",1
"2023-11-24","07:12:00",10.5,"iButton_R1.csv",1
"2023-11-24","11:27:00",10.5,"iButton_R1.csv",1
"2023-11-24","15:42:00",10.5,"iButton_R1.csv",1
"2023-11-24","19:57:00",10.5,"iButton_R1.csv",1
"2023-11-25","00:12:00",10.5,"iButton_R1.csv",1
"2023-11-25","04:27:00",10.5,"iButton_R1.csv",1
"2023-11-25","08:42:00",10.5,"iButton_R1.csv",1
"2023-11-25","12:57:00",10.5,"iButton_R1.csv",1
"2023-11-25","17:12:00",10.5,"iButton_R1.csv",1
"2023-11-25","21:27:00",10.5,"iButton_R1.csv",1
"2023-11-26","01:42:00",10.5,"iButton_R1.csv",1
"2023-11-26","05:57:00",10.5,"iButton_R1.csv",1
"2023-11-26","10:12:00",10.5,"iButton_R1.csv",1
"2023-11-26","14:27:00",10.5,"iButton_R1.csv",1
"2023-11-26","18:42:00",10.5,"iButton_R1.csv",1
"2023-11-26","22:57:00",10.5,"iButton_R1.csv",1
"2023-11-27","03:12:00",10.5,"iButton_R1.csv",1
"2023-11-27","07:27:00",10.5,"iButton_R1.csv",1
"2023-11-27","11:42:00",10.5,"iButton_R1.csv",1
"2023-11-27","15:57:00",10.5,"iButton_R1.csv",1
"2023-11-27","20:12:00",10.5,"iButton_R1.csv",1
"2023-11-28","00:27:00",10.5,"iButton_R1.csv",1
"2023-11-28","04:42:00",10.5,"iButton_R1.csv",1
"2023-11-28","08:57:00",10.5,"iButton_R1.csv",1
"2023-11-28","13:12:00",10.5,"iButton_R1.csv",1
"2023-11-28","17:27:00",10.5,"iButton_R1.csv",1
"2023-11-28","21:42:00",10,"iButton_R1.csv",1
"2023-11-29","01:57:00",10,"iButton_R1.csv",1
"2023-11-29","06:12:00",10,"iButton_R1.csv",1
"2023-11-29","10:27:00",10,"iButton_R1.csv",1
"2023-11-29","14:42:00",10,"iButton_R1.csv",1
"2023-11-29","18:57:00",10,"iButton_R1.csv",1
"2023-11-29","23:12:00",10,"iButton_R1.csv",1
"2023-11-30","03:27:00",10,"iButton_R1.csv",1
"2023-11-30","07:42:00",10,"iButton_R1.csv",1
"2023-11-30","11:57:00",10,"iButton_R1.csv",1
"2023-11-30","16:12:00",10,"iButton_R1.csv",1
"2023-11-30","20:27:00",10,"iButton_R1.csv",1
"2023-12-01","00:42:00",10,"iButton_R1.csv",1
"2023-12-01","04:57:00",10,"iButton_R1.csv",1
"2023-12-01","09:12:00",10,"iButton_R1.csv",1
"2023-12-01","13:27:00",10,"iButton_R1.csv",1
"2023-12-01","17:42:00",10,"iButton_R1.csv",1
"2023-12-01","21:57:00",10,"iButton_R1.csv",1
"2023-12-02","02:12:00",10,"iButton_R1.csv",1
"2023-12-02","06:27:00",10,"iButton_R1.csv",1
"2023-12-02","10:42:00",10,"iButton_R1.csv",1
"2023-12-02","14:57:00",10,"iButton_R1.csv",1
"2023-12-02","19:12:00",10,"iButton_R1.csv",1
"2023-12-02","23:27:00",10,"iButton_R1.csv",1
"2023-12-03","03:42:00",9.5,"iButton_R1.csv",1
"2023-12-03","07:57:00",9.5,"iButton_R1.csv",1
"2023-12-03","12:12:00",9.5,"iButton_R1.csv",1
"2023-12-03","16:27:00",9.5,"iButton_R1.csv",1
"2023-12-03","20:42:00",9.5,"iButton_R1.csv",1
"2023-12-04","00:57:00",9.5,"iButton_R1.csv",1
"2023-12-04","05:12:00",9.5,"iButton_R1.csv",1
"2023-12-04","09:27:00",9.5,"iButton_R1.csv",1
"2023-12-04","13:42:00",9.5,"iButton_R1.csv",1
"2023-12-04","17:57:00",9.5,"iButton_R1.csv",1
"2023-12-04","22:12:00",9.5,"iButton_R1.csv",1
"2023-12-05","02:27:00",9.5,"iButton_R1.csv",1
"2023-12-05","06:42:00",9.5,"iButton_R1.csv",1
"2023-12-05","10:57:00",9.5,"iButton_R1.csv",1
"2023-12-05","15:12:00",9.5,"iButton_R1.csv",1
"2023-12-05","19:27:00",9.5,"iButton_R1.csv",1
"2023-12-05","23:42:00",9.5,"iButton_R1.csv",1
"2023-12-06","03:57:00",9.5,"iButton_R1.csv",1
"2023-12-06","08:12:00",9.5,"iButton_R1.csv",1
"2023-12-06","12:27:00",9.5,"iButton_R1.csv",1
"2023-12-06","16:42:00",9.5,"iButton_R1.csv",1
"2023-12-06","20:57:00",9.5,"iButton_R1.csv",1
"2023-12-07","01:12:00",9.5,"iButton_R1.csv",1
"2023-12-07","05:27:00",9.5,"iButton_R1.csv",1
"2023-12-07","09:42:00",9.5,"iButton_R1.csv",1
"2023-12-07","13:57:00",9.5,"iButton_R1.csv",1
"2023-12-07","18:12:00",9.5,"iButton_R1.csv",1
"2023-12-07","22:27:00",9.5,"iButton_R1.csv",1
"2023-12-08","02:42:00",9.5,"iButton_R1.csv",1
"2023-12-08","06:57:00",9.5,"iButton_R1.csv",1
"2023-12-08","11:12:00",9.5,"iButton_R1.csv",1
"2023-12-08","15:27:00",9,"iButton_R1.csv",1
"2023-12-08","19:42:00",9,"iButton_R1.csv",1
"2023-12-08","23:57:00",9,"iButton_R1.csv",1
"2023-12-09","04:12:00",9,"iButton_R1.csv",1
"2023-12-09","08:27:00",9,"iButton_R1.csv",1
"2023-12-09","12:42:00",9,"iButton_R1.csv",1
"2023-12-09","16:57:00",9,"iButton_R1.csv",1
"2023-12-09","21:12:00",9,"iButton_R1.csv",1
"2023-12-10","01:27:00",9,"iButton_R1.csv",1
"2023-12-10","05:42:00",9,"iButton_R1.csv",1
"2023-12-10","09:57:00",9,"iButton_R1.csv",1
"2023-12-10","14:12:00",9,"iButton_R1.csv",1
"2023-12-10","18:27:00",9,"iButton_R1.csv",1
"2023-12-10","22:42:00",9,"iButton_R1.csv",1
"2023-12-11","02:57:00",9,"iButton_R1.csv",1
"2023-12-11","07:12:00",9,"iButton_R1.csv",1
"2023-12-11","11:27:00",9,"iButton_R1.csv",1
"2023-12-11","15:42:00",9,"iButton_R1.csv",1
"2023-12-11","19:57:00",9,"iButton_R1.csv",1
"2023-12-12","00:12:00",9,"iButton_R1.csv",1
"2023-12-12","04:27:00",9,"iButton_R1.csv",1
"2023-12-12","08:42:00",9,"iButton_R1.csv",1
"2023-12-12","12:57:00",9,"iButton_R1.csv",1
"2023-12-12","17:12:00",9,"iButton_R1.csv",1
"2023-12-12","21:27:00",9,"iButton_R1.csv",1
"2023-12-13","01:42:00",9,"iButton_R1.csv",1
"2023-12-13","05:57:00",9,"iButton_R1.csv",1
"2023-12-13","10:12:00",9,"iButton_R1.csv",1
"2023-12-13","14:27:00",9,"iButton_R1.csv",1
"2023-12-13","18:42:00",9,"iButton_R1.csv",1
"2023-12-13","22:57:00",9,"iButton_R1.csv",1
"2023-12-14","03:12:00",9,"iButton_R1.csv",1
"2023-12-14","07:27:00",9,"iButton_R1.csv",1
"2023-12-14","11:42:00",9,"iButton_R1.csv",1
"2023-12-14","15:57:00",9,"iButton_R1.csv",1
"2023-12-14","20:12:00",9,"iButton_R1.csv",1
"2023-12-15","00:27:00",9,"iButton_R1.csv",1
"2023-12-15","04:42:00",9,"iButton_R1.csv",1
"2023-12-15","08:57:00",9,"iButton_R1.csv",1
"2023-12-15","13:12:00",9,"iButton_R1.csv",1
"2023-12-15","17:27:00",9,"iButton_R1.csv",1
"2023-12-15","21:42:00",9,"iButton_R1.csv",1
"2023-12-16","01:57:00",9,"iButton_R1.csv",1
"2023-12-16","06:12:00",8.5,"iButton_R1.csv",1
"2023-12-16","10:27:00",9,"iButton_R1.csv",1
"2023-12-16","14:42:00",8.5,"iButton_R1.csv",1
"2023-12-16","18:57:00",8.5,"iButton_R1.csv",1
"2023-12-16","23:12:00",8.5,"iButton_R1.csv",1
"2023-12-17","03:27:00",8.5,"iButton_R1.csv",1
"2023-12-17","07:42:00",8.5,"iButton_R1.csv",1
"2023-12-17","11:57:00",8.5,"iButton_R1.csv",1
"2023-12-17","16:12:00",8.5,"iButton_R1.csv",1
"2023-12-17","20:27:00",8.5,"iButton_R1.csv",1
"2023-12-18","00:42:00",8.5,"iButton_R1.csv",1
"2023-12-18","04:57:00",8.5,"iButton_R1.csv",1
"2023-12-18","09:12:00",8.5,"iButton_R1.csv",1
"2023-12-18","13:27:00",8.5,"iButton_R1.csv",1
"2023-12-18","17:42:00",8.5,"iButton_R1.csv",1
"2023-12-18","21:57:00",8.5,"iButton_R1.csv",1
"2023-12-19","02:12:00",8.5,"iButton_R1.csv",1
"2023-12-19","06:27:00",8.5,"iButton_R1.csv",1
"2023-12-19","10:42:00",8.5,"iButton_R1.csv",1
"2023-12-19","14:57:00",8.5,"iButton_R1.csv",1
"2023-12-19","19:12:00",8.5,"iButton_R1.csv",1
"2023-12-19","23:27:00",8.5,"iButton_R1.csv",1
"2023-12-20","03:42:00",8.5,"iButton_R1.csv",1
"2023-12-20","07:57:00",8.5,"iButton_R1.csv",1
"2023-12-20","12:12:00",8.5,"iButton_R1.csv",1
"2023-12-20","16:27:00",8.5,"iButton_R1.csv",1
"2023-12-20","20:42:00",8.5,"iButton_R1.csv",1
"2023-12-21","00:57:00",8.5,"iButton_R1.csv",1
"2023-12-21","05:12:00",8.5,"iButton_R1.csv",1
"2023-12-21","09:27:00",8.5,"iButton_R1.csv",1
"2023-12-21","13:42:00",8.5,"iButton_R1.csv",1
"2023-12-21","17:57:00",8.5,"iButton_R1.csv",1
"2023-12-21","22:12:00",8.5,"iButton_R1.csv",1
"2023-12-22","02:27:00",8.5,"iButton_R1.csv",1
"2023-12-22","06:42:00",8.5,"iButton_R1.csv",1
"2023-12-22","10:57:00",8.5,"iButton_R1.csv",1
"2023-12-22","15:12:00",8.5,"iButton_R1.csv",1
"2023-12-22","19:27:00",8.5,"iButton_R1.csv",1
"2023-12-22","23:42:00",8.5,"iButton_R1.csv",1
"2023-12-23","03:57:00",8.5,"iButton_R1.csv",1
"2023-12-23","08:12:00",8.5,"iButton_R1.csv",1
"2023-12-23","12:27:00",8.5,"iButton_R1.csv",1
"2023-12-23","16:42:00",8.5,"iButton_R1.csv",1
"2023-12-23","20:57:00",8.5,"iButton_R1.csv",1
"2023-12-24","01:12:00",8.5,"iButton_R1.csv",1
"2023-12-24","05:27:00",8.5,"iButton_R1.csv",1
"2023-12-24","09:42:00",8.5,"iButton_R1.csv",1
"2023-12-24","13:57:00",8.5,"iButton_R1.csv",1
"2023-12-24","18:12:00",8.5,"iButton_R1.csv",1
"2023-12-24","22:27:00",8.5,"iButton_R1.csv",1
"2023-12-25","02:42:00",8.5,"iButton_R1.csv",1
"2023-12-25","06:57:00",8.5,"iButton_R1.csv",1
"2023-12-25","11:12:00",8.5,"iButton_R1.csv",1
"2023-12-25","15:27:00",8.5,"iButton_R1.csv",1
"2023-12-25","19:42:00",8.5,"iButton_R1.csv",1
"2023-12-25","23:57:00",8.5,"iButton_R1.csv",1
"2023-12-26","04:12:00",8.5,"iButton_R1.csv",1
"2023-12-26","08:27:00",8.5,"iButton_R1.csv",1
"2023-12-26","12:42:00",8.5,"iButton_R1.csv",1
"2023-12-26","16:57:00",8.5,"iButton_R1.csv",1
"2023-12-26","21:12:00",8.5,"iButton_R1.csv",1
"2023-12-27","01:27:00",8.5,"iButton_R1.csv",1
"2023-12-27","05:42:00",8.5,"iButton_R1.csv",1
"2023-12-27","09:57:00",8.5,"iButton_R1.csv",1
"2023-12-27","14:12:00",8.5,"iButton_R1.csv",1
"2023-12-27","18:27:00",8.5,"iButton_R1.csv",1
"2023-12-27","22:42:00",8.5,"iButton_R1.csv",1
"2023-12-28","02:57:00",8.5,"iButton_R1.csv",1
"2023-12-28","07:12:00",8.5,"iButton_R1.csv",1
"2023-12-28","11:27:00",8.5,"iButton_R1.csv",1
"2023-12-28","15:42:00",8.5,"iButton_R1.csv",1
"2023-12-28","19:57:00",8.5,"iButton_R1.csv",1
"2023-12-29","00:12:00",8.5,"iButton_R1.csv",1
"2023-12-29","04:27:00",8.5,"iButton_R1.csv",1
"2023-12-29","08:42:00",8.5,"iButton_R1.csv",1
"2023-12-29","12:57:00",8.5,"iButton_R1.csv",1
"2023-12-29","17:12:00",8.5,"iButton_R1.csv",1
"2023-12-29","21:27:00",8.5,"iButton_R1.csv",1
"2023-12-30","01:42:00",8,"iButton_R1.csv",1
"2023-12-30","05:57:00",8.5,"iButton_R1.csv",1
"2023-12-30","10:12:00",8,"iButton_R1.csv",1
"2023-12-30","14:27:00",8.5,"iButton_R1.csv",1
"2023-12-30","18:42:00",8,"iButton_R1.csv",1
"2023-12-30","22:57:00",8,"iButton_R1.csv",1
"2023-12-31","03:12:00",8,"iButton_R1.csv",1
"2023-12-31","07:27:00",8,"iButton_R1.csv",1
"2023-12-31","11:42:00",8,"iButton_R1.csv",1
"2023-12-31","15:57:00",8,"iButton_R1.csv",1
"2023-12-31","20:12:00",8,"iButton_R1.csv",1
"2024-01-01","00:27:00",8,"iButton_R1.csv",1
"2024-01-01","04:42:00",8,"iButton_R1.csv",1
"2024-01-01","08:57:00",8,"iButton_R1.csv",1
"2024-01-01","13:12:00",8,"iButton_R1.csv",1
"2024-01-01","17:27:00",8,"iButton_R1.csv",1
"2024-01-01","21:42:00",8,"iButton_R1.csv",1
"2024-01-02","01:57:00",8,"iButton_R1.csv",1
"2024-01-02","06:12:00",8,"iButton_R1.csv",1
"2024-01-02","10:27:00",8,"iButton_R1.csv",1
"2024-01-02","14:42:00",8,"iButton_R1.csv",1
"2024-01-02","18:57:00",8,"iButton_R1.csv",1
"2024-01-02","23:12:00",8,"iButton_R1.csv",1
"2024-01-03","03:27:00",8,"iButton_R1.csv",1
"2024-01-03","07:42:00",8,"iButton_R1.csv",1
"2024-01-03","11:57:00",8,"iButton_R1.csv",1
"2024-01-03","16:12:00",8,"iButton_R1.csv",1
"2024-01-03","20:27:00",8,"iButton_R1.csv",1
"2024-01-04","00:42:00",8,"iButton_R1.csv",1
"2024-01-04","04:57:00",8,"iButton_R1.csv",1
"2024-01-04","09:12:00",8,"iButton_R1.csv",1
"2024-01-04","13:27:00",8,"iButton_R1.csv",1
"2024-01-04","17:42:00",8,"iButton_R1.csv",1
"2024-01-04","21:57:00",8,"iButton_R1.csv",1
"2024-01-05","02:12:00",8,"iButton_R1.csv",1
"2024-01-05","06:27:00",8,"iButton_R1.csv",1
"2024-01-05","10:42:00",8,"iButton_R1.csv",1
"2024-01-05","14:57:00",8,"iButton_R1.csv",1
"2024-01-05","19:12:00",8,"iButton_R1.csv",1
"2024-01-05","23:27:00",8,"iButton_R1.csv",1
"2024-01-06","03:42:00",8,"iButton_R1.csv",1
"2024-01-06","07:57:00",8,"iButton_R1.csv",1
"2024-01-06","12:12:00",8,"iButton_R1.csv",1
"2024-01-06","16:27:00",8,"iButton_R1.csv",1
"2024-01-06","20:42:00",8,"iButton_R1.csv",1
"2024-01-07","00:57:00",8,"iButton_R1.csv",1
"2024-01-07","05:12:00",8,"iButton_R1.csv",1
"2024-01-07","09:27:00",7.5,"iButton_R1.csv",1
"2024-01-07","13:42:00",7.5,"iButton_R1.csv",1
"2024-01-07","17:57:00",7.5,"iButton_R1.csv",1
"2024-01-07","22:12:00",7.5,"iButton_R1.csv",1
"2024-01-08","02:27:00",7.5,"iButton_R1.csv",1
"2024-01-08","06:42:00",7.5,"iButton_R1.csv",1
"2024-01-08","10:57:00",7.5,"iButton_R1.csv",1
"2024-01-08","15:12:00",7.5,"iButton_R1.csv",1
"2024-01-08","19:27:00",7.5,"iButton_R1.csv",1
"2024-01-08","23:42:00",7.5,"iButton_R1.csv",1
"2024-01-09","03:57:00",7.5,"iButton_R1.csv",1
"2024-01-09","08:12:00",7.5,"iButton_R1.csv",1
"2024-01-09","12:27:00",7.5,"iButton_R1.csv",1
"2024-01-09","16:42:00",7.5,"iButton_R1.csv",1
"2024-01-09","20:57:00",7.5,"iButton_R1.csv",1
"2024-01-10","01:12:00",7.5,"iButton_R1.csv",1
"2024-01-10","05:27:00",7.5,"iButton_R1.csv",1
"2024-01-10","09:42:00",7.5,"iButton_R1.csv",1
"2024-01-10","13:57:00",7.5,"iButton_R1.csv",1
"2024-01-10","18:12:00",7.5,"iButton_R1.csv",1
"2024-01-10","22:27:00",7.5,"iButton_R1.csv",1
"2024-01-11","02:42:00",7.5,"iButton_R1.csv",1
"2024-01-11","06:57:00",7.5,"iButton_R1.csv",1
"2024-01-11","11:12:00",7.5,"iButton_R1.csv",1
"2024-01-11","15:27:00",7.5,"iButton_R1.csv",1
"2024-01-11","19:42:00",7.5,"iButton_R1.csv",1
"2024-01-11","23:57:00",7.5,"iButton_R1.csv",1
"2024-01-12","04:12:00",7.5,"iButton_R1.csv",1
"2024-01-12","08:27:00",7.5,"iButton_R1.csv",1
"2024-01-12","12:42:00",7.5,"iButton_R1.csv",1
"2024-01-12","16:57:00",7.5,"iButton_R1.csv",1
"2024-01-12","21:12:00",7.5,"iButton_R1.csv",1
"2024-01-13","01:27:00",7.5,"iButton_R1.csv",1
"2024-01-13","05:42:00",7.5,"iButton_R1.csv",1
"2024-01-13","09:57:00",7.5,"iButton_R1.csv",1
"2024-01-13","14:12:00",7.5,"iButton_R1.csv",1
"2024-01-13","18:27:00",7.5,"iButton_R1.csv",1
"2024-01-13","22:42:00",7.5,"iButton_R1.csv",1
"2024-01-14","02:57:00",7.5,"iButton_R1.csv",1
"2024-01-14","07:12:00",7.5,"iButton_R1.csv",1
"2024-01-14","11:27:00",7.5,"iButton_R1.csv",1
"2024-01-14","15:42:00",7.5,"iButton_R1.csv",1
"2024-01-14","19:57:00",7.5,"iButton_R1.csv",1
"2024-01-15","00:12:00",7.5,"iButton_R1.csv",1
"2024-01-15","04:27:00",7.5,"iButton_R1.csv",1
"2024-01-15","08:42:00",7.5,"iButton_R1.csv",1
"2024-01-15","12:57:00",7.5,"iButton_R1.csv",1
"2024-01-15","17:12:00",7.5,"iButton_R1.csv",1
"2024-01-15","21:27:00",7.5,"iButton_R1.csv",1
"2024-01-16","01:42:00",7.5,"iButton_R1.csv",1
"2024-01-16","05:57:00",7.5,"iButton_R1.csv",1
"2024-01-16","10:12:00",7.5,"iButton_R1.csv",1
"2024-01-16","14:27:00",7.5,"iButton_R1.csv",1
"2024-01-16","18:42:00",7.5,"iButton_R1.csv",1
"2024-01-16","22:57:00",7.5,"iButton_R1.csv",1
"2024-01-17","03:12:00",7.5,"iButton_R1.csv",1
"2024-01-17","07:27:00",7.5,"iButton_R1.csv",1
"2024-01-17","11:42:00",7.5,"iButton_R1.csv",1
"2024-01-17","15:57:00",7.5,"iButton_R1.csv",1
"2024-01-17","20:12:00",7.5,"iButton_R1.csv",1
"2024-01-18","00:27:00",7.5,"iButton_R1.csv",1
"2024-01-18","04:42:00",7,"iButton_R1.csv",1
"2024-01-18","08:57:00",7,"iButton_R1.csv",1
"2024-01-18","13:12:00",7,"iButton_R1.csv",1
"2024-01-18","17:27:00",7,"iButton_R1.csv",1
"2024-01-18","21:42:00",7,"iButton_R1.csv",1
"2024-01-19","01:57:00",7,"iButton_R1.csv",1
"2024-01-19","06:12:00",7,"iButton_R1.csv",1
"2024-01-19","10:27:00",7,"iButton_R1.csv",1
"2024-01-19","14:42:00",7,"iButton_R1.csv",1
"2024-01-19","18:57:00",7,"iButton_R1.csv",1
"2024-01-19","23:12:00",7,"iButton_R1.csv",1
"2024-01-20","03:27:00",7,"iButton_R1.csv",1
"2024-01-20","07:42:00",7,"iButton_R1.csv",1
"2024-01-20","11:57:00",7,"iButton_R1.csv",1
"2024-01-20","16:12:00",7,"iButton_R1.csv",1
"2024-01-20","20:27:00",7,"iButton_R1.csv",1
"2024-01-21","00:42:00",7,"iButton_R1.csv",1
"2024-01-21","04:57:00",7,"iButton_R1.csv",1
"2024-01-21","09:12:00",7,"iButton_R1.csv",1
"2024-01-21","13:27:00",7,"iButton_R1.csv",1
"2024-01-21","17:42:00",7,"iButton_R1.csv",1
"2024-01-21","21:57:00",7,"iButton_R1.csv",1
"2024-01-22","02:12:00",7,"iButton_R1.csv",1
"2024-01-22","06:27:00",7,"iButton_R1.csv",1
"2024-01-22","10:42:00",7,"iButton_R1.csv",1
"2024-01-22","14:57:00",7,"iButton_R1.csv",1
"2024-01-22","19:12:00",7,"iButton_R1.csv",1
"2024-01-22","23:27:00",7,"iButton_R1.csv",1
"2024-01-23","03:42:00",7,"iButton_R1.csv",1
"2024-01-23","07:57:00",7,"iButton_R1.csv",1
"2024-01-23","12:12:00",7,"iButton_R1.csv",1
"2024-01-23","16:27:00",7,"iButton_R1.csv",1
"2024-01-23","20:42:00",7,"iButton_R1.csv",1
"2024-01-24","00:57:00",7,"iButton_R1.csv",1
"2024-01-24","05:12:00",7,"iButton_R1.csv",1
"2024-01-24","09:27:00",7,"iButton_R1.csv",1
"2024-01-24","13:42:00",7,"iButton_R1.csv",1
"2024-01-24","17:57:00",7,"iButton_R1.csv",1
"2024-01-24","22:12:00",7,"iButton_R1.csv",1
"2024-01-25","02:27:00",7,"iButton_R1.csv",1
"2024-01-25","06:42:00",7,"iButton_R1.csv",1
"2024-01-25","10:57:00",7,"iButton_R1.csv",1
"2024-01-25","15:12:00",7,"iButton_R1.csv",1
"2024-01-25","19:27:00",7,"iButton_R1.csv",1
"2024-01-25","23:42:00",7,"iButton_R1.csv",1
"2024-01-26","03:57:00",7,"iButton_R1.csv",1
"2024-01-26","08:12:00",7,"iButton_R1.csv",1
"2024-01-26","12:27:00",7,"iButton_R1.csv",1
"2024-01-26","16:42:00",7,"iButton_R1.csv",1
"2024-01-26","20:57:00",7,"iButton_R1.csv",1
"2024-01-27","01:12:00",7,"iButton_R1.csv",1
"2024-01-27","05:27:00",7,"iButton_R1.csv",1
"2024-01-27","09:42:00",7,"iButton_R1.csv",1
"2024-01-27","13:57:00",7,"iButton_R1.csv",1
"2024-01-27","18:12:00",7,"iButton_R1.csv",1
"2024-01-27","22:27:00",7,"iButton_R1.csv",1
"2024-01-28","02:42:00",7,"iButton_R1.csv",1
"2024-01-28","06:57:00",7,"iButton_R1.csv",1
"2024-01-28","11:12:00",7,"iButton_R1.csv",1
"2024-01-28","15:27:00",7,"iButton_R1.csv",1
"2024-01-28","19:42:00",7,"iButton_R1.csv",1
"2024-01-28","23:57:00",7,"iButton_R1.csv",1
"2024-01-29","04:12:00",7,"iButton_R1.csv",1
"2024-01-29","08:27:00",7,"iButton_R1.csv",1
"2024-01-29","12:42:00",7,"iButton_R1.csv",1
"2024-01-29","16:57:00",7,"iButton_R1.csv",1
"2024-01-29","21:12:00",7,"iButton_R1.csv",1
"2024-01-30","01:27:00",7,"iButton_R1.csv",1
"2024-01-30","05:42:00",7,"iButton_R1.csv",1
"2024-01-30","09:57:00",7,"iButton_R1.csv",1
"2024-01-30","14:12:00",7,"iButton_R1.csv",1
"2024-01-30","18:27:00",7,"iButton_R1.csv",1
"2024-01-30","22:42:00",7,"iButton_R1.csv",1
"2024-01-31","02:57:00",7,"iButton_R1.csv",1
"2024-01-31","07:12:00",7,"iButton_R1.csv",1
"2024-01-31","11:27:00",7,"iButton_R1.csv",1
"2024-01-31","15:42:00",7,"iButton_R1.csv",1
"2024-01-31","19:57:00",7,"iButton_R1.csv",1
"2024-02-01","00:12:00",7,"iButton_R1.csv",1
"2024-02-01","04:27:00",7,"iButton_R1.csv",1
"2024-02-01","08:42:00",7,"iButton_R1.csv",1
"2024-02-01","12:57:00",7,"iButton_R1.csv",1
"2024-02-01","17:12:00",7,"iButton_R1.csv",1
"2024-02-01","21:27:00",7,"iButton_R1.csv",1
"2024-02-02","01:42:00",7,"iButton_R1.csv",1
"2024-02-02","05:57:00",7,"iButton_R1.csv",1
"2024-02-02","10:12:00",7,"iButton_R1.csv",1
"2024-02-02","14:27:00",6.5,"iButton_R1.csv",1
"2024-02-02","18:42:00",6.5,"iButton_R1.csv",1
"2024-02-02","22:57:00",6.5,"iButton_R1.csv",1
"2024-02-03","03:12:00",6.5,"iButton_R1.csv",1
"2024-02-03","07:27:00",6.5,"iButton_R1.csv",1
"2024-02-03","11:42:00",6.5,"iButton_R1.csv",1
"2024-02-03","15:57:00",6.5,"iButton_R1.csv",1
"2024-02-03","20:12:00",6.5,"iButton_R1.csv",1
"2024-02-04","00:27:00",6.5,"iButton_R1.csv",1
"2024-02-04","04:42:00",6.5,"iButton_R1.csv",1
"2024-02-04","08:57:00",6.5,"iButton_R1.csv",1
"2024-02-04","13:12:00",6.5,"iButton_R1.csv",1
"2024-02-04","17:27:00",6.5,"iButton_R1.csv",1
"2024-02-04","21:42:00",7,"iButton_R1.csv",1
"2024-02-05","01:57:00",6.5,"iButton_R1.csv",1
"2024-02-05","06:12:00",6.5,"iButton_R1.csv",1
"2024-02-05","10:27:00",6.5,"iButton_R1.csv",1
"2024-02-05","14:42:00",6.5,"iButton_R1.csv",1
"2024-02-05","18:57:00",6.5,"iButton_R1.csv",1
"2024-02-05","23:12:00",6.5,"iButton_R1.csv",1
"2024-02-06","03:27:00",6.5,"iButton_R1.csv",1
"2024-02-06","07:42:00",7,"iButton_R1.csv",1
"2024-02-06","11:57:00",6.5,"iButton_R1.csv",1
"2024-02-06","16:12:00",6.5,"iButton_R1.csv",1
"2024-02-06","20:27:00",6.5,"iButton_R1.csv",1
"2024-02-07","00:42:00",6.5,"iButton_R1.csv",1
"2024-02-07","04:57:00",7,"iButton_R1.csv",1
"2024-02-07","09:12:00",6.5,"iButton_R1.csv",1
"2024-02-07","13:27:00",6.5,"iButton_R1.csv",1
"2024-02-07","17:42:00",6.5,"iButton_R1.csv",1
"2024-02-07","21:57:00",6.5,"iButton_R1.csv",1
"2024-02-08","02:12:00",6.5,"iButton_R1.csv",1
"2024-02-08","06:27:00",6.5,"iButton_R1.csv",1
"2024-02-08","10:42:00",6.5,"iButton_R1.csv",1
"2024-02-08","14:57:00",6.5,"iButton_R1.csv",1
"2024-02-08","19:12:00",7,"iButton_R1.csv",1
"2024-02-08","23:27:00",6.5,"iButton_R1.csv",1
"2024-02-09","03:42:00",6.5,"iButton_R1.csv",1
"2024-02-09","07:57:00",6.5,"iButton_R1.csv",1
"2024-02-09","12:12:00",6.5,"iButton_R1.csv",1
"2024-02-09","16:27:00",6.5,"iButton_R1.csv",1
"2024-02-09","20:42:00",6.5,"iButton_R1.csv",1
"2024-02-10","00:57:00",6.5,"iButton_R1.csv",1
"2024-02-10","05:12:00",6.5,"iButton_R1.csv",1
"2024-02-10","09:27:00",6.5,"iButton_R1.csv",1
"2024-02-10","13:42:00",6.5,"iButton_R1.csv",1
"2024-02-10","17:57:00",6.5,"iButton_R1.csv",1
"2024-02-10","22:12:00",6.5,"iButton_R1.csv",1
"2024-02-11","02:27:00",6.5,"iButton_R1.csv",1
"2024-02-11","06:42:00",6.5,"iButton_R1.csv",1
"2024-02-11","10:57:00",6.5,"iButton_R1.csv",1
"2024-02-11","15:12:00",6.5,"iButton_R1.csv",1
"2024-02-11","19:27:00",6.5,"iButton_R1.csv",1
"2024-02-11","23:42:00",6.5,"iButton_R1.csv",1
"2024-02-12","03:57:00",6.5,"iButton_R1.csv",1
"2024-02-12","08:12:00",6.5,"iButton_R1.csv",1
"2024-02-12","12:27:00",6.5,"iButton_R1.csv",1
"2024-02-12","16:42:00",6.5,"iButton_R1.csv",1
"2024-02-12","20:57:00",6.5,"iButton_R1.csv",1
"2024-02-13","01:12:00",6.5,"iButton_R1.csv",1
"2024-02-13","05:27:00",6.5,"iButton_R1.csv",1
"2024-02-13","09:42:00",6.5,"iButton_R1.csv",1
"2024-02-13","13:57:00",6.5,"iButton_R1.csv",1
"2024-02-13","18:12:00",6.5,"iButton_R1.csv",1
"2024-02-13","22:27:00",6.5,"iButton_R1.csv",1
"2024-02-14","02:42:00",6.5,"iButton_R1.csv",1
"2024-02-14","06:57:00",6.5,"iButton_R1.csv",1
"2024-02-14","11:12:00",6.5,"iButton_R1.csv",1
"2024-02-14","15:27:00",6.5,"iButton_R1.csv",1
"2024-02-14","19:42:00",6.5,"iButton_R1.csv",1
"2024-02-14","23:57:00",6.5,"iButton_R1.csv",1
"2024-02-15","04:12:00",6.5,"iButton_R1.csv",1
"2024-02-15","08:27:00",6.5,"iButton_R1.csv",1
"2024-02-15","12:42:00",6.5,"iButton_R1.csv",1
"2024-02-15","16:57:00",6.5,"iButton_R1.csv",1
"2024-02-15","21:12:00",6.5,"iButton_R1.csv",1
"2024-02-16","01:27:00",6.5,"iButton_R1.csv",1
"2024-02-16","05:42:00",6.5,"iButton_R1.csv",1
"2024-02-16","09:57:00",6.5,"iButton_R1.csv",1
"2024-02-16","14:12:00",6.5,"iButton_R1.csv",1
"2024-02-16","18:27:00",6.5,"iButton_R1.csv",1
"2024-02-16","22:42:00",6.5,"iButton_R1.csv",1
"2024-02-17","02:57:00",6.5,"iButton_R1.csv",1
"2024-02-17","07:12:00",6.5,"iButton_R1.csv",1
"2024-02-17","11:27:00",6.5,"iButton_R1.csv",1
"2024-02-17","15:42:00",6.5,"iButton_R1.csv",1
"2024-02-17","19:57:00",6.5,"iButton_R1.csv",1
"2024-02-18","00:12:00",6.5,"iButton_R1.csv",1
"2024-02-18","04:27:00",6.5,"iButton_R1.csv",1
"2024-02-18","08:42:00",6.5,"iButton_R1.csv",1
"2024-02-18","12:57:00",6.5,"iButton_R1.csv",1
"2024-02-18","17:12:00",6.5,"iButton_R1.csv",1
"2024-02-18","21:27:00",6.5,"iButton_R1.csv",1
"2024-02-19","01:42:00",6.5,"iButton_R1.csv",1
"2024-02-19","05:57:00",6.5,"iButton_R1.csv",1
"2024-02-19","10:12:00",6.5,"iButton_R1.csv",1
"2024-02-19","14:27:00",6.5,"iButton_R1.csv",1
"2024-02-19","18:42:00",6.5,"iButton_R1.csv",1
"2024-02-19","22:57:00",6.5,"iButton_R1.csv",1
"2024-02-20","03:12:00",6.5,"iButton_R1.csv",1
"2024-02-20","07:27:00",6.5,"iButton_R1.csv",1
"2024-02-20","11:42:00",6.5,"iButton_R1.csv",1
"2024-02-20","15:57:00",6.5,"iButton_R1.csv",1
"2024-02-20","20:12:00",6.5,"iButton_R1.csv",1
"2024-02-21","00:27:00",6.5,"iButton_R1.csv",1
"2024-02-21","04:42:00",6.5,"iButton_R1.csv",1
"2024-02-21","08:57:00",6.5,"iButton_R1.csv",1
"2024-02-21","13:12:00",6.5,"iButton_R1.csv",1
"2024-02-21","17:27:00",6.5,"iButton_R1.csv",1
"2024-02-21","21:42:00",6.5,"iButton_R1.csv",1
"2024-02-22","01:57:00",6.5,"iButton_R1.csv",1
"2024-02-22","06:12:00",6.5,"iButton_R1.csv",1
"2024-02-22","10:27:00",6.5,"iButton_R1.csv",1
"2024-02-22","14:42:00",6.5,"iButton_R1.csv",1
"2024-02-22","18:57:00",6.5,"iButton_R1.csv",1
"2024-02-22","23:12:00",6.5,"iButton_R1.csv",1
"2024-02-23","03:27:00",6.5,"iButton_R1.csv",1
"2024-02-23","07:42:00",6.5,"iButton_R1.csv",1
"2024-02-23","11:57:00",6.5,"iButton_R1.csv",1
"2024-02-23","16:12:00",6.5,"iButton_R1.csv",1
"2024-02-23","20:27:00",6.5,"iButton_R1.csv",1
"2024-02-24","00:42:00",6.5,"iButton_R1.csv",1
"2024-02-24","04:57:00",6.5,"iButton_R1.csv",1
"2024-02-24","09:12:00",6.5,"iButton_R1.csv",1
"2024-02-24","13:27:00",6.5,"iButton_R1.csv",1
"2024-02-24","17:42:00",6.5,"iButton_R1.csv",1
"2024-02-24","21:57:00",6.5,"iButton_R1.csv",1
"2024-02-25","02:12:00",6.5,"iButton_R1.csv",1
"2024-02-25","06:27:00",6.5,"iButton_R1.csv",1
"2024-02-25","10:42:00",6.5,"iButton_R1.csv",1
"2024-02-25","14:57:00",6.5,"iButton_R1.csv",1
"2024-02-25","19:12:00",6.5,"iButton_R1.csv",1
"2024-02-25","23:27:00",6.5,"iButton_R1.csv",1
"2024-02-26","03:42:00",6.5,"iButton_R1.csv",1
"2024-02-26","07:57:00",6.5,"iButton_R1.csv",1
"2024-02-26","12:12:00",6.5,"iButton_R1.csv",1
"2024-02-26","16:27:00",6.5,"iButton_R1.csv",1
"2024-02-26","20:42:00",6.5,"iButton_R1.csv",1
"2024-02-27","00:57:00",6.5,"iButton_R1.csv",1
"2024-02-27","05:12:00",6.5,"iButton_R1.csv",1
"2024-02-27","09:27:00",6.5,"iButton_R1.csv",1
"2024-02-27","13:42:00",6.5,"iButton_R1.csv",1
"2024-02-27","17:57:00",6.5,"iButton_R1.csv",1
"2024-02-27","22:12:00",6.5,"iButton_R1.csv",1
"2024-02-28","02:27:00",6.5,"iButton_R1.csv",1
"2024-02-28","06:42:00",6.5,"iButton_R1.csv",1
"2024-02-28","10:57:00",6.5,"iButton_R1.csv",1
"2024-02-28","15:12:00",6.5,"iButton_R1.csv",1
"2024-02-28","19:27:00",6.5,"iButton_R1.csv",1
"2024-02-28","23:42:00",6.5,"iButton_R1.csv",1
"2024-02-29","03:57:00",6.5,"iButton_R1.csv",1
"2024-02-29","08:12:00",6.5,"iButton_R1.csv",1
"2024-02-29","12:27:00",6.5,"iButton_R1.csv",1
"2024-02-29","16:42:00",6.5,"iButton_R1.csv",1
"2024-02-29","20:57:00",6.5,"iButton_R1.csv",1
"2024-03-01","01:12:00",6.5,"iButton_R1.csv",1
"2024-03-01","05:27:00",6.5,"iButton_R1.csv",1
"2024-03-01","09:42:00",6.5,"iButton_R1.csv",1
"2024-03-01","13:57:00",6.5,"iButton_R1.csv",1
"2024-03-01","18:12:00",6.5,"iButton_R1.csv",1
"2024-03-01","22:27:00",6.5,"iButton_R1.csv",1
"2024-03-02","02:42:00",6.5,"iButton_R1.csv",1
"2024-03-02","06:57:00",6.5,"iButton_R1.csv",1
"2024-03-02","11:12:00",6.5,"iButton_R1.csv",1
"2024-03-02","15:27:00",6.5,"iButton_R1.csv",1
"2024-03-02","19:42:00",6.5,"iButton_R1.csv",1
"2024-03-02","23:57:00",6.5,"iButton_R1.csv",1
"2024-03-03","04:12:00",6.5,"iButton_R1.csv",1
"2024-03-03","08:27:00",6.5,"iButton_R1.csv",1
"2024-03-03","12:42:00",6.5,"iButton_R1.csv",1
"2024-03-03","16:57:00",6.5,"iButton_R1.csv",1
"2024-03-03","21:12:00",7,"iButton_R1.csv",1
"2024-03-04","01:27:00",6.5,"iButton_R1.csv",1
"2024-03-04","05:42:00",6.5,"iButton_R1.csv",1
"2024-03-04","09:57:00",7,"iButton_R1.csv",1
"2024-03-04","14:12:00",6.5,"iButton_R1.csv",1
"2024-03-04","18:27:00",6.5,"iButton_R1.csv",1
"2024-03-04","22:42:00",6.5,"iButton_R1.csv",1
"2024-03-05","02:57:00",6.5,"iButton_R1.csv",1
"2024-03-05","07:12:00",6.5,"iButton_R1.csv",1
"2024-03-05","11:27:00",6.5,"iButton_R1.csv",1
"2024-03-05","15:42:00",6.5,"iButton_R1.csv",1
"2024-03-05","19:57:00",6.5,"iButton_R1.csv",1
"2024-03-06","00:12:00",6.5,"iButton_R1.csv",1
"2024-03-06","04:27:00",6.5,"iButton_R1.csv",1
"2024-03-06","08:42:00",6.5,"iButton_R1.csv",1
"2024-03-06","12:57:00",6.5,"iButton_R1.csv",1
"2024-03-06","17:12:00",6.5,"iButton_R1.csv",1
"2024-03-06","21:27:00",6.5,"iButton_R1.csv",1
"2024-03-07","01:42:00",6.5,"iButton_R1.csv",1
"2024-03-07","05:57:00",6.5,"iButton_R1.csv",1
"2024-03-07","10:12:00",6.5,"iButton_R1.csv",1
"2024-03-07","14:27:00",6.5,"iButton_R1.csv",1
"2024-03-07","18:42:00",6.5,"iButton_R1.csv",1
"2024-03-07","22:57:00",6.5,"iButton_R1.csv",1
"2024-03-08","03:12:00",6.5,"iButton_R1.csv",1
"2024-03-08","07:27:00",6.5,"iButton_R1.csv",1
"2024-03-08","11:42:00",6.5,"iButton_R1.csv",1
"2024-03-08","15:57:00",6.5,"iButton_R1.csv",1
"2024-03-08","20:12:00",6.5,"iButton_R1.csv",1
"2024-03-09","00:27:00",6.5,"iButton_R1.csv",1
"2024-03-09","04:42:00",6.5,"iButton_R1.csv",1
"2024-03-09","08:57:00",6.5,"iButton_R1.csv",1
"2024-03-09","13:12:00",6.5,"iButton_R1.csv",1
"2024-03-09","17:27:00",6.5,"iButton_R1.csv",1
"2024-03-09","21:42:00",6.5,"iButton_R1.csv",1
"2024-03-10","01:57:00",6.5,"iButton_R1.csv",1
"2024-03-10","06:12:00",6.5,"iButton_R1.csv",1
"2024-03-10","10:27:00",6.5,"iButton_R1.csv",1
"2024-03-10","14:42:00",6.5,"iButton_R1.csv",1
"2024-03-10","18:57:00",6.5,"iButton_R1.csv",1
"2024-03-10","23:12:00",6.5,"iButton_R1.csv",1
"2024-03-11","03:27:00",6.5,"iButton_R1.csv",1
"2024-03-11","07:42:00",6.5,"iButton_R1.csv",1
"2024-03-11","11:57:00",6.5,"iButton_R1.csv",1
"2024-03-11","16:12:00",6.5,"iButton_R1.csv",1
"2024-03-11","20:27:00",6.5,"iButton_R1.csv",1
"2024-03-12","00:42:00",6.5,"iButton_R1.csv",1
"2024-03-12","04:57:00",6.5,"iButton_R1.csv",1
"2024-03-12","09:12:00",6.5,"iButton_R1.csv",1
"2024-03-12","13:27:00",6.5,"iButton_R1.csv",1
"2024-03-12","17:42:00",6.5,"iButton_R1.csv",1
"2024-03-12","21:57:00",6.5,"iButton_R1.csv",1
"2024-03-13","02:12:00",6.5,"iButton_R1.csv",1
"2024-03-13","06:27:00",6.5,"iButton_R1.csv",1
"2024-03-13","10:42:00",6.5,"iButton_R1.csv",1
"2024-03-13","14:57:00",6.5,"iButton_R1.csv",1
"2024-03-13","19:12:00",7,"iButton_R1.csv",1
"2024-03-13","23:27:00",7,"iButton_R1.csv",1
"2024-03-14","03:42:00",7,"iButton_R1.csv",1
"2024-03-14","07:57:00",6.5,"iButton_R1.csv",1
"2024-03-14","12:12:00",6.5,"iButton_R1.csv",1
"2024-03-14","16:27:00",7,"iButton_R1.csv",1
"2024-03-14","20:42:00",7,"iButton_R1.csv",1
"2024-03-15","00:57:00",7,"iButton_R1.csv",1
"2024-03-15","05:12:00",7,"iButton_R1.csv",1
"2024-03-15","09:27:00",7,"iButton_R1.csv",1
"2024-03-15","13:42:00",7,"iButton_R1.csv",1
"2024-03-15","17:57:00",7,"iButton_R1.csv",1
"2024-03-15","22:12:00",7,"iButton_R1.csv",1
"2024-03-16","02:27:00",7,"iButton_R1.csv",1
"2024-03-16","06:42:00",7,"iButton_R1.csv",1
"2024-03-16","10:57:00",7,"iButton_R1.csv",1
"2024-03-16","15:12:00",7,"iButton_R1.csv",1
"2024-03-16","19:27:00",7,"iButton_R1.csv",1
"2024-03-16","23:42:00",7,"iButton_R1.csv",1
"2024-03-17","03:57:00",7,"iButton_R1.csv",1
"2024-03-17","08:12:00",7,"iButton_R1.csv",1
"2024-03-17","12:27:00",7,"iButton_R1.csv",1
"2024-03-17","16:42:00",7,"iButton_R1.csv",1
"2024-03-17","20:57:00",7,"iButton_R1.csv",1
"2024-03-18","01:12:00",7,"iButton_R1.csv",1
"2024-03-18","05:27:00",7,"iButton_R1.csv",1
"2024-03-18","09:42:00",7,"iButton_R1.csv",1
"2024-03-18","13:57:00",7,"iButton_R1.csv",1
"2024-03-18","18:12:00",7,"iButton_R1.csv",1
"2024-03-18","22:27:00",7,"iButton_R1.csv",1
"2024-03-19","02:42:00",7,"iButton_R1.csv",1
"2024-03-19","06:57:00",7,"iButton_R1.csv",1
"2024-03-19","11:12:00",7,"iButton_R1.csv",1
"2024-03-19","15:27:00",7,"iButton_R1.csv",1
"2024-03-19","19:42:00",7,"iButton_R1.csv",1
"2024-03-19","23:57:00",7,"iButton_R1.csv",1
"2024-03-20","04:12:00",7,"iButton_R1.csv",1
"2024-03-20","08:27:00",7,"iButton_R1.csv",1
"2024-03-20","12:42:00",7,"iButton_R1.csv",1
"2024-03-20","16:57:00",7,"iButton_R1.csv",1
"2024-03-20","21:12:00",7,"iButton_R1.csv",1
"2024-03-21","01:27:00",7,"iButton_R1.csv",1
"2024-03-21","05:42:00",7,"iButton_R1.csv",1
"2024-03-21","09:57:00",7,"iButton_R1.csv",1
"2024-03-21","14:12:00",7,"iButton_R1.csv",1
"2024-03-21","18:27:00",7,"iButton_R1.csv",1
"2024-03-21","22:42:00",7,"iButton_R1.csv",1
"2024-03-22","02:57:00",7,"iButton_R1.csv",1
"2024-03-22","07:12:00",7,"iButton_R1.csv",1
"2024-03-22","11:27:00",7,"iButton_R1.csv",1
"2024-03-22","15:42:00",7,"iButton_R1.csv",1
"2024-03-22","19:57:00",7,"iButton_R1.csv",1
"2024-03-23","00:12:00",7,"iButton_R1.csv",1
"2024-03-23","04:27:00",7,"iButton_R1.csv",1
"2024-03-23","08:42:00",7,"iButton_R1.csv",1
"2024-03-23","12:57:00",7,"iButton_R1.csv",1
"2024-03-23","17:12:00",7,"iButton_R1.csv",1
"2024-03-23","21:27:00",7,"iButton_R1.csv",1
"2024-03-24","01:42:00",7,"iButton_R1.csv",1
"2024-03-24","05:57:00",7,"iButton_R1.csv",1
"2024-03-24","10:12:00",7,"iButton_R1.csv",1
"2024-03-24","14:27:00",7,"iButton_R1.csv",1
"2024-03-24","18:42:00",7,"iButton_R1.csv",1
"2024-03-24","22:57:00",7,"iButton_R1.csv",1
"2024-03-25","03:12:00",7,"iButton_R1.csv",1
"2024-03-25","07:27:00",7,"iButton_R1.csv",1
"2024-03-25","11:42:00",7,"iButton_R1.csv",1
"2024-03-25","15:57:00",7,"iButton_R1.csv",1
"2024-03-25","20:12:00",7,"iButton_R1.csv",1
"2024-03-26","00:27:00",7,"iButton_R1.csv",1
"2024-03-26","04:42:00",7,"iButton_R1.csv",1
"2024-03-26","08:57:00",7,"iButton_R1.csv",1
"2024-03-26","13:12:00",7,"iButton_R1.csv",1
"2024-03-26","17:27:00",7,"iButton_R1.csv",1
"2024-03-26","21:42:00",7,"iButton_R1.csv",1
"2024-03-27","01:57:00",7,"iButton_R1.csv",1
"2024-03-27","06:12:00",7,"iButton_R1.csv",1
"2024-03-27","10:27:00",7,"iButton_R1.csv",1
"2024-03-27","14:42:00",7,"iButton_R1.csv",1
"2024-03-27","18:57:00",7,"iButton_R1.csv",1
"2024-03-27","23:12:00",7,"iButton_R1.csv",1
"2024-03-28","03:27:00",7,"iButton_R1.csv",1
"2024-03-28","07:42:00",7,"iButton_R1.csv",1
"2024-03-28","11:57:00",7,"iButton_R1.csv",1
"2024-03-28","16:12:00",7,"iButton_R1.csv",1
"2024-03-28","20:27:00",7,"iButton_R1.csv",1
"2024-03-29","00:42:00",7,"iButton_R1.csv",1
"2024-03-29","04:57:00",7,"iButton_R1.csv",1
"2024-03-29","09:12:00",7,"iButton_R1.csv",1
"2024-03-29","13:27:00",7,"iButton_R1.csv",1
"2024-03-29","17:42:00",7,"iButton_R1.csv",1
"2023-11-03","22:32:00",10.5,"iButton_R10.csv",10
"2023-11-04","02:47:00",10.5,"iButton_R10.csv",10
"2023-11-04","07:02:00",10.5,"iButton_R10.csv",10
"2023-11-04","11:17:00",10.5,"iButton_R10.csv",10
"2023-11-04","15:32:00",10.5,"iButton_R10.csv",10
"2023-11-04","19:47:00",10.5,"iButton_R10.csv",10
"2023-11-05","00:02:00",10.5,"iButton_R10.csv",10
"2023-11-05","04:17:00",10.5,"iButton_R10.csv",10
"2023-11-05","08:32:00",10.5,"iButton_R10.csv",10
"2023-11-05","12:47:00",10.5,"iButton_R10.csv",10
"2023-11-05","17:02:00",10.5,"iButton_R10.csv",10
"2023-11-05","21:17:00",10.5,"iButton_R10.csv",10
"2023-11-06","01:32:00",10.5,"iButton_R10.csv",10
"2023-11-06","05:47:00",10.5,"iButton_R10.csv",10
"2023-11-06","10:02:00",10.5,"iButton_R10.csv",10
"2023-11-06","14:17:00",10.5,"iButton_R10.csv",10
"2023-11-06","18:32:00",10.5,"iButton_R10.csv",10
"2023-11-06","22:47:00",10.5,"iButton_R10.csv",10
"2023-11-07","03:02:00",10.5,"iButton_R10.csv",10
"2023-11-07","07:17:00",10.5,"iButton_R10.csv",10
"2023-11-07","11:32:00",10.5,"iButton_R10.csv",10
"2023-11-07","15:47:00",10.5,"iButton_R10.csv",10
"2023-11-07","20:02:00",10.5,"iButton_R10.csv",10
"2023-11-08","00:17:00",10.5,"iButton_R10.csv",10
"2023-11-08","04:32:00",10.5,"iButton_R10.csv",10
"2023-11-08","08:47:00",10.5,"iButton_R10.csv",10
"2023-11-08","13:02:00",10.5,"iButton_R10.csv",10
"2023-11-08","17:17:00",10.5,"iButton_R10.csv",10
"2023-11-08","21:32:00",10.5,"iButton_R10.csv",10
"2023-11-09","01:47:00",10.5,"iButton_R10.csv",10
"2023-11-09","06:02:00",10.5,"iButton_R10.csv",10
"2023-11-09","10:17:00",10.5,"iButton_R10.csv",10
"2023-11-09","14:32:00",10.5,"iButton_R10.csv",10
"2023-11-09","18:47:00",10.5,"iButton_R10.csv",10
"2023-11-09","23:02:00",10.5,"iButton_R10.csv",10
"2023-11-10","03:17:00",10.5,"iButton_R10.csv",10
"2023-11-10","07:32:00",10.5,"iButton_R10.csv",10
"2023-11-10","11:47:00",10.5,"iButton_R10.csv",10
"2023-11-10","16:02:00",10.5,"iButton_R10.csv",10
"2023-11-10","20:17:00",10.5,"iButton_R10.csv",10
"2023-11-11","00:32:00",10,"iButton_R10.csv",10
"2023-11-11","04:47:00",10,"iButton_R10.csv",10
"2023-11-11","09:02:00",10,"iButton_R10.csv",10
"2023-11-11","13:17:00",10,"iButton_R10.csv",10
"2023-11-11","17:32:00",10,"iButton_R10.csv",10
"2023-11-11","21:47:00",10,"iButton_R10.csv",10
"2023-11-12","02:02:00",10,"iButton_R10.csv",10
"2023-11-12","06:17:00",10,"iButton_R10.csv",10
"2023-11-12","10:32:00",10,"iButton_R10.csv",10
"2023-11-12","14:47:00",10,"iButton_R10.csv",10
"2023-11-12","19:02:00",10,"iButton_R10.csv",10
"2023-11-12","23:17:00",10,"iButton_R10.csv",10
"2023-11-13","03:32:00",10,"iButton_R10.csv",10
"2023-11-13","07:47:00",10,"iButton_R10.csv",10
"2023-11-13","12:02:00",10,"iButton_R10.csv",10
"2023-11-13","16:17:00",10,"iButton_R10.csv",10
"2023-11-13","20:32:00",10,"iButton_R10.csv",10
"2023-11-14","00:47:00",10,"iButton_R10.csv",10
"2023-11-14","05:02:00",10,"iButton_R10.csv",10
"2023-11-14","09:17:00",10,"iButton_R10.csv",10
"2023-11-14","13:32:00",10,"iButton_R10.csv",10
"2023-11-14","17:47:00",10,"iButton_R10.csv",10
"2023-11-14","22:02:00",10,"iButton_R10.csv",10
"2023-11-15","02:17:00",10,"iButton_R10.csv",10
"2023-11-15","06:32:00",10,"iButton_R10.csv",10
"2023-11-15","10:47:00",10,"iButton_R10.csv",10
"2023-11-15","15:02:00",10,"iButton_R10.csv",10
"2023-11-15","19:17:00",10,"iButton_R10.csv",10
"2023-11-15","23:32:00",10,"iButton_R10.csv",10
"2023-11-16","03:47:00",10,"iButton_R10.csv",10
"2023-11-16","08:02:00",10,"iButton_R10.csv",10
"2023-11-16","12:17:00",10,"iButton_R10.csv",10
"2023-11-16","16:32:00",10,"iButton_R10.csv",10
"2023-11-16","20:47:00",10,"iButton_R10.csv",10
"2023-11-17","01:02:00",10,"iButton_R10.csv",10
"2023-11-17","05:17:00",9.5,"iButton_R10.csv",10
"2023-11-17","09:32:00",9.5,"iButton_R10.csv",10
"2023-11-17","13:47:00",10,"iButton_R10.csv",10
"2023-11-17","18:02:00",9.5,"iButton_R10.csv",10
"2023-11-17","22:17:00",9.5,"iButton_R10.csv",10
"2023-11-18","02:32:00",9.5,"iButton_R10.csv",10
"2023-11-18","06:47:00",9.5,"iButton_R10.csv",10
"2023-11-18","11:02:00",9.5,"iButton_R10.csv",10
"2023-11-18","15:17:00",9.5,"iButton_R10.csv",10
"2023-11-18","19:32:00",9.5,"iButton_R10.csv",10
"2023-11-18","23:47:00",9.5,"iButton_R10.csv",10
"2023-11-19","04:02:00",9.5,"iButton_R10.csv",10
"2023-11-19","08:17:00",9.5,"iButton_R10.csv",10
"2023-11-19","12:32:00",9.5,"iButton_R10.csv",10
"2023-11-19","16:47:00",9.5,"iButton_R10.csv",10
"2023-11-19","21:02:00",9.5,"iButton_R10.csv",10
"2023-11-20","01:17:00",9.5,"iButton_R10.csv",10
"2023-11-20","05:32:00",9.5,"iButton_R10.csv",10
"2023-11-20","09:47:00",9.5,"iButton_R10.csv",10
"2023-11-20","14:02:00",9.5,"iButton_R10.csv",10
"2023-11-20","18:17:00",9.5,"iButton_R10.csv",10
"2023-11-20","22:32:00",9.5,"iButton_R10.csv",10
"2023-11-21","02:47:00",9.5,"iButton_R10.csv",10
"2023-11-21","07:02:00",9.5,"iButton_R10.csv",10
"2023-11-21","11:17:00",9.5,"iButton_R10.csv",10
"2023-11-21","15:32:00",9.5,"iButton_R10.csv",10
"2023-11-21","19:47:00",9.5,"iButton_R10.csv",10
"2023-11-22","00:02:00",9,"iButton_R10.csv",10
"2023-11-22","04:17:00",9,"iButton_R10.csv",10
"2023-11-22","08:32:00",9,"iButton_R10.csv",10
"2023-11-22","12:47:00",9,"iButton_R10.csv",10
"2023-11-22","17:02:00",9,"iButton_R10.csv",10
"2023-11-22","21:17:00",9,"iButton_R10.csv",10
"2023-11-23","01:32:00",9,"iButton_R10.csv",10
"2023-11-23","05:47:00",9,"iButton_R10.csv",10
"2023-11-23","10:02:00",9,"iButton_R10.csv",10
"2023-11-23","14:17:00",9,"iButton_R10.csv",10
"2023-11-23","18:32:00",9,"iButton_R10.csv",10
"2023-11-23","22:47:00",9,"iButton_R10.csv",10
"2023-11-24","03:02:00",9,"iButton_R10.csv",10
"2023-11-24","07:17:00",9,"iButton_R10.csv",10
"2023-11-24","11:32:00",9,"iButton_R10.csv",10
"2023-11-24","15:47:00",9,"iButton_R10.csv",10
"2023-11-24","20:02:00",8.5,"iButton_R10.csv",10
"2023-11-25","00:17:00",8.5,"iButton_R10.csv",10
"2023-11-25","04:32:00",8.5,"iButton_R10.csv",10
"2023-11-25","08:47:00",8.5,"iButton_R10.csv",10
"2023-11-25","13:02:00",8.5,"iButton_R10.csv",10
"2023-11-25","17:17:00",8.5,"iButton_R10.csv",10
"2023-11-25","21:32:00",8.5,"iButton_R10.csv",10
"2023-11-26","01:47:00",8.5,"iButton_R10.csv",10
"2023-11-26","06:02:00",8.5,"iButton_R10.csv",10
"2023-11-26","10:17:00",8.5,"iButton_R10.csv",10
"2023-11-26","14:32:00",8.5,"iButton_R10.csv",10
"2023-11-26","18:47:00",8.5,"iButton_R10.csv",10
"2023-11-26","23:02:00",8,"iButton_R10.csv",10
"2023-11-27","03:17:00",8,"iButton_R10.csv",10
"2023-11-27","07:32:00",8,"iButton_R10.csv",10
"2023-11-27","11:47:00",8,"iButton_R10.csv",10
"2023-11-27","16:02:00",8,"iButton_R10.csv",10
"2023-11-27","20:17:00",8,"iButton_R10.csv",10
"2023-11-28","00:32:00",8,"iButton_R10.csv",10
"2023-11-28","04:47:00",8,"iButton_R10.csv",10
"2023-11-28","09:02:00",8,"iButton_R10.csv",10
"2023-11-28","13:17:00",8,"iButton_R10.csv",10
"2023-11-28","17:32:00",8,"iButton_R10.csv",10
"2023-11-28","21:47:00",7.5,"iButton_R10.csv",10
"2023-11-29","02:02:00",7.5,"iButton_R10.csv",10
"2023-11-29","06:17:00",7.5,"iButton_R10.csv",10
"2023-11-29","10:32:00",7.5,"iButton_R10.csv",10
"2023-11-29","14:47:00",7.5,"iButton_R10.csv",10
"2023-11-29","19:02:00",7.5,"iButton_R10.csv",10
"2023-11-29","23:17:00",7.5,"iButton_R10.csv",10
"2023-11-30","03:32:00",7.5,"iButton_R10.csv",10
"2023-11-30","07:47:00",7.5,"iButton_R10.csv",10
"2023-11-30","12:02:00",7.5,"iButton_R10.csv",10
"2023-11-30","16:17:00",7.5,"iButton_R10.csv",10
"2023-11-30","20:32:00",7,"iButton_R10.csv",10
"2023-12-01","00:47:00",7,"iButton_R10.csv",10
"2023-12-01","05:02:00",7,"iButton_R10.csv",10
"2023-12-01","09:17:00",7,"iButton_R10.csv",10
"2023-12-01","13:32:00",7,"iButton_R10.csv",10
"2023-12-01","17:47:00",7,"iButton_R10.csv",10
"2023-12-01","22:02:00",7,"iButton_R10.csv",10
"2023-12-02","02:17:00",7,"iButton_R10.csv",10
"2023-12-02","06:32:00",7,"iButton_R10.csv",10
"2023-12-02","10:47:00",7,"iButton_R10.csv",10
"2023-12-02","15:02:00",7,"iButton_R10.csv",10
"2023-12-02","19:17:00",6.5,"iButton_R10.csv",10
"2023-12-02","23:32:00",6.5,"iButton_R10.csv",10
"2023-12-03","03:47:00",6.5,"iButton_R10.csv",10
"2023-12-03","08:02:00",6.5,"iButton_R10.csv",10
"2023-12-03","12:17:00",6.5,"iButton_R10.csv",10
"2023-12-03","16:32:00",6.5,"iButton_R10.csv",10
"2023-12-03","20:47:00",6.5,"iButton_R10.csv",10
"2023-12-04","01:02:00",6.5,"iButton_R10.csv",10
"2023-12-04","05:17:00",6.5,"iButton_R10.csv",10
"2023-12-04","09:32:00",6.5,"iButton_R10.csv",10
"2023-12-04","13:47:00",6.5,"iButton_R10.csv",10
"2023-12-04","18:02:00",6.5,"iButton_R10.csv",10
"2023-12-04","22:17:00",6.5,"iButton_R10.csv",10
"2023-12-05","02:32:00",6.5,"iButton_R10.csv",10
"2023-12-05","06:47:00",6.5,"iButton_R10.csv",10
"2023-12-05","11:02:00",6.5,"iButton_R10.csv",10
"2023-12-05","15:17:00",6.5,"iButton_R10.csv",10
"2023-12-05","19:32:00",6.5,"iButton_R10.csv",10
"2023-12-05","23:47:00",6.5,"iButton_R10.csv",10
"2023-12-06","04:02:00",6.5,"iButton_R10.csv",10
"2023-12-06","08:17:00",6.5,"iButton_R10.csv",10
"2023-12-06","12:32:00",6.5,"iButton_R10.csv",10
"2023-12-06","16:47:00",6.5,"iButton_R10.csv",10
"2023-12-06","21:02:00",6.5,"iButton_R10.csv",10
"2023-12-07","01:17:00",6,"iButton_R10.csv",10
"2023-12-07","05:32:00",6,"iButton_R10.csv",10
"2023-12-07","09:47:00",6,"iButton_R10.csv",10
"2023-12-07","14:02:00",6,"iButton_R10.csv",10
"2023-12-07","18:17:00",6,"iButton_R10.csv",10
"2023-12-07","22:32:00",6,"iButton_R10.csv",10
"2023-12-08","02:47:00",6,"iButton_R10.csv",10
"2023-12-08","07:02:00",6,"iButton_R10.csv",10
"2023-12-08","11:17:00",6,"iButton_R10.csv",10
"2023-12-08","15:32:00",6,"iButton_R10.csv",10
"2023-12-08","19:47:00",6,"iButton_R10.csv",10
"2023-12-09","00:02:00",6,"iButton_R10.csv",10
"2023-12-09","04:17:00",6,"iButton_R10.csv",10
"2023-12-09","08:32:00",6,"iButton_R10.csv",10
"2023-12-09","12:47:00",6,"iButton_R10.csv",10
"2023-12-09","17:02:00",6,"iButton_R10.csv",10
"2023-12-09","21:17:00",6,"iButton_R10.csv",10
"2023-12-10","01:32:00",6,"iButton_R10.csv",10
"2023-12-10","05:47:00",6,"iButton_R10.csv",10
"2023-12-10","10:02:00",6,"iButton_R10.csv",10
"2023-12-10","14:17:00",6,"iButton_R10.csv",10
"2023-12-10","18:32:00",6,"iButton_R10.csv",10
"2023-12-10","22:47:00",6,"iButton_R10.csv",10
"2023-12-11","03:02:00",6,"iButton_R10.csv",10
"2023-12-11","07:17:00",6,"iButton_R10.csv",10
"2023-12-11","11:32:00",6,"iButton_R10.csv",10
"2023-12-11","15:47:00",6,"iButton_R10.csv",10
"2023-12-11","20:02:00",6,"iButton_R10.csv",10
"2023-12-12","00:17:00",6,"iButton_R10.csv",10
"2023-12-12","04:32:00",6,"iButton_R10.csv",10
"2023-12-12","08:47:00",6,"iButton_R10.csv",10
"2023-12-12","13:02:00",6,"iButton_R10.csv",10
"2023-12-12","17:17:00",6,"iButton_R10.csv",10
"2023-12-12","21:32:00",6,"iButton_R10.csv",10
"2023-12-13","01:47:00",6,"iButton_R10.csv",10
"2023-12-13","06:02:00",6,"iButton_R10.csv",10
"2023-12-13","10:17:00",6,"iButton_R10.csv",10
"2023-12-13","14:32:00",6,"iButton_R10.csv",10
"2023-12-13","18:47:00",6,"iButton_R10.csv",10
"2023-12-13","23:02:00",6,"iButton_R10.csv",10
"2023-12-14","03:17:00",6,"iButton_R10.csv",10
"2023-12-14","07:32:00",6,"iButton_R10.csv",10
"2023-12-14","11:47:00",6,"iButton_R10.csv",10
"2023-12-14","16:02:00",6,"iButton_R10.csv",10
"2023-12-14","20:17:00",6,"iButton_R10.csv",10
"2023-12-15","00:32:00",6,"iButton_R10.csv",10
"2023-12-15","04:47:00",6,"iButton_R10.csv",10
"2023-12-15","09:02:00",6,"iButton_R10.csv",10
"2023-12-15","13:17:00",6,"iButton_R10.csv",10
"2023-12-15","17:32:00",6,"iButton_R10.csv",10
"2023-12-15","21:47:00",6,"iButton_R10.csv",10
"2023-12-16","02:02:00",6,"iButton_R10.csv",10
"2023-12-16","06:17:00",6,"iButton_R10.csv",10
"2023-12-16","10:32:00",6,"iButton_R10.csv",10
"2023-12-16","14:47:00",6,"iButton_R10.csv",10
"2023-12-16","19:02:00",6,"iButton_R10.csv",10
"2023-12-16","23:17:00",6,"iButton_R10.csv",10
"2023-12-17","03:32:00",6,"iButton_R10.csv",10
"2023-12-17","07:47:00",6,"iButton_R10.csv",10
"2023-12-17","12:02:00",6,"iButton_R10.csv",10
"2023-12-17","16:17:00",6,"iButton_R10.csv",10
"2023-12-17","20:32:00",6,"iButton_R10.csv",10
"2023-12-18","00:47:00",6,"iButton_R10.csv",10
"2023-12-18","05:02:00",6,"iButton_R10.csv",10
"2023-12-18","09:17:00",6,"iButton_R10.csv",10
"2023-12-18","13:32:00",6.5,"iButton_R10.csv",10
"2023-12-18","17:47:00",6.5,"iButton_R10.csv",10
"2023-12-18","22:02:00",6.5,"iButton_R10.csv",10
"2023-12-19","02:17:00",6.5,"iButton_R10.csv",10
"2023-12-19","06:32:00",6.5,"iButton_R10.csv",10
"2023-12-19","10:47:00",6.5,"iButton_R10.csv",10
"2023-12-19","15:02:00",6.5,"iButton_R10.csv",10
"2023-12-19","19:17:00",6.5,"iButton_R10.csv",10
"2023-12-19","23:32:00",6.5,"iButton_R10.csv",10
"2023-12-20","03:47:00",6.5,"iButton_R10.csv",10
"2023-12-20","08:02:00",6.5,"iButton_R10.csv",10
"2023-12-20","12:17:00",6.5,"iButton_R10.csv",10
"2023-12-20","16:32:00",6.5,"iButton_R10.csv",10
"2023-12-20","20:47:00",6.5,"iButton_R10.csv",10
"2023-12-21","01:02:00",6.5,"iButton_R10.csv",10
"2023-12-21","05:17:00",6.5,"iButton_R10.csv",10
"2023-12-21","09:32:00",6.5,"iButton_R10.csv",10
"2023-12-21","13:47:00",6.5,"iButton_R10.csv",10
"2023-12-21","18:02:00",6.5,"iButton_R10.csv",10
"2023-12-21","22:17:00",6.5,"iButton_R10.csv",10
"2023-12-22","02:32:00",6.5,"iButton_R10.csv",10
"2023-12-22","06:47:00",6.5,"iButton_R10.csv",10
"2023-12-22","11:02:00",6.5,"iButton_R10.csv",10
"2023-12-22","15:17:00",6.5,"iButton_R10.csv",10
"2023-12-22","19:32:00",6.5,"iButton_R10.csv",10
"2023-12-22","23:47:00",6.5,"iButton_R10.csv",10
"2023-12-23","04:02:00",6.5,"iButton_R10.csv",10
"2023-12-23","08:17:00",6.5,"iButton_R10.csv",10
"2023-12-23","12:32:00",6.5,"iButton_R10.csv",10
"2023-12-23","16:47:00",6.5,"iButton_R10.csv",10
"2023-12-23","21:02:00",6.5,"iButton_R10.csv",10
"2023-12-24","01:17:00",6.5,"iButton_R10.csv",10
"2023-12-24","05:32:00",6.5,"iButton_R10.csv",10
"2023-12-24","09:47:00",6.5,"iButton_R10.csv",10
"2023-12-24","14:02:00",6,"iButton_R10.csv",10
"2023-12-24","18:17:00",6.5,"iButton_R10.csv",10
"2023-12-24","22:32:00",6.5,"iButton_R10.csv",10
"2023-12-25","02:47:00",6.5,"iButton_R10.csv",10
"2023-12-25","07:02:00",6.5,"iButton_R10.csv",10
"2023-12-25","11:17:00",6.5,"iButton_R10.csv",10
"2023-12-25","15:32:00",6.5,"iButton_R10.csv",10
"2023-12-25","19:47:00",6.5,"iButton_R10.csv",10
"2023-12-26","00:02:00",6.5,"iButton_R10.csv",10
"2023-12-26","04:17:00",6.5,"iButton_R10.csv",10
"2023-12-26","08:32:00",6.5,"iButton_R10.csv",10
"2023-12-26","12:47:00",6.5,"iButton_R10.csv",10
"2023-12-26","17:02:00",6.5,"iButton_R10.csv",10
"2023-12-26","21:17:00",6.5,"iButton_R10.csv",10
"2023-12-27","01:32:00",6.5,"iButton_R10.csv",10
"2023-12-27","05:47:00",6.5,"iButton_R10.csv",10
"2023-12-27","10:02:00",6.5,"iButton_R10.csv",10
"2023-12-27","14:17:00",6.5,"iButton_R10.csv",10
"2023-12-27","18:32:00",6.5,"iButton_R10.csv",10
"2023-12-27","22:47:00",6.5,"iButton_R10.csv",10
"2023-12-28","03:02:00",6.5,"iButton_R10.csv",10
"2023-12-28","07:17:00",6.5,"iButton_R10.csv",10
"2023-12-28","11:32:00",6.5,"iButton_R10.csv",10
"2023-12-28","15:47:00",6.5,"iButton_R10.csv",10
"2023-12-28","20:02:00",6.5,"iButton_R10.csv",10
"2023-12-29","00:17:00",6.5,"iButton_R10.csv",10
"2023-12-29","04:32:00",6.5,"iButton_R10.csv",10
"2023-12-29","08:47:00",6.5,"iButton_R10.csv",10
"2023-12-29","13:02:00",6.5,"iButton_R10.csv",10
"2023-12-29","17:17:00",6.5,"iButton_R10.csv",10
"2023-12-29","21:32:00",6.5,"iButton_R10.csv",10
"2023-12-30","01:47:00",6.5,"iButton_R10.csv",10
"2023-12-30","06:02:00",6.5,"iButton_R10.csv",10
"2023-12-30","10:17:00",6.5,"iButton_R10.csv",10
"2023-12-30","14:32:00",6.5,"iButton_R10.csv",10
"2023-12-30","18:47:00",6.5,"iButton_R10.csv",10
"2023-12-30","23:02:00",6.5,"iButton_R10.csv",10
"2023-12-31","03:17:00",6.5,"iButton_R10.csv",10
"2023-12-31","07:32:00",6.5,"iButton_R10.csv",10
"2023-12-31","11:47:00",6.5,"iButton_R10.csv",10
"2023-12-31","16:02:00",6.5,"iButton_R10.csv",10
"2023-12-31","20:17:00",6.5,"iButton_R10.csv",10
"2024-01-01","00:32:00",6.5,"iButton_R10.csv",10
"2024-01-01","04:47:00",6.5,"iButton_R10.csv",10
"2024-01-01","09:02:00",6.5,"iButton_R10.csv",10
"2024-01-01","13:17:00",6.5,"iButton_R10.csv",10
"2024-01-01","17:32:00",6.5,"iButton_R10.csv",10
"2024-01-01","21:47:00",6.5,"iButton_R10.csv",10
"2024-01-02","02:02:00",6.5,"iButton_R10.csv",10
"2024-01-02","06:17:00",6.5,"iButton_R10.csv",10
"2024-01-02","10:32:00",6.5,"iButton_R10.csv",10
"2024-01-02","14:47:00",6.5,"iButton_R10.csv",10
"2024-01-02","19:02:00",6.5,"iButton_R10.csv",10
"2024-01-02","23:17:00",6.5,"iButton_R10.csv",10
"2024-01-03","03:32:00",6.5,"iButton_R10.csv",10
"2024-01-03","07:47:00",6.5,"iButton_R10.csv",10
"2024-01-03","12:02:00",6.5,"iButton_R10.csv",10
"2024-01-03","16:17:00",6.5,"iButton_R10.csv",10
"2024-01-03","20:32:00",6.5,"iButton_R10.csv",10
"2024-01-04","00:47:00",6.5,"iButton_R10.csv",10
"2024-01-04","05:02:00",6.5,"iButton_R10.csv",10
"2024-01-04","09:17:00",6.5,"iButton_R10.csv",10
"2024-01-04","13:32:00",6.5,"iButton_R10.csv",10
"2024-01-04","17:47:00",6.5,"iButton_R10.csv",10
"2024-01-04","22:02:00",6.5,"iButton_R10.csv",10
"2024-01-05","02:17:00",6.5,"iButton_R10.csv",10
"2024-01-05","06:32:00",6.5,"iButton_R10.csv",10
"2024-01-05","10:47:00",6.5,"iButton_R10.csv",10
"2024-01-05","15:02:00",6.5,"iButton_R10.csv",10
"2024-01-05","19:17:00",6.5,"iButton_R10.csv",10
"2024-01-05","23:32:00",6.5,"iButton_R10.csv",10
"2024-01-06","03:47:00",6.5,"iButton_R10.csv",10
"2024-01-06","08:02:00",6.5,"iButton_R10.csv",10
"2024-01-06","12:17:00",6.5,"iButton_R10.csv",10
"2024-01-06","16:32:00",6.5,"iButton_R10.csv",10
"2024-01-06","20:47:00",6.5,"iButton_R10.csv",10
"2024-01-07","01:02:00",6,"iButton_R10.csv",10
"2024-01-07","05:17:00",6,"iButton_R10.csv",10
"2024-01-07","09:32:00",6,"iButton_R10.csv",10
"2024-01-07","13:47:00",6,"iButton_R10.csv",10
"2024-01-07","18:02:00",6,"iButton_R10.csv",10
"2024-01-07","22:17:00",6,"iButton_R10.csv",10
"2024-01-08","02:32:00",6,"iButton_R10.csv",10
"2024-01-08","06:47:00",6,"iButton_R10.csv",10
"2024-01-08","11:02:00",6,"iButton_R10.csv",10
"2024-01-08","15:17:00",6,"iButton_R10.csv",10
"2024-01-08","19:32:00",6,"iButton_R10.csv",10
"2024-01-08","23:47:00",6,"iButton_R10.csv",10
"2024-01-09","04:02:00",6,"iButton_R10.csv",10
"2024-01-09","08:17:00",6,"iButton_R10.csv",10
"2024-01-09","12:32:00",5.5,"iButton_R10.csv",10
"2024-01-09","16:47:00",5.5,"iButton_R10.csv",10
"2024-01-09","21:02:00",5.5,"iButton_R10.csv",10
"2024-01-10","01:17:00",5.5,"iButton_R10.csv",10
"2024-01-10","05:32:00",5.5,"iButton_R10.csv",10
"2024-01-10","09:47:00",5.5,"iButton_R10.csv",10
"2024-01-10","14:02:00",5.5,"iButton_R10.csv",10
"2024-01-10","18:17:00",5.5,"iButton_R10.csv",10
"2024-01-10","22:32:00",5.5,"iButton_R10.csv",10
"2024-01-11","02:47:00",5.5,"iButton_R10.csv",10
"2024-01-11","07:02:00",5.5,"iButton_R10.csv",10
"2024-01-11","11:17:00",5.5,"iButton_R10.csv",10
"2024-01-11","15:32:00",5.5,"iButton_R10.csv",10
"2024-01-11","19:47:00",5.5,"iButton_R10.csv",10
"2024-01-12","00:02:00",5.5,"iButton_R10.csv",10
"2024-01-12","04:17:00",5.5,"iButton_R10.csv",10
"2024-01-12","08:32:00",5.5,"iButton_R10.csv",10
"2024-01-12","12:47:00",5.5,"iButton_R10.csv",10
"2024-01-12","17:02:00",5,"iButton_R10.csv",10
"2024-01-12","21:17:00",5,"iButton_R10.csv",10
"2024-01-13","01:32:00",5,"iButton_R10.csv",10
"2024-01-13","05:47:00",5,"iButton_R10.csv",10
"2024-01-13","10:02:00",5,"iButton_R10.csv",10
"2024-01-13","14:17:00",5,"iButton_R10.csv",10
"2024-01-13","18:32:00",5,"iButton_R10.csv",10
"2024-01-13","22:47:00",5,"iButton_R10.csv",10
"2024-01-14","03:02:00",5,"iButton_R10.csv",10
"2024-01-14","07:17:00",5,"iButton_R10.csv",10
"2024-01-14","11:32:00",5,"iButton_R10.csv",10
"2024-01-14","15:47:00",5,"iButton_R10.csv",10
"2024-01-14","20:02:00",5,"iButton_R10.csv",10
"2024-01-15","00:17:00",5,"iButton_R10.csv",10
"2024-01-15","04:32:00",5,"iButton_R10.csv",10
"2024-01-15","08:47:00",5,"iButton_R10.csv",10
"2024-01-15","13:02:00",5,"iButton_R10.csv",10
"2024-01-15","17:17:00",5,"iButton_R10.csv",10
"2024-01-15","21:32:00",5,"iButton_R10.csv",10
"2024-01-16","01:47:00",5,"iButton_R10.csv",10
"2024-01-16","06:02:00",5,"iButton_R10.csv",10
"2024-01-16","10:17:00",5,"iButton_R10.csv",10
"2024-01-16","14:32:00",5,"iButton_R10.csv",10
"2024-01-16","18:47:00",5,"iButton_R10.csv",10
"2024-01-16","23:02:00",5,"iButton_R10.csv",10
"2024-01-17","03:17:00",5,"iButton_R10.csv",10
"2024-01-17","07:32:00",5,"iButton_R10.csv",10
"2024-01-17","11:47:00",5,"iButton_R10.csv",10
"2024-01-17","16:02:00",5,"iButton_R10.csv",10
"2024-01-17","20:17:00",5,"iButton_R10.csv",10
"2024-01-18","00:32:00",5,"iButton_R10.csv",10
"2024-01-18","04:47:00",5,"iButton_R10.csv",10
"2024-01-18","09:02:00",5,"iButton_R10.csv",10
"2024-01-18","13:17:00",4.5,"iButton_R10.csv",10
"2024-01-18","17:32:00",4.5,"iButton_R10.csv",10
"2024-01-18","21:47:00",4.5,"iButton_R10.csv",10
"2024-01-19","02:02:00",4.5,"iButton_R10.csv",10
"2024-01-19","06:17:00",4.5,"iButton_R10.csv",10
"2024-01-19","10:32:00",4.5,"iButton_R10.csv",10
"2024-01-19","14:47:00",4.5,"iButton_R10.csv",10
"2024-01-19","19:02:00",4.5,"iButton_R10.csv",10
"2024-01-19","23:17:00",4.5,"iButton_R10.csv",10
"2024-01-20","03:32:00",4.5,"iButton_R10.csv",10
"2024-01-20","07:47:00",4.5,"iButton_R10.csv",10
"2024-01-20","12:02:00",4.5,"iButton_R10.csv",10
"2024-01-20","16:17:00",4.5,"iButton_R10.csv",10
"2024-01-20","20:32:00",4.5,"iButton_R10.csv",10
"2024-01-21","00:47:00",4.5,"iButton_R10.csv",10
"2024-01-21","05:02:00",4.5,"iButton_R10.csv",10
"2024-01-21","09:17:00",4.5,"iButton_R10.csv",10
"2024-01-21","13:32:00",4.5,"iButton_R10.csv",10
"2024-01-21","17:47:00",4.5,"iButton_R10.csv",10
"2024-01-21","22:02:00",4.5,"iButton_R10.csv",10
"2024-01-22","02:17:00",4.5,"iButton_R10.csv",10
"2024-01-22","06:32:00",4.5,"iButton_R10.csv",10
"2024-01-22","10:47:00",4.5,"iButton_R10.csv",10
"2024-01-22","15:02:00",4.5,"iButton_R10.csv",10
"2024-01-22","19:17:00",4.5,"iButton_R10.csv",10
"2024-01-22","23:32:00",4.5,"iButton_R10.csv",10
"2024-01-23","03:47:00",4.5,"iButton_R10.csv",10
"2024-01-23","08:02:00",4.5,"iButton_R10.csv",10
"2024-01-23","12:17:00",4.5,"iButton_R10.csv",10
"2024-01-23","16:32:00",4.5,"iButton_R10.csv",10
"2024-01-23","20:47:00",4.5,"iButton_R10.csv",10
"2024-01-24","01:02:00",4.5,"iButton_R10.csv",10
"2024-01-24","05:17:00",4.5,"iButton_R10.csv",10
"2024-01-24","09:32:00",4.5,"iButton_R10.csv",10
"2024-01-24","13:47:00",4.5,"iButton_R10.csv",10
"2024-01-24","18:02:00",4.5,"iButton_R10.csv",10
"2024-01-24","22:17:00",4.5,"iButton_R10.csv",10
"2024-01-25","02:32:00",4.5,"iButton_R10.csv",10
"2024-01-25","06:47:00",5,"iButton_R10.csv",10
"2024-01-25","11:02:00",5,"iButton_R10.csv",10
"2024-01-25","15:17:00",5,"iButton_R10.csv",10
"2024-01-25","19:32:00",5,"iButton_R10.csv",10
"2024-01-25","23:47:00",5,"iButton_R10.csv",10
"2024-01-26","04:02:00",5,"iButton_R10.csv",10
"2024-01-26","08:17:00",5,"iButton_R10.csv",10
"2024-01-26","12:32:00",5,"iButton_R10.csv",10
"2024-01-26","16:47:00",5,"iButton_R10.csv",10
"2024-01-26","21:02:00",5,"iButton_R10.csv",10
"2024-01-27","01:17:00",5,"iButton_R10.csv",10
"2024-01-27","05:32:00",5,"iButton_R10.csv",10
"2024-01-27","09:47:00",5,"iButton_R10.csv",10
"2024-01-27","14:02:00",5,"iButton_R10.csv",10
"2024-01-27","18:17:00",5,"iButton_R10.csv",10
"2024-01-27","22:32:00",5,"iButton_R10.csv",10
"2024-01-28","02:47:00",5,"iButton_R10.csv",10
"2024-01-28","07:02:00",5,"iButton_R10.csv",10
"2024-01-28","11:17:00",5,"iButton_R10.csv",10
"2024-01-28","15:32:00",5,"iButton_R10.csv",10
"2024-01-28","19:47:00",5,"iButton_R10.csv",10
"2024-01-29","00:02:00",5,"iButton_R10.csv",10
"2024-01-29","04:17:00",5,"iButton_R10.csv",10
"2024-01-29","08:32:00",5,"iButton_R10.csv",10
"2024-01-29","12:47:00",5,"iButton_R10.csv",10
"2024-01-29","17:02:00",5,"iButton_R10.csv",10
"2024-01-29","21:17:00",5,"iButton_R10.csv",10
"2024-01-30","01:32:00",5,"iButton_R10.csv",10
"2024-01-30","05:47:00",5,"iButton_R10.csv",10
"2024-01-30","10:02:00",5,"iButton_R10.csv",10
"2024-01-30","14:17:00",5,"iButton_R10.csv",10
"2024-01-30","18:32:00",5,"iButton_R10.csv",10
"2024-01-30","22:47:00",5,"iButton_R10.csv",10
"2024-01-31","03:02:00",5,"iButton_R10.csv",10
"2024-01-31","07:17:00",5,"iButton_R10.csv",10
"2024-01-31","11:32:00",5,"iButton_R10.csv",10
"2024-01-31","15:47:00",5,"iButton_R10.csv",10
"2024-01-31","20:02:00",5,"iButton_R10.csv",10
"2024-02-01","00:17:00",5,"iButton_R10.csv",10
"2024-02-01","04:32:00",5,"iButton_R10.csv",10
"2024-02-01","08:47:00",5,"iButton_R10.csv",10
"2024-02-01","13:02:00",5,"iButton_R10.csv",10
"2024-02-01","17:17:00",5,"iButton_R10.csv",10
"2024-02-01","21:32:00",5,"iButton_R10.csv",10
"2024-02-02","01:47:00",5,"iButton_R10.csv",10
"2024-02-02","06:02:00",5,"iButton_R10.csv",10
"2024-02-02","10:17:00",5,"iButton_R10.csv",10
"2024-02-02","14:32:00",5,"iButton_R10.csv",10
"2024-02-02","18:47:00",5,"iButton_R10.csv",10
"2024-02-02","23:02:00",5,"iButton_R10.csv",10
"2024-02-03","03:17:00",5,"iButton_R10.csv",10
"2024-02-03","07:32:00",5,"iButton_R10.csv",10
"2024-02-03","11:47:00",5,"iButton_R10.csv",10
"2024-02-03","16:02:00",5,"iButton_R10.csv",10
"2024-02-03","20:17:00",5,"iButton_R10.csv",10
"2024-02-04","00:32:00",5,"iButton_R10.csv",10
"2024-02-04","04:47:00",5,"iButton_R10.csv",10
"2024-02-04","09:02:00",5.5,"iButton_R10.csv",10
"2024-02-04","13:17:00",5.5,"iButton_R10.csv",10
"2024-02-04","17:32:00",5.5,"iButton_R10.csv",10
"2024-02-04","21:47:00",5.5,"iButton_R10.csv",10
"2024-02-05","02:02:00",5.5,"iButton_R10.csv",10
"2024-02-05","06:17:00",5.5,"iButton_R10.csv",10
"2024-02-05","10:32:00",5.5,"iButton_R10.csv",10
"2024-02-05","14:47:00",5.5,"iButton_R10.csv",10
"2024-02-05","19:02:00",5.5,"iButton_R10.csv",10
"2024-02-05","23:17:00",5.5,"iButton_R10.csv",10
"2024-02-06","03:32:00",5.5,"iButton_R10.csv",10
"2024-02-06","07:47:00",5.5,"iButton_R10.csv",10
"2024-02-06","12:02:00",5.5,"iButton_R10.csv",10
"2024-02-06","16:17:00",5.5,"iButton_R10.csv",10
"2024-02-06","20:32:00",5.5,"iButton_R10.csv",10
"2024-02-07","00:47:00",5.5,"iButton_R10.csv",10
"2024-02-07","05:02:00",5.5,"iButton_R10.csv",10
"2024-02-07","09:17:00",5.5,"iButton_R10.csv",10
"2024-02-07","13:32:00",5.5,"iButton_R10.csv",10
"2024-02-07","17:47:00",5.5,"iButton_R10.csv",10
"2024-02-07","22:02:00",5.5,"iButton_R10.csv",10
"2024-02-08","02:17:00",5.5,"iButton_R10.csv",10
"2024-02-08","06:32:00",5.5,"iButton_R10.csv",10
"2024-02-08","10:47:00",5.5,"iButton_R10.csv",10
"2024-02-08","15:02:00",5.5,"iButton_R10.csv",10
"2024-02-08","19:17:00",5.5,"iButton_R10.csv",10
"2024-02-08","23:32:00",5.5,"iButton_R10.csv",10
"2024-02-09","03:47:00",5.5,"iButton_R10.csv",10
"2024-02-09","08:02:00",5.5,"iButton_R10.csv",10
"2024-02-09","12:17:00",5.5,"iButton_R10.csv",10
"2024-02-09","16:32:00",5.5,"iButton_R10.csv",10
"2024-02-09","20:47:00",5.5,"iButton_R10.csv",10
"2024-02-10","01:02:00",5.5,"iButton_R10.csv",10
"2024-02-10","05:17:00",5.5,"iButton_R10.csv",10
"2024-02-10","09:32:00",5.5,"iButton_R10.csv",10
"2024-02-10","13:47:00",5.5,"iButton_R10.csv",10
"2024-02-10","18:02:00",5.5,"iButton_R10.csv",10
"2024-02-10","22:17:00",5.5,"iButton_R10.csv",10
"2024-02-11","02:32:00",5.5,"iButton_R10.csv",10
"2024-02-11","06:47:00",5.5,"iButton_R10.csv",10
"2024-02-11","11:02:00",5.5,"iButton_R10.csv",10
"2024-02-11","15:17:00",5.5,"iButton_R10.csv",10
"2024-02-11","19:32:00",5.5,"iButton_R10.csv",10
"2024-02-11","23:47:00",5.5,"iButton_R10.csv",10
"2024-02-12","04:02:00",5.5,"iButton_R10.csv",10
"2024-02-12","08:17:00",5.5,"iButton_R10.csv",10
"2024-02-12","12:32:00",5.5,"iButton_R10.csv",10
"2024-02-12","16:47:00",5.5,"iButton_R10.csv",10
"2024-02-12","21:02:00",5.5,"iButton_R10.csv",10
"2024-02-13","01:17:00",5.5,"iButton_R10.csv",10
"2024-02-13","05:32:00",5.5,"iButton_R10.csv",10
"2024-02-13","09:47:00",5.5,"iButton_R10.csv",10
"2024-02-13","14:02:00",5.5,"iButton_R10.csv",10
"2024-02-13","18:17:00",5.5,"iButton_R10.csv",10
"2024-02-13","22:32:00",5.5,"iButton_R10.csv",10
"2024-02-14","02:47:00",5.5,"iButton_R10.csv",10
"2024-02-14","07:02:00",5.5,"iButton_R10.csv",10
"2024-02-14","11:17:00",5.5,"iButton_R10.csv",10
"2024-02-14","15:32:00",5.5,"iButton_R10.csv",10
"2024-02-14","19:47:00",5.5,"iButton_R10.csv",10
"2024-02-15","00:02:00",5.5,"iButton_R10.csv",10
"2024-02-15","04:17:00",5.5,"iButton_R10.csv",10
"2024-02-15","08:32:00",5.5,"iButton_R10.csv",10
"2024-02-15","12:47:00",5.5,"iButton_R10.csv",10
"2024-02-15","17:02:00",5.5,"iButton_R10.csv",10
"2024-02-15","21:17:00",5.5,"iButton_R10.csv",10
"2024-02-16","01:32:00",5.5,"iButton_R10.csv",10
"2024-02-16","05:47:00",5.5,"iButton_R10.csv",10
"2024-02-16","10:02:00",5.5,"iButton_R10.csv",10
"2024-02-16","14:17:00",5.5,"iButton_R10.csv",10
"2024-02-16","18:32:00",5.5,"iButton_R10.csv",10
"2024-02-16","22:47:00",5.5,"iButton_R10.csv",10
"2024-02-17","03:02:00",5.5,"iButton_R10.csv",10
"2024-02-17","07:17:00",5.5,"iButton_R10.csv",10
"2024-02-17","11:32:00",6,"iButton_R10.csv",10
"2024-02-17","15:47:00",6,"iButton_R10.csv",10
"2024-02-17","20:02:00",6,"iButton_R10.csv",10
"2024-02-18","00:17:00",6,"iButton_R10.csv",10
"2024-02-18","04:32:00",6,"iButton_R10.csv",10
"2024-02-18","08:47:00",6,"iButton_R10.csv",10
"2024-02-18","13:02:00",6,"iButton_R10.csv",10
"2024-02-18","17:17:00",6,"iButton_R10.csv",10
"2024-02-18","21:32:00",6,"iButton_R10.csv",10
"2024-02-19","01:47:00",6,"iButton_R10.csv",10
"2024-02-19","06:02:00",6,"iButton_R10.csv",10
"2024-02-19","10:17:00",6,"iButton_R10.csv",10
"2024-02-19","14:32:00",6,"iButton_R10.csv",10
"2024-02-19","18:47:00",6,"iButton_R10.csv",10
"2024-02-19","23:02:00",6,"iButton_R10.csv",10
"2024-02-20","03:17:00",6,"iButton_R10.csv",10
"2024-02-20","07:32:00",6,"iButton_R10.csv",10
"2024-02-20","11:47:00",6,"iButton_R10.csv",10
"2024-02-20","16:02:00",6,"iButton_R10.csv",10
"2024-02-20","20:17:00",6,"iButton_R10.csv",10
"2024-02-21","00:32:00",6,"iButton_R10.csv",10
"2024-02-21","04:47:00",6,"iButton_R10.csv",10
"2024-02-21","09:02:00",6,"iButton_R10.csv",10
"2024-02-21","13:17:00",6,"iButton_R10.csv",10
"2024-02-21","17:32:00",6,"iButton_R10.csv",10
"2024-02-21","21:47:00",6,"iButton_R10.csv",10
"2024-02-22","02:02:00",6,"iButton_R10.csv",10
"2024-02-22","06:17:00",6,"iButton_R10.csv",10
"2024-02-22","10:32:00",6,"iButton_R10.csv",10
"2024-02-22","14:47:00",6,"iButton_R10.csv",10
"2024-02-22","19:02:00",6,"iButton_R10.csv",10
"2024-02-22","23:17:00",6,"iButton_R10.csv",10
"2024-02-23","03:32:00",6,"iButton_R10.csv",10
"2024-02-23","07:47:00",6,"iButton_R10.csv",10
"2024-02-23","12:02:00",6,"iButton_R10.csv",10
"2024-02-23","16:17:00",6,"iButton_R10.csv",10
"2024-02-23","20:32:00",6,"iButton_R10.csv",10
"2024-02-24","00:47:00",6,"iButton_R10.csv",10
"2024-02-24","05:02:00",6,"iButton_R10.csv",10
"2024-02-24","09:17:00",6,"iButton_R10.csv",10
"2024-02-24","13:32:00",6,"iButton_R10.csv",10
"2024-02-24","17:47:00",6,"iButton_R10.csv",10
"2024-02-24","22:02:00",6,"iButton_R10.csv",10
"2024-02-25","02:17:00",6,"iButton_R10.csv",10
"2024-02-25","06:32:00",6,"iButton_R10.csv",10
"2024-02-25","10:47:00",6,"iButton_R10.csv",10
"2024-02-25","15:02:00",6,"iButton_R10.csv",10
"2024-02-25","19:17:00",6,"iButton_R10.csv",10
"2024-02-25","23:32:00",6,"iButton_R10.csv",10
"2024-02-26","03:47:00",6,"iButton_R10.csv",10
"2024-02-26","08:02:00",6,"iButton_R10.csv",10
"2024-02-26","12:17:00",6,"iButton_R10.csv",10
"2024-02-26","16:32:00",6,"iButton_R10.csv",10
"2024-02-26","20:47:00",6,"iButton_R10.csv",10
"2024-02-27","01:02:00",6,"iButton_R10.csv",10
"2024-02-27","05:17:00",6,"iButton_R10.csv",10
"2024-02-27","09:32:00",6,"iButton_R10.csv",10
"2024-02-27","13:47:00",6,"iButton_R10.csv",10
"2024-02-27","18:02:00",6,"iButton_R10.csv",10
"2024-02-27","22:17:00",6,"iButton_R10.csv",10
"2024-02-28","02:32:00",6,"iButton_R10.csv",10
"2024-02-28","06:47:00",6,"iButton_R10.csv",10
"2024-02-28","11:02:00",6,"iButton_R10.csv",10
"2024-02-28","15:17:00",6,"iButton_R10.csv",10
"2024-02-28","19:32:00",6,"iButton_R10.csv",10
"2024-02-28","23:47:00",6,"iButton_R10.csv",10
"2024-02-29","04:02:00",6,"iButton_R10.csv",10
"2024-02-29","08:17:00",6,"iButton_R10.csv",10
"2024-02-29","12:32:00",6,"iButton_R10.csv",10
"2024-02-29","16:47:00",6,"iButton_R10.csv",10
"2024-02-29","21:02:00",6,"iButton_R10.csv",10
"2024-03-01","01:17:00",6,"iButton_R10.csv",10
"2024-03-01","05:32:00",6,"iButton_R10.csv",10
"2024-03-01","09:47:00",6,"iButton_R10.csv",10
"2024-03-01","14:02:00",6,"iButton_R10.csv",10
"2024-03-01","18:17:00",6,"iButton_R10.csv",10
"2024-03-01","22:32:00",6,"iButton_R10.csv",10
"2024-03-02","02:47:00",6,"iButton_R10.csv",10
"2024-03-02","07:02:00",6,"iButton_R10.csv",10
"2024-03-02","11:17:00",6,"iButton_R10.csv",10
"2024-03-02","15:32:00",6,"iButton_R10.csv",10
"2024-03-02","19:47:00",6,"iButton_R10.csv",10
"2024-03-03","00:02:00",6,"iButton_R10.csv",10
"2024-03-03","04:17:00",6,"iButton_R10.csv",10
"2024-03-03","08:32:00",6,"iButton_R10.csv",10
"2024-03-03","12:47:00",6,"iButton_R10.csv",10
"2024-03-03","17:02:00",6,"iButton_R10.csv",10
"2024-03-03","21:17:00",6,"iButton_R10.csv",10
"2024-03-04","01:32:00",6,"iButton_R10.csv",10
"2024-03-04","05:47:00",6,"iButton_R10.csv",10
"2024-03-04","10:02:00",6,"iButton_R10.csv",10
"2024-03-04","14:17:00",6,"iButton_R10.csv",10
"2024-03-04","18:32:00",6,"iButton_R10.csv",10
"2024-03-04","22:47:00",6,"iButton_R10.csv",10
"2024-03-05","03:02:00",6,"iButton_R10.csv",10
"2024-03-05","07:17:00",6,"iButton_R10.csv",10
"2024-03-05","11:32:00",6,"iButton_R10.csv",10
"2024-03-05","15:47:00",6,"iButton_R10.csv",10
"2024-03-05","20:02:00",6,"iButton_R10.csv",10
"2024-03-06","00:17:00",6,"iButton_R10.csv",10
"2024-03-06","04:32:00",6,"iButton_R10.csv",10
"2024-03-06","08:47:00",6,"iButton_R10.csv",10
"2024-03-06","13:02:00",6,"iButton_R10.csv",10
"2024-03-06","17:17:00",6,"iButton_R10.csv",10
"2024-03-06","21:32:00",6,"iButton_R10.csv",10
"2024-03-07","01:47:00",6,"iButton_R10.csv",10
"2024-03-07","06:02:00",6,"iButton_R10.csv",10
"2024-03-07","10:17:00",6,"iButton_R10.csv",10
"2024-03-07","14:32:00",6,"iButton_R10.csv",10
"2024-03-07","18:47:00",6,"iButton_R10.csv",10
"2024-03-07","23:02:00",6,"iButton_R10.csv",10
"2024-03-08","03:17:00",6,"iButton_R10.csv",10
"2024-03-08","07:32:00",6,"iButton_R10.csv",10
"2024-03-08","11:47:00",6,"iButton_R10.csv",10
"2024-03-08","16:02:00",6,"iButton_R10.csv",10
"2024-03-08","20:17:00",6,"iButton_R10.csv",10
"2024-03-09","00:32:00",6,"iButton_R10.csv",10
"2024-03-09","04:47:00",6,"iButton_R10.csv",10
"2024-03-09","09:02:00",6,"iButton_R10.csv",10
"2024-03-09","13:17:00",6,"iButton_R10.csv",10
"2024-03-09","17:32:00",6,"iButton_R10.csv",10
"2024-03-09","21:47:00",6,"iButton_R10.csv",10
"2024-03-10","02:02:00",6,"iButton_R10.csv",10
"2024-03-10","06:17:00",6,"iButton_R10.csv",10
"2024-03-10","10:32:00",6,"iButton_R10.csv",10
"2024-03-10","14:47:00",6,"iButton_R10.csv",10
"2024-03-10","19:02:00",6,"iButton_R10.csv",10
"2024-03-10","23:17:00",6,"iButton_R10.csv",10
"2024-03-11","03:32:00",6,"iButton_R10.csv",10
"2024-03-11","07:47:00",6,"iButton_R10.csv",10
"2024-03-11","12:02:00",6,"iButton_R10.csv",10
"2024-03-11","16:17:00",6,"iButton_R10.csv",10
"2024-03-11","20:32:00",6,"iButton_R10.csv",10
"2024-03-12","00:47:00",6,"iButton_R10.csv",10
"2024-03-12","05:02:00",6,"iButton_R10.csv",10
"2024-03-12","09:17:00",6,"iButton_R10.csv",10
"2024-03-12","13:32:00",6,"iButton_R10.csv",10
"2024-03-12","17:47:00",6,"iButton_R10.csv",10
"2024-03-12","22:02:00",6,"iButton_R10.csv",10
"2024-03-13","02:17:00",6,"iButton_R10.csv",10
"2024-03-13","06:32:00",6,"iButton_R10.csv",10
"2024-03-13","10:47:00",6,"iButton_R10.csv",10
"2024-03-13","15:02:00",6,"iButton_R10.csv",10
"2024-03-13","19:17:00",6,"iButton_R10.csv",10
"2024-03-13","23:32:00",6,"iButton_R10.csv",10
"2024-03-14","03:47:00",6,"iButton_R10.csv",10
"2024-03-14","08:02:00",6,"iButton_R10.csv",10
"2024-03-14","12:17:00",6,"iButton_R10.csv",10
"2024-03-14","16:32:00",6,"iButton_R10.csv",10
"2024-03-14","20:47:00",6,"iButton_R10.csv",10
"2024-03-15","01:02:00",6,"iButton_R10.csv",10
"2024-03-15","05:17:00",6,"iButton_R10.csv",10
"2024-03-15","09:32:00",6,"iButton_R10.csv",10
"2024-03-15","13:47:00",6,"iButton_R10.csv",10
"2024-03-15","18:02:00",6,"iButton_R10.csv",10
"2024-03-15","22:17:00",6,"iButton_R10.csv",10
"2024-03-16","02:32:00",6.5,"iButton_R10.csv",10
"2024-03-16","06:47:00",6.5,"iButton_R10.csv",10
"2024-03-16","11:02:00",6.5,"iButton_R10.csv",10
"2024-03-16","15:17:00",6.5,"iButton_R10.csv",10
"2024-03-16","19:32:00",6.5,"iButton_R10.csv",10
"2024-03-16","23:47:00",6.5,"iButton_R10.csv",10
"2024-03-17","04:02:00",6.5,"iButton_R10.csv",10
"2024-03-17","08:17:00",6.5,"iButton_R10.csv",10
"2024-03-17","12:32:00",6.5,"iButton_R10.csv",10
"2024-03-17","16:47:00",6.5,"iButton_R10.csv",10
"2024-03-17","21:02:00",6.5,"iButton_R10.csv",10
"2024-03-18","01:17:00",6.5,"iButton_R10.csv",10
"2024-03-18","05:32:00",6.5,"iButton_R10.csv",10
"2024-03-18","09:47:00",6,"iButton_R10.csv",10
"2024-03-18","14:02:00",6.5,"iButton_R10.csv",10
"2024-03-18","18:17:00",6.5,"iButton_R10.csv",10
"2024-03-18","22:32:00",6.5,"iButton_R10.csv",10
"2024-03-19","02:47:00",6,"iButton_R10.csv",10
"2024-03-19","07:02:00",6,"iButton_R10.csv",10
"2024-03-19","11:17:00",6,"iButton_R10.csv",10
"2024-03-19","15:32:00",6,"iButton_R10.csv",10
"2024-03-19","19:47:00",6,"iButton_R10.csv",10
"2024-03-20","00:02:00",6,"iButton_R10.csv",10
"2024-03-20","04:17:00",6,"iButton_R10.csv",10
"2024-03-20","08:32:00",6,"iButton_R10.csv",10
"2024-03-20","12:47:00",6,"iButton_R10.csv",10
"2024-03-20","17:02:00",6,"iButton_R10.csv",10
"2024-03-20","21:17:00",6,"iButton_R10.csv",10
"2024-03-21","01:32:00",6,"iButton_R10.csv",10
"2024-03-21","05:47:00",6,"iButton_R10.csv",10
"2024-03-21","10:02:00",6,"iButton_R10.csv",10
"2024-03-21","14:17:00",6,"iButton_R10.csv",10
"2024-03-21","18:32:00",6,"iButton_R10.csv",10
"2024-03-21","22:47:00",6,"iButton_R10.csv",10
"2024-03-22","03:02:00",6,"iButton_R10.csv",10
"2024-03-22","07:17:00",6,"iButton_R10.csv",10
"2024-03-22","11:32:00",6,"iButton_R10.csv",10
"2024-03-22","15:47:00",6,"iButton_R10.csv",10
"2024-03-22","20:02:00",6.5,"iButton_R10.csv",10
"2024-03-23","00:17:00",6.5,"iButton_R10.csv",10
"2024-03-23","04:32:00",6.5,"iButton_R10.csv",10
"2024-03-23","08:47:00",6.5,"iButton_R10.csv",10
"2024-03-23","13:02:00",6.5,"iButton_R10.csv",10
"2024-03-23","17:17:00",6.5,"iButton_R10.csv",10
"2024-03-23","21:32:00",6.5,"iButton_R10.csv",10
"2024-03-24","01:47:00",6.5,"iButton_R10.csv",10
"2024-03-24","06:02:00",6.5,"iButton_R10.csv",10
"2024-03-24","10:17:00",6.5,"iButton_R10.csv",10
"2024-03-24","14:32:00",6.5,"iButton_R10.csv",10
"2024-03-24","18:47:00",6.5,"iButton_R10.csv",10
"2024-03-24","23:02:00",6.5,"iButton_R10.csv",10
"2024-03-25","03:17:00",6.5,"iButton_R10.csv",10
"2024-03-25","07:32:00",6.5,"iButton_R10.csv",10
"2024-03-25","11:47:00",6.5,"iButton_R10.csv",10
"2024-03-25","16:02:00",6.5,"iButton_R10.csv",10
"2024-03-25","20:17:00",6.5,"iButton_R10.csv",10
"2024-03-26","00:32:00",6.5,"iButton_R10.csv",10
"2024-03-26","04:47:00",6.5,"iButton_R10.csv",10
"2024-03-26","09:02:00",6.5,"iButton_R10.csv",10
"2024-03-26","13:17:00",6.5,"iButton_R10.csv",10
"2024-03-26","17:32:00",6.5,"iButton_R10.csv",10
"2024-03-26","21:47:00",6.5,"iButton_R10.csv",10
"2024-03-27","02:02:00",6.5,"iButton_R10.csv",10
"2024-03-27","06:17:00",6.5,"iButton_R10.csv",10
"2024-03-27","10:32:00",6.5,"iButton_R10.csv",10
"2024-03-27","14:47:00",6.5,"iButton_R10.csv",10
"2024-03-27","19:02:00",6.5,"iButton_R10.csv",10
"2024-03-27","23:17:00",6.5,"iButton_R10.csv",10
"2024-03-28","03:32:00",6.5,"iButton_R10.csv",10
"2024-03-28","07:47:00",6.5,"iButton_R10.csv",10
"2024-03-28","12:02:00",6.5,"iButton_R10.csv",10
"2024-03-28","16:17:00",6.5,"iButton_R10.csv",10
"2024-03-28","20:32:00",6.5,"iButton_R10.csv",10
"2024-03-29","00:47:00",6.5,"iButton_R10.csv",10
"2024-03-29","05:02:00",6.5,"iButton_R10.csv",10
"2024-03-29","09:17:00",6.5,"iButton_R10.csv",10
"2024-03-29","13:32:00",6.5,"iButton_R10.csv",10
"2024-03-29","17:47:00",6.5,"iButton_R10.csv",10
"2023-11-03","22:32:00",11.5,"iButton_R11.csv",11
"2023-11-04","02:47:00",11.5,"iButton_R11.csv",11
"2023-11-04","07:02:00",11.5,"iButton_R11.csv",11
"2023-11-04","11:17:00",11.5,"iButton_R11.csv",11
"2023-11-04","15:32:00",11.5,"iButton_R11.csv",11
"2023-11-04","19:47:00",11.5,"iButton_R11.csv",11
"2023-11-05","00:02:00",11.5,"iButton_R11.csv",11
"2023-11-05","04:17:00",11.5,"iButton_R11.csv",11
"2023-11-05","08:32:00",11.5,"iButton_R11.csv",11
"2023-11-05","12:47:00",11.5,"iButton_R11.csv",11
"2023-11-05","17:02:00",11.5,"iButton_R11.csv",11
"2023-11-05","21:17:00",11.5,"iButton_R11.csv",11
"2023-11-06","01:32:00",11.5,"iButton_R11.csv",11
"2023-11-06","05:47:00",11.5,"iButton_R11.csv",11
"2023-11-06","10:02:00",11.5,"iButton_R11.csv",11
"2023-11-06","14:17:00",11.5,"iButton_R11.csv",11
"2023-11-06","18:32:00",11.5,"iButton_R11.csv",11
"2023-11-06","22:47:00",11.5,"iButton_R11.csv",11
"2023-11-07","03:02:00",11.5,"iButton_R11.csv",11
"2023-11-07","07:17:00",11.5,"iButton_R11.csv",11
"2023-11-07","11:32:00",11.5,"iButton_R11.csv",11
"2023-11-07","15:47:00",11.5,"iButton_R11.csv",11
"2023-11-07","20:02:00",11.5,"iButton_R11.csv",11
"2023-11-08","00:17:00",11.5,"iButton_R11.csv",11
"2023-11-08","04:32:00",11,"iButton_R11.csv",11
"2023-11-08","08:47:00",11.5,"iButton_R11.csv",11
"2023-11-08","13:02:00",11,"iButton_R11.csv",11
"2023-11-08","17:17:00",11,"iButton_R11.csv",11
"2023-11-08","21:32:00",11,"iButton_R11.csv",11
"2023-11-09","01:47:00",11,"iButton_R11.csv",11
"2023-11-09","06:02:00",11,"iButton_R11.csv",11
"2023-11-09","10:17:00",11,"iButton_R11.csv",11
"2023-11-09","14:32:00",11,"iButton_R11.csv",11
"2023-11-09","18:47:00",11,"iButton_R11.csv",11
"2023-11-09","23:02:00",11,"iButton_R11.csv",11
"2023-11-10","03:17:00",11,"iButton_R11.csv",11
"2023-11-10","07:32:00",11,"iButton_R11.csv",11
"2023-11-10","11:47:00",11,"iButton_R11.csv",11
"2023-11-10","16:02:00",11,"iButton_R11.csv",11
"2023-11-10","20:17:00",11,"iButton_R11.csv",11
"2023-11-11","00:32:00",11,"iButton_R11.csv",11
"2023-11-11","04:47:00",11,"iButton_R11.csv",11
"2023-11-11","09:02:00",11,"iButton_R11.csv",11
"2023-11-11","13:17:00",11,"iButton_R11.csv",11
"2023-11-11","17:32:00",11,"iButton_R11.csv",11
"2023-11-11","21:47:00",11,"iButton_R11.csv",11
"2023-11-12","02:02:00",11,"iButton_R11.csv",11
"2023-11-12","06:17:00",11,"iButton_R11.csv",11
"2023-11-12","10:32:00",11,"iButton_R11.csv",11
"2023-11-12","14:47:00",11,"iButton_R11.csv",11
"2023-11-12","19:02:00",11,"iButton_R11.csv",11
"2023-11-12","23:17:00",11,"iButton_R11.csv",11
"2023-11-13","03:32:00",11,"iButton_R11.csv",11
"2023-11-13","07:47:00",11,"iButton_R11.csv",11
"2023-11-13","12:02:00",11,"iButton_R11.csv",11
"2023-11-13","16:17:00",11,"iButton_R11.csv",11
"2023-11-13","20:32:00",11,"iButton_R11.csv",11
"2023-11-14","00:47:00",11,"iButton_R11.csv",11
"2023-11-14","05:02:00",11,"iButton_R11.csv",11
"2023-11-14","09:17:00",11,"iButton_R11.csv",11
"2023-11-14","13:32:00",11,"iButton_R11.csv",11
"2023-11-14","17:47:00",11,"iButton_R11.csv",11
"2023-11-14","22:02:00",11,"iButton_R11.csv",11
"2023-11-15","02:17:00",11,"iButton_R11.csv",11
"2023-11-15","06:32:00",11,"iButton_R11.csv",11
"2023-11-15","10:47:00",11,"iButton_R11.csv",11
"2023-11-15","15:02:00",11,"iButton_R11.csv",11
"2023-11-15","19:17:00",11,"iButton_R11.csv",11
"2023-11-15","23:32:00",11,"iButton_R11.csv",11
"2023-11-16","03:47:00",11,"iButton_R11.csv",11
"2023-11-16","08:02:00",11,"iButton_R11.csv",11
"2023-11-16","12:17:00",11,"iButton_R11.csv",11
"2023-11-16","16:32:00",11,"iButton_R11.csv",11
"2023-11-16","20:47:00",11,"iButton_R11.csv",11
"2023-11-17","01:02:00",11,"iButton_R11.csv",11
"2023-11-17","05:17:00",11,"iButton_R11.csv",11
"2023-11-17","09:32:00",11,"iButton_R11.csv",11
"2023-11-17","13:47:00",11,"iButton_R11.csv",11
"2023-11-17","18:02:00",10.5,"iButton_R11.csv",11
"2023-11-17","22:17:00",10.5,"iButton_R11.csv",11
"2023-11-18","02:32:00",10.5,"iButton_R11.csv",11
"2023-11-18","06:47:00",10.5,"iButton_R11.csv",11
"2023-11-18","11:02:00",10.5,"iButton_R11.csv",11
"2023-11-18","15:17:00",10.5,"iButton_R11.csv",11
"2023-11-18","19:32:00",10.5,"iButton_R11.csv",11
"2023-11-18","23:47:00",10.5,"iButton_R11.csv",11
"2023-11-19","04:02:00",10.5,"iButton_R11.csv",11
"2023-11-19","08:17:00",10.5,"iButton_R11.csv",11
"2023-11-19","12:32:00",10.5,"iButton_R11.csv",11
"2023-11-19","16:47:00",10.5,"iButton_R11.csv",11
"2023-11-19","21:02:00",10.5,"iButton_R11.csv",11
"2023-11-20","01:17:00",10.5,"iButton_R11.csv",11
"2023-11-20","05:32:00",10.5,"iButton_R11.csv",11
"2023-11-20","09:47:00",10.5,"iButton_R11.csv",11
"2023-11-20","14:02:00",10.5,"iButton_R11.csv",11
"2023-11-20","18:17:00",10.5,"iButton_R11.csv",11
"2023-11-20","22:32:00",10.5,"iButton_R11.csv",11
"2023-11-21","02:47:00",10.5,"iButton_R11.csv",11
"2023-11-21","07:02:00",10.5,"iButton_R11.csv",11
"2023-11-21","11:17:00",10.5,"iButton_R11.csv",11
"2023-11-21","15:32:00",10.5,"iButton_R11.csv",11
"2023-11-21","19:47:00",10.5,"iButton_R11.csv",11
"2023-11-22","00:02:00",10.5,"iButton_R11.csv",11
"2023-11-22","04:17:00",10.5,"iButton_R11.csv",11
"2023-11-22","08:32:00",10.5,"iButton_R11.csv",11
"2023-11-22","12:47:00",10.5,"iButton_R11.csv",11
"2023-11-22","17:02:00",10.5,"iButton_R11.csv",11
"2023-11-22","21:17:00",10.5,"iButton_R11.csv",11
"2023-11-23","01:32:00",10.5,"iButton_R11.csv",11
"2023-11-23","05:47:00",10.5,"iButton_R11.csv",11
"2023-11-23","10:02:00",10.5,"iButton_R11.csv",11
"2023-11-23","14:17:00",10.5,"iButton_R11.csv",11
"2023-11-23","18:32:00",10.5,"iButton_R11.csv",11
"2023-11-23","22:47:00",10.5,"iButton_R11.csv",11
"2023-11-24","03:02:00",10,"iButton_R11.csv",11
"2023-11-24","07:17:00",10,"iButton_R11.csv",11
"2023-11-24","11:32:00",10,"iButton_R11.csv",11
"2023-11-24","15:47:00",10,"iButton_R11.csv",11
"2023-11-24","20:02:00",10,"iButton_R11.csv",11
"2023-11-25","00:17:00",10,"iButton_R11.csv",11
"2023-11-25","04:32:00",10,"iButton_R11.csv",11
"2023-11-25","08:47:00",10,"iButton_R11.csv",11
"2023-11-25","13:02:00",10,"iButton_R11.csv",11
"2023-11-25","17:17:00",10,"iButton_R11.csv",11
"2023-11-25","21:32:00",10,"iButton_R11.csv",11
"2023-11-26","01:47:00",10,"iButton_R11.csv",11
"2023-11-26","06:02:00",10,"iButton_R11.csv",11
"2023-11-26","10:17:00",10,"iButton_R11.csv",11
"2023-11-26","14:32:00",10,"iButton_R11.csv",11
"2023-11-26","18:47:00",10,"iButton_R11.csv",11
"2023-11-26","23:02:00",10,"iButton_R11.csv",11
"2023-11-27","03:17:00",10,"iButton_R11.csv",11
"2023-11-27","07:32:00",10,"iButton_R11.csv",11
"2023-11-27","11:47:00",10,"iButton_R11.csv",11
"2023-11-27","16:02:00",10,"iButton_R11.csv",11
"2023-11-27","20:17:00",10,"iButton_R11.csv",11
"2023-11-28","00:32:00",10,"iButton_R11.csv",11
"2023-11-28","04:47:00",9.5,"iButton_R11.csv",11
"2023-11-28","09:02:00",9.5,"iButton_R11.csv",11
"2023-11-28","13:17:00",9.5,"iButton_R11.csv",11
"2023-11-28","17:32:00",9.5,"iButton_R11.csv",11
"2023-11-28","21:47:00",9.5,"iButton_R11.csv",11
"2023-11-29","02:02:00",9.5,"iButton_R11.csv",11
"2023-11-29","06:17:00",9.5,"iButton_R11.csv",11
"2023-11-29","10:32:00",9.5,"iButton_R11.csv",11
"2023-11-29","14:47:00",9.5,"iButton_R11.csv",11
"2023-11-29","19:02:00",9.5,"iButton_R11.csv",11
"2023-11-29","23:17:00",9.5,"iButton_R11.csv",11
"2023-11-30","03:32:00",9.5,"iButton_R11.csv",11
"2023-11-30","07:47:00",9.5,"iButton_R11.csv",11
"2023-11-30","12:02:00",9.5,"iButton_R11.csv",11
"2023-11-30","16:17:00",9.5,"iButton_R11.csv",11
"2023-11-30","20:32:00",9.5,"iButton_R11.csv",11
"2023-12-01","00:47:00",9.5,"iButton_R11.csv",11
"2023-12-01","05:02:00",9.5,"iButton_R11.csv",11
"2023-12-01","09:17:00",9,"iButton_R11.csv",11
"2023-12-01","13:32:00",9,"iButton_R11.csv",11
"2023-12-01","17:47:00",9,"iButton_R11.csv",11
"2023-12-01","22:02:00",9,"iButton_R11.csv",11
"2023-12-02","02:17:00",9,"iButton_R11.csv",11
"2023-12-02","06:32:00",9,"iButton_R11.csv",11
"2023-12-02","10:47:00",9,"iButton_R11.csv",11
"2023-12-02","15:02:00",9,"iButton_R11.csv",11
"2023-12-02","19:17:00",9,"iButton_R11.csv",11
"2023-12-02","23:32:00",9,"iButton_R11.csv",11
"2023-12-03","03:47:00",9,"iButton_R11.csv",11
"2023-12-03","08:02:00",9,"iButton_R11.csv",11
"2023-12-03","12:17:00",9,"iButton_R11.csv",11
"2023-12-03","16:32:00",9,"iButton_R11.csv",11
"2023-12-03","20:47:00",9,"iButton_R11.csv",11
"2023-12-04","01:02:00",9,"iButton_R11.csv",11
"2023-12-04","05:17:00",9,"iButton_R11.csv",11
"2023-12-04","09:32:00",9,"iButton_R11.csv",11
"2023-12-04","13:47:00",8.5,"iButton_R11.csv",11
"2023-12-04","18:02:00",8.5,"iButton_R11.csv",11
"2023-12-04","22:17:00",8.5,"iButton_R11.csv",11
"2023-12-05","02:32:00",8.5,"iButton_R11.csv",11
"2023-12-05","06:47:00",8.5,"iButton_R11.csv",11
"2023-12-05","11:02:00",8.5,"iButton_R11.csv",11
"2023-12-05","15:17:00",8.5,"iButton_R11.csv",11
"2023-12-05","19:32:00",8.5,"iButton_R11.csv",11
"2023-12-05","23:47:00",8.5,"iButton_R11.csv",11
"2023-12-06","04:02:00",8.5,"iButton_R11.csv",11
"2023-12-06","08:17:00",8.5,"iButton_R11.csv",11
"2023-12-06","12:32:00",8.5,"iButton_R11.csv",11
"2023-12-06","16:47:00",8.5,"iButton_R11.csv",11
"2023-12-06","21:02:00",8.5,"iButton_R11.csv",11
"2023-12-07","01:17:00",8.5,"iButton_R11.csv",11
"2023-12-07","05:32:00",8.5,"iButton_R11.csv",11
"2023-12-07","09:47:00",8.5,"iButton_R11.csv",11
"2023-12-07","14:02:00",8.5,"iButton_R11.csv",11
"2023-12-07","18:17:00",8.5,"iButton_R11.csv",11
"2023-12-07","22:32:00",8.5,"iButton_R11.csv",11
"2023-12-08","02:47:00",8.5,"iButton_R11.csv",11
"2023-12-08","07:02:00",8.5,"iButton_R11.csv",11
"2023-12-08","11:17:00",8.5,"iButton_R11.csv",11
"2023-12-08","15:32:00",8.5,"iButton_R11.csv",11
"2023-12-08","19:47:00",8.5,"iButton_R11.csv",11
"2023-12-09","00:02:00",8.5,"iButton_R11.csv",11
"2023-12-09","04:17:00",8.5,"iButton_R11.csv",11
"2023-12-09","08:32:00",8.5,"iButton_R11.csv",11
"2023-12-09","12:47:00",8,"iButton_R11.csv",11
"2023-12-09","17:02:00",8,"iButton_R11.csv",11
"2023-12-09","21:17:00",8,"iButton_R11.csv",11
"2023-12-10","01:32:00",8,"iButton_R11.csv",11
"2023-12-10","05:47:00",8,"iButton_R11.csv",11
"2023-12-10","10:02:00",8,"iButton_R11.csv",11
"2023-12-10","14:17:00",8,"iButton_R11.csv",11
"2023-12-10","18:32:00",8,"iButton_R11.csv",11
"2023-12-10","22:47:00",8,"iButton_R11.csv",11
"2023-12-11","03:02:00",8,"iButton_R11.csv",11
"2023-12-11","07:17:00",8,"iButton_R11.csv",11
"2023-12-11","11:32:00",8,"iButton_R11.csv",11
"2023-12-11","15:47:00",8,"iButton_R11.csv",11
"2023-12-11","20:02:00",8,"iButton_R11.csv",11
"2023-12-12","00:17:00",8,"iButton_R11.csv",11
"2023-12-12","04:32:00",8,"iButton_R11.csv",11
"2023-12-12","08:47:00",8,"iButton_R11.csv",11
"2023-12-12","13:02:00",8,"iButton_R11.csv",11
"2023-12-12","17:17:00",8,"iButton_R11.csv",11
"2023-12-12","21:32:00",8,"iButton_R11.csv",11
"2023-12-13","01:47:00",8,"iButton_R11.csv",11
"2023-12-13","06:02:00",8,"iButton_R11.csv",11
"2023-12-13","10:17:00",8,"iButton_R11.csv",11
"2023-12-13","14:32:00",8,"iButton_R11.csv",11
"2023-12-13","18:47:00",8,"iButton_R11.csv",11
"2023-12-13","23:02:00",8,"iButton_R11.csv",11
"2023-12-14","03:17:00",8,"iButton_R11.csv",11
"2023-12-14","07:32:00",8,"iButton_R11.csv",11
"2023-12-14","11:47:00",8,"iButton_R11.csv",11
"2023-12-14","16:02:00",8,"iButton_R11.csv",11
"2023-12-14","20:17:00",8,"iButton_R11.csv",11
"2023-12-15","00:32:00",8,"iButton_R11.csv",11
"2023-12-15","04:47:00",8,"iButton_R11.csv",11
"2023-12-15","09:02:00",8,"iButton_R11.csv",11
"2023-12-15","13:17:00",8,"iButton_R11.csv",11
"2023-12-15","17:32:00",8,"iButton_R11.csv",11
"2023-12-15","21:47:00",8,"iButton_R11.csv",11
"2023-12-16","02:02:00",8,"iButton_R11.csv",11
"2023-12-16","06:17:00",8,"iButton_R11.csv",11
"2023-12-16","10:32:00",8,"iButton_R11.csv",11
"2023-12-16","14:47:00",8,"iButton_R11.csv",11
"2023-12-16","19:02:00",8,"iButton_R11.csv",11
"2023-12-16","23:17:00",8,"iButton_R11.csv",11
"2023-12-17","03:32:00",8,"iButton_R11.csv",11
"2023-12-17","07:47:00",8,"iButton_R11.csv",11
"2023-12-17","12:02:00",8,"iButton_R11.csv",11
"2023-12-17","16:17:00",8,"iButton_R11.csv",11
"2023-12-17","20:32:00",8,"iButton_R11.csv",11
"2023-12-18","00:47:00",8,"iButton_R11.csv",11
"2023-12-18","05:02:00",8,"iButton_R11.csv",11
"2023-12-18","09:17:00",8,"iButton_R11.csv",11
"2023-12-18","13:32:00",8,"iButton_R11.csv",11
"2023-12-18","17:47:00",8,"iButton_R11.csv",11
"2023-12-18","22:02:00",8,"iButton_R11.csv",11
"2023-12-19","02:17:00",8,"iButton_R11.csv",11
"2023-12-19","06:32:00",8,"iButton_R11.csv",11
"2023-12-19","10:47:00",8,"iButton_R11.csv",11
"2023-12-19","15:02:00",8,"iButton_R11.csv",11
"2023-12-19","19:17:00",8,"iButton_R11.csv",11
"2023-12-19","23:32:00",8,"iButton_R11.csv",11
"2023-12-20","03:47:00",8,"iButton_R11.csv",11
"2023-12-20","08:02:00",8,"iButton_R11.csv",11
"2023-12-20","12:17:00",8,"iButton_R11.csv",11
"2023-12-20","16:32:00",8,"iButton_R11.csv",11
"2023-12-20","20:47:00",8,"iButton_R11.csv",11
"2023-12-21","01:02:00",8,"iButton_R11.csv",11
"2023-12-21","05:17:00",8,"iButton_R11.csv",11
"2023-12-21","09:32:00",8,"iButton_R11.csv",11
"2023-12-21","13:47:00",8,"iButton_R11.csv",11
"2023-12-21","18:02:00",8,"iButton_R11.csv",11
"2023-12-21","22:17:00",8,"iButton_R11.csv",11
"2023-12-22","02:32:00",8,"iButton_R11.csv",11
"2023-12-22","06:47:00",8,"iButton_R11.csv",11
"2023-12-22","11:02:00",8,"iButton_R11.csv",11
"2023-12-22","15:17:00",7.5,"iButton_R11.csv",11
"2023-12-22","19:32:00",7.5,"iButton_R11.csv",11
"2023-12-22","23:47:00",7.5,"iButton_R11.csv",11
"2023-12-23","04:02:00",7.5,"iButton_R11.csv",11
"2023-12-23","08:17:00",7.5,"iButton_R11.csv",11
"2023-12-23","12:32:00",7.5,"iButton_R11.csv",11
"2023-12-23","16:47:00",7.5,"iButton_R11.csv",11
"2023-12-23","21:02:00",7.5,"iButton_R11.csv",11
"2023-12-24","01:17:00",7.5,"iButton_R11.csv",11
"2023-12-24","05:32:00",7.5,"iButton_R11.csv",11
"2023-12-24","09:47:00",7.5,"iButton_R11.csv",11
"2023-12-24","14:02:00",7.5,"iButton_R11.csv",11
"2023-12-24","18:17:00",7.5,"iButton_R11.csv",11
"2023-12-24","22:32:00",7.5,"iButton_R11.csv",11
"2023-12-25","02:47:00",7.5,"iButton_R11.csv",11
"2023-12-25","07:02:00",7.5,"iButton_R11.csv",11
"2023-12-25","11:17:00",7.5,"iButton_R11.csv",11
"2023-12-25","15:32:00",7.5,"iButton_R11.csv",11
"2023-12-25","19:47:00",7.5,"iButton_R11.csv",11
"2023-12-26","00:02:00",7.5,"iButton_R11.csv",11
"2023-12-26","04:17:00",7.5,"iButton_R11.csv",11
"2023-12-26","08:32:00",7.5,"iButton_R11.csv",11
"2023-12-26","12:47:00",7.5,"iButton_R11.csv",11
"2023-12-26","17:02:00",7.5,"iButton_R11.csv",11
"2023-12-26","21:17:00",7.5,"iButton_R11.csv",11
"2023-12-27","01:32:00",7.5,"iButton_R11.csv",11
"2023-12-27","05:47:00",7.5,"iButton_R11.csv",11
"2023-12-27","10:02:00",7.5,"iButton_R11.csv",11
"2023-12-27","14:17:00",7.5,"iButton_R11.csv",11
"2023-12-27","18:32:00",7.5,"iButton_R11.csv",11
"2023-12-27","22:47:00",7.5,"iButton_R11.csv",11
"2023-12-28","03:02:00",7.5,"iButton_R11.csv",11
"2023-12-28","07:17:00",7.5,"iButton_R11.csv",11
"2023-12-28","11:32:00",7.5,"iButton_R11.csv",11
"2023-12-28","15:47:00",7.5,"iButton_R11.csv",11
"2023-12-28","20:02:00",7.5,"iButton_R11.csv",11
"2023-12-29","00:17:00",7.5,"iButton_R11.csv",11
"2023-12-29","04:32:00",7.5,"iButton_R11.csv",11
"2023-12-29","08:47:00",7.5,"iButton_R11.csv",11
"2023-12-29","13:02:00",7.5,"iButton_R11.csv",11
"2023-12-29","17:17:00",7.5,"iButton_R11.csv",11
"2023-12-29","21:32:00",7.5,"iButton_R11.csv",11
"2023-12-30","01:47:00",7.5,"iButton_R11.csv",11
"2023-12-30","06:02:00",7.5,"iButton_R11.csv",11
"2023-12-30","10:17:00",7.5,"iButton_R11.csv",11
"2023-12-30","14:32:00",7.5,"iButton_R11.csv",11
"2023-12-30","18:47:00",7.5,"iButton_R11.csv",11
"2023-12-30","23:02:00",7.5,"iButton_R11.csv",11
"2023-12-31","03:17:00",7.5,"iButton_R11.csv",11
"2023-12-31","07:32:00",7.5,"iButton_R11.csv",11
"2023-12-31","11:47:00",7.5,"iButton_R11.csv",11
"2023-12-31","16:02:00",7.5,"iButton_R11.csv",11
"2023-12-31","20:17:00",7.5,"iButton_R11.csv",11
"2024-01-01","00:32:00",7.5,"iButton_R11.csv",11
"2024-01-01","04:47:00",7.5,"iButton_R11.csv",11
"2024-01-01","09:02:00",7.5,"iButton_R11.csv",11
"2024-01-01","13:17:00",7.5,"iButton_R11.csv",11
"2024-01-01","17:32:00",7.5,"iButton_R11.csv",11
"2024-01-01","21:47:00",7.5,"iButton_R11.csv",11
"2024-01-02","02:02:00",7.5,"iButton_R11.csv",11
"2024-01-02","06:17:00",7.5,"iButton_R11.csv",11
"2024-01-02","10:32:00",7.5,"iButton_R11.csv",11
"2024-01-02","14:47:00",7.5,"iButton_R11.csv",11
"2024-01-02","19:02:00",7.5,"iButton_R11.csv",11
"2024-01-02","23:17:00",7.5,"iButton_R11.csv",11
"2024-01-03","03:32:00",7.5,"iButton_R11.csv",11
"2024-01-03","07:47:00",7.5,"iButton_R11.csv",11
"2024-01-03","12:02:00",7.5,"iButton_R11.csv",11
"2024-01-03","16:17:00",7.5,"iButton_R11.csv",11
"2024-01-03","20:32:00",7.5,"iButton_R11.csv",11
"2024-01-04","00:47:00",7.5,"iButton_R11.csv",11
"2024-01-04","05:02:00",7.5,"iButton_R11.csv",11
"2024-01-04","09:17:00",7.5,"iButton_R11.csv",11
"2024-01-04","13:32:00",7.5,"iButton_R11.csv",11
"2024-01-04","17:47:00",7.5,"iButton_R11.csv",11
"2024-01-04","22:02:00",7.5,"iButton_R11.csv",11
"2024-01-05","02:17:00",7.5,"iButton_R11.csv",11
"2024-01-05","06:32:00",7.5,"iButton_R11.csv",11
"2024-01-05","10:47:00",7.5,"iButton_R11.csv",11
"2024-01-05","15:02:00",7.5,"iButton_R11.csv",11
"2024-01-05","19:17:00",7.5,"iButton_R11.csv",11
"2024-01-05","23:32:00",7.5,"iButton_R11.csv",11
"2024-01-06","03:47:00",7.5,"iButton_R11.csv",11
"2024-01-06","08:02:00",7.5,"iButton_R11.csv",11
"2024-01-06","12:17:00",7.5,"iButton_R11.csv",11
"2024-01-06","16:32:00",7.5,"iButton_R11.csv",11
"2024-01-06","20:47:00",7.5,"iButton_R11.csv",11
"2024-01-07","01:02:00",7.5,"iButton_R11.csv",11
"2024-01-07","05:17:00",7,"iButton_R11.csv",11
"2024-01-07","09:32:00",7,"iButton_R11.csv",11
"2024-01-07","13:47:00",7,"iButton_R11.csv",11
"2024-01-07","18:02:00",7,"iButton_R11.csv",11
"2024-01-07","22:17:00",7,"iButton_R11.csv",11
"2024-01-08","02:32:00",7,"iButton_R11.csv",11
"2024-01-08","06:47:00",7,"iButton_R11.csv",11
"2024-01-08","11:02:00",7,"iButton_R11.csv",11
"2024-01-08","15:17:00",7,"iButton_R11.csv",11
"2024-01-08","19:32:00",7,"iButton_R11.csv",11
"2024-01-08","23:47:00",7,"iButton_R11.csv",11
"2024-01-09","04:02:00",7,"iButton_R11.csv",11
"2024-01-09","08:17:00",7,"iButton_R11.csv",11
"2024-01-09","12:32:00",7,"iButton_R11.csv",11
"2024-01-09","16:47:00",7,"iButton_R11.csv",11
"2024-01-09","21:02:00",7,"iButton_R11.csv",11
"2024-01-10","01:17:00",7,"iButton_R11.csv",11
"2024-01-10","05:32:00",7,"iButton_R11.csv",11
"2024-01-10","09:47:00",7,"iButton_R11.csv",11
"2024-01-10","14:02:00",7,"iButton_R11.csv",11
"2024-01-10","18:17:00",7,"iButton_R11.csv",11
"2024-01-10","22:32:00",7,"iButton_R11.csv",11
"2024-01-11","02:47:00",7,"iButton_R11.csv",11
"2024-01-11","07:02:00",7,"iButton_R11.csv",11
"2024-01-11","11:17:00",7,"iButton_R11.csv",11
"2024-01-11","15:32:00",7,"iButton_R11.csv",11
"2024-01-11","19:47:00",7,"iButton_R11.csv",11
"2024-01-12","00:02:00",7,"iButton_R11.csv",11
"2024-01-12","04:17:00",7,"iButton_R11.csv",11
"2024-01-12","08:32:00",7,"iButton_R11.csv",11
"2024-01-12","12:47:00",7,"iButton_R11.csv",11
"2024-01-12","17:02:00",7,"iButton_R11.csv",11
"2024-01-12","21:17:00",7,"iButton_R11.csv",11
"2024-01-13","01:32:00",7,"iButton_R11.csv",11
"2024-01-13","05:47:00",7,"iButton_R11.csv",11
"2024-01-13","10:02:00",7,"iButton_R11.csv",11
"2024-01-13","14:17:00",7,"iButton_R11.csv",11
"2024-01-13","18:32:00",7,"iButton_R11.csv",11
"2024-01-13","22:47:00",7,"iButton_R11.csv",11
"2024-01-14","03:02:00",7,"iButton_R11.csv",11
"2024-01-14","07:17:00",7,"iButton_R11.csv",11
"2024-01-14","11:32:00",7,"iButton_R11.csv",11
"2024-01-14","15:47:00",7,"iButton_R11.csv",11
"2024-01-14","20:02:00",7,"iButton_R11.csv",11
"2024-01-15","00:17:00",6.5,"iButton_R11.csv",11
"2024-01-15","04:32:00",6.5,"iButton_R11.csv",11
"2024-01-15","08:47:00",6.5,"iButton_R11.csv",11
"2024-01-15","13:02:00",6.5,"iButton_R11.csv",11
"2024-01-15","17:17:00",6.5,"iButton_R11.csv",11
"2024-01-15","21:32:00",6.5,"iButton_R11.csv",11
"2024-01-16","01:47:00",6.5,"iButton_R11.csv",11
"2024-01-16","06:02:00",6.5,"iButton_R11.csv",11
"2024-01-16","10:17:00",6.5,"iButton_R11.csv",11
"2024-01-16","14:32:00",6.5,"iButton_R11.csv",11
"2024-01-16","18:47:00",6.5,"iButton_R11.csv",11
"2024-01-16","23:02:00",6.5,"iButton_R11.csv",11
"2024-01-17","03:17:00",6.5,"iButton_R11.csv",11
"2024-01-17","07:32:00",6.5,"iButton_R11.csv",11
"2024-01-17","11:47:00",6.5,"iButton_R11.csv",11
"2024-01-17","16:02:00",6.5,"iButton_R11.csv",11
"2024-01-17","20:17:00",6.5,"iButton_R11.csv",11
"2024-01-18","00:32:00",6.5,"iButton_R11.csv",11
"2024-01-18","04:47:00",6.5,"iButton_R11.csv",11
"2024-01-18","09:02:00",6.5,"iButton_R11.csv",11
"2024-01-18","13:17:00",6.5,"iButton_R11.csv",11
"2024-01-18","17:32:00",6.5,"iButton_R11.csv",11
"2024-01-18","21:47:00",6.5,"iButton_R11.csv",11
"2024-01-19","02:02:00",6.5,"iButton_R11.csv",11
"2024-01-19","06:17:00",6.5,"iButton_R11.csv",11
"2024-01-19","10:32:00",6.5,"iButton_R11.csv",11
"2024-01-19","14:47:00",6.5,"iButton_R11.csv",11
"2024-01-19","19:02:00",6.5,"iButton_R11.csv",11
"2024-01-19","23:17:00",6.5,"iButton_R11.csv",11
"2024-01-20","03:32:00",6.5,"iButton_R11.csv",11
"2024-01-20","07:47:00",6.5,"iButton_R11.csv",11
"2024-01-20","12:02:00",6.5,"iButton_R11.csv",11
"2024-01-20","16:17:00",6.5,"iButton_R11.csv",11
"2024-01-20","20:32:00",6.5,"iButton_R11.csv",11
"2024-01-21","00:47:00",6.5,"iButton_R11.csv",11
"2024-01-21","05:02:00",6.5,"iButton_R11.csv",11
"2024-01-21","09:17:00",6.5,"iButton_R11.csv",11
"2024-01-21","13:32:00",6,"iButton_R11.csv",11
"2024-01-21","17:47:00",6.5,"iButton_R11.csv",11
"2024-01-21","22:02:00",6,"iButton_R11.csv",11
"2024-01-22","02:17:00",6,"iButton_R11.csv",11
"2024-01-22","06:32:00",6,"iButton_R11.csv",11
"2024-01-22","10:47:00",6,"iButton_R11.csv",11
"2024-01-22","15:02:00",6,"iButton_R11.csv",11
"2024-01-22","19:17:00",6,"iButton_R11.csv",11
"2024-01-22","23:32:00",6,"iButton_R11.csv",11
"2024-01-23","03:47:00",6,"iButton_R11.csv",11
"2024-01-23","08:02:00",6,"iButton_R11.csv",11
"2024-01-23","12:17:00",6,"iButton_R11.csv",11
"2024-01-23","16:32:00",6,"iButton_R11.csv",11
"2024-01-23","20:47:00",6,"iButton_R11.csv",11
"2024-01-24","01:02:00",6,"iButton_R11.csv",11
"2024-01-24","05:17:00",6,"iButton_R11.csv",11
"2024-01-24","09:32:00",6,"iButton_R11.csv",11
"2024-01-24","13:47:00",6,"iButton_R11.csv",11
"2024-01-24","18:02:00",6,"iButton_R11.csv",11
"2024-01-24","22:17:00",6,"iButton_R11.csv",11
"2024-01-25","02:32:00",6,"iButton_R11.csv",11
"2024-01-25","06:47:00",6,"iButton_R11.csv",11
"2024-01-25","11:02:00",6,"iButton_R11.csv",11
"2024-01-25","15:17:00",6,"iButton_R11.csv",11
"2024-01-25","19:32:00",6,"iButton_R11.csv",11
"2024-01-25","23:47:00",6,"iButton_R11.csv",11
"2024-01-26","04:02:00",6,"iButton_R11.csv",11
"2024-01-26","08:17:00",6,"iButton_R11.csv",11
"2024-01-26","12:32:00",6,"iButton_R11.csv",11
"2024-01-26","16:47:00",6,"iButton_R11.csv",11
"2024-01-26","21:02:00",6,"iButton_R11.csv",11
"2024-01-27","01:17:00",6,"iButton_R11.csv",11
"2024-01-27","05:32:00",6,"iButton_R11.csv",11
"2024-01-27","09:47:00",6,"iButton_R11.csv",11
"2024-01-27","14:02:00",6,"iButton_R11.csv",11
"2024-01-27","18:17:00",6,"iButton_R11.csv",11
"2024-01-27","22:32:00",6,"iButton_R11.csv",11
"2024-01-28","02:47:00",6,"iButton_R11.csv",11
"2024-01-28","07:02:00",6,"iButton_R11.csv",11
"2024-01-28","11:17:00",6,"iButton_R11.csv",11
"2024-01-28","15:32:00",6,"iButton_R11.csv",11
"2024-01-28","19:47:00",6,"iButton_R11.csv",11
"2024-01-29","00:02:00",6,"iButton_R11.csv",11
"2024-01-29","04:17:00",6,"iButton_R11.csv",11
"2024-01-29","08:32:00",6,"iButton_R11.csv",11
"2024-01-29","12:47:00",6,"iButton_R11.csv",11
"2024-01-29","17:02:00",6,"iButton_R11.csv",11
"2024-01-29","21:17:00",6,"iButton_R11.csv",11
"2024-01-30","01:32:00",6,"iButton_R11.csv",11
"2024-01-30","05:47:00",6,"iButton_R11.csv",11
"2024-01-30","10:02:00",6,"iButton_R11.csv",11
"2024-01-30","14:17:00",6,"iButton_R11.csv",11
"2024-01-30","18:32:00",6,"iButton_R11.csv",11
"2024-01-30","22:47:00",6,"iButton_R11.csv",11
"2024-01-31","03:02:00",6,"iButton_R11.csv",11
"2024-01-31","07:17:00",6,"iButton_R11.csv",11
"2024-01-31","11:32:00",6,"iButton_R11.csv",11
"2024-01-31","15:47:00",6,"iButton_R11.csv",11
"2024-01-31","20:02:00",6,"iButton_R11.csv",11
"2024-02-01","00:17:00",6,"iButton_R11.csv",11
"2024-02-01","04:32:00",6,"iButton_R11.csv",11
"2024-02-01","08:47:00",6,"iButton_R11.csv",11
"2024-02-01","13:02:00",6,"iButton_R11.csv",11
"2024-02-01","17:17:00",6,"iButton_R11.csv",11
"2024-02-01","21:32:00",6,"iButton_R11.csv",11
"2024-02-02","01:47:00",6,"iButton_R11.csv",11
"2024-02-02","06:02:00",6,"iButton_R11.csv",11
"2024-02-02","10:17:00",6,"iButton_R11.csv",11
"2024-02-02","14:32:00",6,"iButton_R11.csv",11
"2024-02-02","18:47:00",6,"iButton_R11.csv",11
"2024-02-02","23:02:00",6,"iButton_R11.csv",11
"2024-02-03","03:17:00",6,"iButton_R11.csv",11
"2024-02-03","07:32:00",6,"iButton_R11.csv",11
"2024-02-03","11:47:00",6,"iButton_R11.csv",11
"2024-02-03","16:02:00",6,"iButton_R11.csv",11
"2024-02-03","20:17:00",6,"iButton_R11.csv",11
"2024-02-04","00:32:00",6,"iButton_R11.csv",11
"2024-02-04","04:47:00",6,"iButton_R11.csv",11
"2024-02-04","09:02:00",6,"iButton_R11.csv",11
"2024-02-04","13:17:00",6,"iButton_R11.csv",11
"2024-02-04","17:32:00",6,"iButton_R11.csv",11
"2024-02-04","21:47:00",6,"iButton_R11.csv",11
"2024-02-05","02:02:00",6,"iButton_R11.csv",11
"2024-02-05","06:17:00",6,"iButton_R11.csv",11
"2024-02-05","10:32:00",6,"iButton_R11.csv",11
"2024-02-05","14:47:00",6,"iButton_R11.csv",11
"2024-02-05","19:02:00",6,"iButton_R11.csv",11
"2024-02-05","23:17:00",6,"iButton_R11.csv",11
"2024-02-06","03:32:00",6,"iButton_R11.csv",11
"2024-02-06","07:47:00",6,"iButton_R11.csv",11
"2024-02-06","12:02:00",6,"iButton_R11.csv",11
"2024-02-06","16:17:00",6,"iButton_R11.csv",11
"2024-02-06","20:32:00",6,"iButton_R11.csv",11
"2024-02-07","00:47:00",6.5,"iButton_R11.csv",11
"2024-02-07","05:02:00",6.5,"iButton_R11.csv",11
"2024-02-07","09:17:00",6.5,"iButton_R11.csv",11
"2024-02-07","13:32:00",6.5,"iButton_R11.csv",11
"2024-02-07","17:47:00",6.5,"iButton_R11.csv",11
"2024-02-07","22:02:00",6.5,"iButton_R11.csv",11
"2024-02-08","02:17:00",6.5,"iButton_R11.csv",11
"2024-02-08","06:32:00",6.5,"iButton_R11.csv",11
"2024-02-08","10:47:00",6.5,"iButton_R11.csv",11
"2024-02-08","15:02:00",6.5,"iButton_R11.csv",11
"2024-02-08","19:17:00",6.5,"iButton_R11.csv",11
"2024-02-08","23:32:00",6.5,"iButton_R11.csv",11
"2024-02-09","03:47:00",6.5,"iButton_R11.csv",11
"2024-02-09","08:02:00",6,"iButton_R11.csv",11
"2024-02-09","12:17:00",6,"iButton_R11.csv",11
"2024-02-09","16:32:00",6,"iButton_R11.csv",11
"2024-02-09","20:47:00",6,"iButton_R11.csv",11
"2024-02-10","01:02:00",6,"iButton_R11.csv",11
"2024-02-10","05:17:00",6,"iButton_R11.csv",11
"2024-02-10","09:32:00",6,"iButton_R11.csv",11
"2024-02-10","13:47:00",6,"iButton_R11.csv",11
"2024-02-10","18:02:00",6,"iButton_R11.csv",11
"2024-02-10","22:17:00",6,"iButton_R11.csv",11
"2024-02-11","02:32:00",6,"iButton_R11.csv",11
"2024-02-11","06:47:00",6,"iButton_R11.csv",11
"2024-02-11","11:02:00",6,"iButton_R11.csv",11
"2024-02-11","15:17:00",6,"iButton_R11.csv",11
"2024-02-11","19:32:00",6,"iButton_R11.csv",11
"2024-02-11","23:47:00",6,"iButton_R11.csv",11
"2024-02-12","04:02:00",6,"iButton_R11.csv",11
"2024-02-12","08:17:00",6,"iButton_R11.csv",11
"2024-02-12","12:32:00",6,"iButton_R11.csv",11
"2024-02-12","16:47:00",6,"iButton_R11.csv",11
"2024-02-12","21:02:00",6,"iButton_R11.csv",11
"2024-02-13","01:17:00",6,"iButton_R11.csv",11
"2024-02-13","05:32:00",6,"iButton_R11.csv",11
"2024-02-13","09:47:00",6,"iButton_R11.csv",11
"2024-02-13","14:02:00",6,"iButton_R11.csv",11
"2024-02-13","18:17:00",6,"iButton_R11.csv",11
"2024-02-13","22:32:00",6.5,"iButton_R11.csv",11
"2024-02-14","02:47:00",6.5,"iButton_R11.csv",11
"2024-02-14","07:02:00",6.5,"iButton_R11.csv",11
"2024-02-14","11:17:00",6,"iButton_R11.csv",11
"2024-02-14","15:32:00",6,"iButton_R11.csv",11
"2024-02-14","19:47:00",6,"iButton_R11.csv",11
"2024-02-15","00:02:00",6.5,"iButton_R11.csv",11
"2024-02-15","04:17:00",6.5,"iButton_R11.csv",11
"2024-02-15","08:32:00",6.5,"iButton_R11.csv",11
"2024-02-15","12:47:00",6.5,"iButton_R11.csv",11
"2024-02-15","17:02:00",6.5,"iButton_R11.csv",11
"2024-02-15","21:17:00",6.5,"iButton_R11.csv",11
"2024-02-16","01:32:00",6.5,"iButton_R11.csv",11
"2024-02-16","05:47:00",6.5,"iButton_R11.csv",11
"2024-02-16","10:02:00",6.5,"iButton_R11.csv",11
"2024-02-16","14:17:00",6.5,"iButton_R11.csv",11
"2024-02-16","18:32:00",6.5,"iButton_R11.csv",11
"2024-02-16","22:47:00",6.5,"iButton_R11.csv",11
"2024-02-17","03:02:00",6.5,"iButton_R11.csv",11
"2024-02-17","07:17:00",6.5,"iButton_R11.csv",11
"2024-02-17","11:32:00",6.5,"iButton_R11.csv",11
"2024-02-17","15:47:00",6.5,"iButton_R11.csv",11
"2024-02-17","20:02:00",6.5,"iButton_R11.csv",11
"2024-02-18","00:17:00",6.5,"iButton_R11.csv",11
"2024-02-18","04:32:00",6.5,"iButton_R11.csv",11
"2024-02-18","08:47:00",6.5,"iButton_R11.csv",11
"2024-02-18","13:02:00",6.5,"iButton_R11.csv",11
"2024-02-18","17:17:00",6.5,"iButton_R11.csv",11
"2024-02-18","21:32:00",6.5,"iButton_R11.csv",11
"2024-02-19","01:47:00",6.5,"iButton_R11.csv",11
"2024-02-19","06:02:00",6.5,"iButton_R11.csv",11
"2024-02-19","10:17:00",6.5,"iButton_R11.csv",11
"2024-02-19","14:32:00",6.5,"iButton_R11.csv",11
"2024-02-19","18:47:00",6.5,"iButton_R11.csv",11
"2024-02-19","23:02:00",6.5,"iButton_R11.csv",11
"2024-02-20","03:17:00",6.5,"iButton_R11.csv",11
"2024-02-20","07:32:00",6.5,"iButton_R11.csv",11
"2024-02-20","11:47:00",6.5,"iButton_R11.csv",11
"2024-02-20","16:02:00",6.5,"iButton_R11.csv",11
"2024-02-20","20:17:00",6.5,"iButton_R11.csv",11
"2024-02-21","00:32:00",6.5,"iButton_R11.csv",11
"2024-02-21","04:47:00",6.5,"iButton_R11.csv",11
"2024-02-21","09:02:00",6.5,"iButton_R11.csv",11
"2024-02-21","13:17:00",6.5,"iButton_R11.csv",11
"2024-02-21","17:32:00",6.5,"iButton_R11.csv",11
"2024-02-21","21:47:00",6.5,"iButton_R11.csv",11
"2024-02-22","02:02:00",6.5,"iButton_R11.csv",11
"2024-02-22","06:17:00",6.5,"iButton_R11.csv",11
"2024-02-22","10:32:00",6.5,"iButton_R11.csv",11
"2024-02-22","14:47:00",6.5,"iButton_R11.csv",11
"2024-02-22","19:02:00",6.5,"iButton_R11.csv",11
"2024-02-22","23:17:00",6.5,"iButton_R11.csv",11
"2024-02-23","03:32:00",6.5,"iButton_R11.csv",11
"2024-02-23","07:47:00",6.5,"iButton_R11.csv",11
"2024-02-23","12:02:00",6.5,"iButton_R11.csv",11
"2024-02-23","16:17:00",6.5,"iButton_R11.csv",11
"2024-02-23","20:32:00",6.5,"iButton_R11.csv",11
"2024-02-24","00:47:00",6.5,"iButton_R11.csv",11
"2024-02-24","05:02:00",6.5,"iButton_R11.csv",11
"2024-02-24","09:17:00",6.5,"iButton_R11.csv",11
"2024-02-24","13:32:00",6.5,"iButton_R11.csv",11
"2024-02-24","17:47:00",6.5,"iButton_R11.csv",11
"2024-02-24","22:02:00",6.5,"iButton_R11.csv",11
"2024-02-25","02:17:00",6.5,"iButton_R11.csv",11
"2024-02-25","06:32:00",6.5,"iButton_R11.csv",11
"2024-02-25","10:47:00",6.5,"iButton_R11.csv",11
"2024-02-25","15:02:00",6.5,"iButton_R11.csv",11
"2024-02-25","19:17:00",6.5,"iButton_R11.csv",11
"2024-02-25","23:32:00",6.5,"iButton_R11.csv",11
"2024-02-26","03:47:00",6.5,"iButton_R11.csv",11
"2024-02-26","08:02:00",6.5,"iButton_R11.csv",11
"2024-02-26","12:17:00",6.5,"iButton_R11.csv",11
"2024-02-26","16:32:00",6.5,"iButton_R11.csv",11
"2024-02-26","20:47:00",6.5,"iButton_R11.csv",11
"2024-02-27","01:02:00",6.5,"iButton_R11.csv",11
"2024-02-27","05:17:00",6.5,"iButton_R11.csv",11
"2024-02-27","09:32:00",6.5,"iButton_R11.csv",11
"2024-02-27","13:47:00",6.5,"iButton_R11.csv",11
"2024-02-27","18:02:00",6.5,"iButton_R11.csv",11
"2024-02-27","22:17:00",6.5,"iButton_R11.csv",11
"2024-02-28","02:32:00",6.5,"iButton_R11.csv",11
"2024-02-28","06:47:00",6.5,"iButton_R11.csv",11
"2024-02-28","11:02:00",6.5,"iButton_R11.csv",11
"2024-02-28","15:17:00",6.5,"iButton_R11.csv",11
"2024-02-28","19:32:00",6.5,"iButton_R11.csv",11
"2024-02-28","23:47:00",6.5,"iButton_R11.csv",11
"2024-02-29","04:02:00",6.5,"iButton_R11.csv",11
"2024-02-29","08:17:00",6.5,"iButton_R11.csv",11
"2024-02-29","12:32:00",6.5,"iButton_R11.csv",11
"2024-02-29","16:47:00",6.5,"iButton_R11.csv",11
"2024-02-29","21:02:00",6.5,"iButton_R11.csv",11
"2024-03-01","01:17:00",6.5,"iButton_R11.csv",11
"2024-03-01","05:32:00",6.5,"iButton_R11.csv",11
"2024-03-01","09:47:00",6.5,"iButton_R11.csv",11
"2024-03-01","14:02:00",6.5,"iButton_R11.csv",11
"2024-03-01","18:17:00",6.5,"iButton_R11.csv",11
"2024-03-01","22:32:00",6.5,"iButton_R11.csv",11
"2024-03-02","02:47:00",6.5,"iButton_R11.csv",11
"2024-03-02","07:02:00",6.5,"iButton_R11.csv",11
"2024-03-02","11:17:00",6.5,"iButton_R11.csv",11
"2024-03-02","15:32:00",6.5,"iButton_R11.csv",11
"2024-03-02","19:47:00",6.5,"iButton_R11.csv",11
"2024-03-03","00:02:00",6.5,"iButton_R11.csv",11
"2024-03-03","04:17:00",6.5,"iButton_R11.csv",11
"2024-03-03","08:32:00",6.5,"iButton_R11.csv",11
"2024-03-03","12:47:00",6.5,"iButton_R11.csv",11
"2024-03-03","17:02:00",6.5,"iButton_R11.csv",11
"2024-03-03","21:17:00",6.5,"iButton_R11.csv",11
"2024-03-04","01:32:00",6.5,"iButton_R11.csv",11
"2024-03-04","05:47:00",6.5,"iButton_R11.csv",11
"2024-03-04","10:02:00",6.5,"iButton_R11.csv",11
"2024-03-04","14:17:00",6.5,"iButton_R11.csv",11
"2024-03-04","18:32:00",6.5,"iButton_R11.csv",11
"2024-03-04","22:47:00",6.5,"iButton_R11.csv",11
"2024-03-05","03:02:00",6.5,"iButton_R11.csv",11
"2024-03-05","07:17:00",6.5,"iButton_R11.csv",11
"2024-03-05","11:32:00",6.5,"iButton_R11.csv",11
"2024-03-05","15:47:00",6.5,"iButton_R11.csv",11
"2024-03-05","20:02:00",6.5,"iButton_R11.csv",11
"2024-03-06","00:17:00",6.5,"iButton_R11.csv",11
"2024-03-06","04:32:00",6.5,"iButton_R11.csv",11
"2024-03-06","08:47:00",6.5,"iButton_R11.csv",11
"2024-03-06","13:02:00",6.5,"iButton_R11.csv",11
"2024-03-06","17:17:00",6.5,"iButton_R11.csv",11
"2024-03-06","21:32:00",6.5,"iButton_R11.csv",11
"2024-03-07","01:47:00",6.5,"iButton_R11.csv",11
"2024-03-07","06:02:00",6.5,"iButton_R11.csv",11
"2024-03-07","10:17:00",6.5,"iButton_R11.csv",11
"2024-03-07","14:32:00",6.5,"iButton_R11.csv",11
"2024-03-07","18:47:00",6.5,"iButton_R11.csv",11
"2024-03-07","23:02:00",6.5,"iButton_R11.csv",11
"2024-03-08","03:17:00",6.5,"iButton_R11.csv",11
"2024-03-08","07:32:00",6.5,"iButton_R11.csv",11
"2024-03-08","11:47:00",6.5,"iButton_R11.csv",11
"2024-03-08","16:02:00",6.5,"iButton_R11.csv",11
"2024-03-08","20:17:00",6.5,"iButton_R11.csv",11
"2024-03-09","00:32:00",6.5,"iButton_R11.csv",11
"2024-03-09","04:47:00",6.5,"iButton_R11.csv",11
"2024-03-09","09:02:00",6.5,"iButton_R11.csv",11
"2024-03-09","13:17:00",6.5,"iButton_R11.csv",11
"2024-03-09","17:32:00",6.5,"iButton_R11.csv",11
"2024-03-09","21:47:00",6.5,"iButton_R11.csv",11
"2024-03-10","02:02:00",6.5,"iButton_R11.csv",11
"2024-03-10","06:17:00",6.5,"iButton_R11.csv",11
"2024-03-10","10:32:00",6.5,"iButton_R11.csv",11
"2024-03-10","14:47:00",6.5,"iButton_R11.csv",11
"2024-03-10","19:02:00",6.5,"iButton_R11.csv",11
"2024-03-10","23:17:00",6.5,"iButton_R11.csv",11
"2024-03-11","03:32:00",6.5,"iButton_R11.csv",11
"2024-03-11","07:47:00",6.5,"iButton_R11.csv",11
"2024-03-11","12:02:00",6.5,"iButton_R11.csv",11
"2024-03-11","16:17:00",6.5,"iButton_R11.csv",11
"2024-03-11","20:32:00",6.5,"iButton_R11.csv",11
"2024-03-12","00:47:00",6.5,"iButton_R11.csv",11
"2024-03-12","05:02:00",6.5,"iButton_R11.csv",11
"2024-03-12","09:17:00",6.5,"iButton_R11.csv",11
"2024-03-12","13:32:00",6.5,"iButton_R11.csv",11
"2024-03-12","17:47:00",6.5,"iButton_R11.csv",11
"2024-03-12","22:02:00",6.5,"iButton_R11.csv",11
"2024-03-13","02:17:00",6.5,"iButton_R11.csv",11
"2024-03-13","06:32:00",6.5,"iButton_R11.csv",11
"2024-03-13","10:47:00",6.5,"iButton_R11.csv",11
"2024-03-13","15:02:00",6.5,"iButton_R11.csv",11
"2024-03-13","19:17:00",6.5,"iButton_R11.csv",11
"2024-03-13","23:32:00",6.5,"iButton_R11.csv",11
"2024-03-14","03:47:00",6.5,"iButton_R11.csv",11
"2024-03-14","08:02:00",6.5,"iButton_R11.csv",11
"2024-03-14","12:17:00",6.5,"iButton_R11.csv",11
"2024-03-14","16:32:00",6.5,"iButton_R11.csv",11
"2024-03-14","20:47:00",6.5,"iButton_R11.csv",11
"2024-03-15","01:02:00",6.5,"iButton_R11.csv",11
"2024-03-15","05:17:00",6.5,"iButton_R11.csv",11
"2024-03-15","09:32:00",6.5,"iButton_R11.csv",11
"2024-03-15","13:47:00",6.5,"iButton_R11.csv",11
"2024-03-15","18:02:00",6.5,"iButton_R11.csv",11
"2024-03-15","22:17:00",6.5,"iButton_R11.csv",11
"2024-03-16","02:32:00",6.5,"iButton_R11.csv",11
"2024-03-16","06:47:00",6.5,"iButton_R11.csv",11
"2024-03-16","11:02:00",6.5,"iButton_R11.csv",11
"2024-03-16","15:17:00",6.5,"iButton_R11.csv",11
"2024-03-16","19:32:00",6.5,"iButton_R11.csv",11
"2024-03-16","23:47:00",6.5,"iButton_R11.csv",11
"2024-03-17","04:02:00",6.5,"iButton_R11.csv",11
"2024-03-17","08:17:00",6.5,"iButton_R11.csv",11
"2024-03-17","12:32:00",6.5,"iButton_R11.csv",11
"2024-03-17","16:47:00",6.5,"iButton_R11.csv",11
"2024-03-17","21:02:00",6.5,"iButton_R11.csv",11
"2024-03-18","01:17:00",6.5,"iButton_R11.csv",11
"2024-03-18","05:32:00",6.5,"iButton_R11.csv",11
"2024-03-18","09:47:00",6.5,"iButton_R11.csv",11
"2024-03-18","14:02:00",6.5,"iButton_R11.csv",11
"2024-03-18","18:17:00",6.5,"iButton_R11.csv",11
"2024-03-18","22:32:00",6.5,"iButton_R11.csv",11
"2024-03-19","02:47:00",6.5,"iButton_R11.csv",11
"2024-03-19","07:02:00",6.5,"iButton_R11.csv",11
"2024-03-19","11:17:00",6.5,"iButton_R11.csv",11
"2024-03-19","15:32:00",6.5,"iButton_R11.csv",11
"2024-03-19","19:47:00",6.5,"iButton_R11.csv",11
"2024-03-20","00:02:00",6.5,"iButton_R11.csv",11
"2024-03-20","04:17:00",6.5,"iButton_R11.csv",11
"2024-03-20","08:32:00",6.5,"iButton_R11.csv",11
"2024-03-20","12:47:00",6.5,"iButton_R11.csv",11
"2024-03-20","17:02:00",6.5,"iButton_R11.csv",11
"2024-03-20","21:17:00",6.5,"iButton_R11.csv",11
"2024-03-21","01:32:00",6.5,"iButton_R11.csv",11
"2024-03-21","05:47:00",6.5,"iButton_R11.csv",11
"2024-03-21","10:02:00",6.5,"iButton_R11.csv",11
"2024-03-21","14:17:00",6.5,"iButton_R11.csv",11
"2024-03-21","18:32:00",6.5,"iButton_R11.csv",11
"2024-03-21","22:47:00",6.5,"iButton_R11.csv",11
"2024-03-22","03:02:00",6.5,"iButton_R11.csv",11
"2024-03-22","07:17:00",7,"iButton_R11.csv",11
"2024-03-22","11:32:00",6.5,"iButton_R11.csv",11
"2024-03-22","15:47:00",7,"iButton_R11.csv",11
"2024-03-22","20:02:00",6.5,"iButton_R11.csv",11
"2024-03-23","00:17:00",7,"iButton_R11.csv",11
"2024-03-23","04:32:00",6.5,"iButton_R11.csv",11
"2024-03-23","08:47:00",7,"iButton_R11.csv",11
"2024-03-23","13:02:00",7,"iButton_R11.csv",11
"2024-03-23","17:17:00",7,"iButton_R11.csv",11
"2024-03-23","21:32:00",7,"iButton_R11.csv",11
"2024-03-24","01:47:00",7,"iButton_R11.csv",11
"2024-03-24","06:02:00",7,"iButton_R11.csv",11
"2024-03-24","10:17:00",7,"iButton_R11.csv",11
"2024-03-24","14:32:00",7,"iButton_R11.csv",11
"2024-03-24","18:47:00",7,"iButton_R11.csv",11
"2024-03-24","23:02:00",7,"iButton_R11.csv",11
"2024-03-25","03:17:00",7,"iButton_R11.csv",11
"2024-03-25","07:32:00",7,"iButton_R11.csv",11
"2024-03-25","11:47:00",7,"iButton_R11.csv",11
"2024-03-25","16:02:00",7,"iButton_R11.csv",11
"2024-03-25","20:17:00",7,"iButton_R11.csv",11
"2024-03-26","00:32:00",7,"iButton_R11.csv",11
"2024-03-26","04:47:00",7,"iButton_R11.csv",11
"2024-03-26","09:02:00",7,"iButton_R11.csv",11
"2024-03-26","13:17:00",7,"iButton_R11.csv",11
"2024-03-26","17:32:00",7,"iButton_R11.csv",11
"2024-03-26","21:47:00",7,"iButton_R11.csv",11
"2024-03-27","02:02:00",7,"iButton_R11.csv",11
"2024-03-27","06:17:00",7,"iButton_R11.csv",11
"2024-03-27","10:32:00",7,"iButton_R11.csv",11
"2024-03-27","14:47:00",7,"iButton_R11.csv",11
"2024-03-27","19:02:00",7,"iButton_R11.csv",11
"2024-03-27","23:17:00",7,"iButton_R11.csv",11
"2024-03-28","03:32:00",7,"iButton_R11.csv",11
"2024-03-28","07:47:00",7,"iButton_R11.csv",11
"2024-03-28","12:02:00",7,"iButton_R11.csv",11
"2024-03-28","16:17:00",7,"iButton_R11.csv",11
"2024-03-28","20:32:00",7,"iButton_R11.csv",11
"2024-03-29","00:47:00",7,"iButton_R11.csv",11
"2024-03-29","05:02:00",7,"iButton_R11.csv",11
"2024-03-29","09:17:00",7,"iButton_R11.csv",11
"2024-03-29","13:32:00",7,"iButton_R11.csv",11
"2024-03-29","17:47:00",7,"iButton_R11.csv",11
"2023-11-03","22:32:00",11.5,"iButton_R12.csv",12
"2023-11-04","02:47:00",11.5,"iButton_R12.csv",12
"2023-11-04","07:02:00",11.5,"iButton_R12.csv",12
"2023-11-04","11:17:00",11.5,"iButton_R12.csv",12
"2023-11-04","15:32:00",11.5,"iButton_R12.csv",12
"2023-11-04","19:47:00",11.5,"iButton_R12.csv",12
"2023-11-05","00:02:00",11.5,"iButton_R12.csv",12
"2023-11-05","04:17:00",11.5,"iButton_R12.csv",12
"2023-11-05","08:32:00",11.5,"iButton_R12.csv",12
"2023-11-05","12:47:00",11.5,"iButton_R12.csv",12
"2023-11-05","17:02:00",11.5,"iButton_R12.csv",12
"2023-11-05","21:17:00",11.5,"iButton_R12.csv",12
"2023-11-06","01:32:00",11.5,"iButton_R12.csv",12
"2023-11-06","05:47:00",11.5,"iButton_R12.csv",12
"2023-11-06","10:02:00",11.5,"iButton_R12.csv",12
"2023-11-06","14:17:00",11.5,"iButton_R12.csv",12
"2023-11-06","18:32:00",11.5,"iButton_R12.csv",12
"2023-11-06","22:47:00",11.5,"iButton_R12.csv",12
"2023-11-07","03:02:00",11.5,"iButton_R12.csv",12
"2023-11-07","07:17:00",11.5,"iButton_R12.csv",12
"2023-11-07","11:32:00",11.5,"iButton_R12.csv",12
"2023-11-07","15:47:00",11.5,"iButton_R12.csv",12
"2023-11-07","20:02:00",11.5,"iButton_R12.csv",12
"2023-11-08","00:17:00",11.5,"iButton_R12.csv",12
"2023-11-08","04:32:00",11.5,"iButton_R12.csv",12
"2023-11-08","08:47:00",11,"iButton_R12.csv",12
"2023-11-08","13:02:00",11,"iButton_R12.csv",12
"2023-11-08","17:17:00",11,"iButton_R12.csv",12
"2023-11-08","21:32:00",11,"iButton_R12.csv",12
"2023-11-09","01:47:00",11,"iButton_R12.csv",12
"2023-11-09","06:02:00",11,"iButton_R12.csv",12
"2023-11-09","10:17:00",11,"iButton_R12.csv",12
"2023-11-09","14:32:00",11,"iButton_R12.csv",12
"2023-11-09","18:47:00",11,"iButton_R12.csv",12
"2023-11-09","23:02:00",11,"iButton_R12.csv",12
"2023-11-10","03:17:00",11,"iButton_R12.csv",12
"2023-11-10","07:32:00",11,"iButton_R12.csv",12
"2023-11-10","11:47:00",11,"iButton_R12.csv",12
"2023-11-10","16:02:00",11,"iButton_R12.csv",12
"2023-11-10","20:17:00",11,"iButton_R12.csv",12
"2023-11-11","00:32:00",11,"iButton_R12.csv",12
"2023-11-11","04:47:00",11,"iButton_R12.csv",12
"2023-11-11","09:02:00",11,"iButton_R12.csv",12
"2023-11-11","13:17:00",11,"iButton_R12.csv",12
"2023-11-11","17:32:00",11,"iButton_R12.csv",12
"2023-11-11","21:47:00",11,"iButton_R12.csv",12
"2023-11-12","02:02:00",11,"iButton_R12.csv",12
"2023-11-12","06:17:00",11,"iButton_R12.csv",12
"2023-11-12","10:32:00",11,"iButton_R12.csv",12
"2023-11-12","14:47:00",11,"iButton_R12.csv",12
"2023-11-12","19:02:00",11,"iButton_R12.csv",12
"2023-11-12","23:17:00",11,"iButton_R12.csv",12
"2023-11-13","03:32:00",11,"iButton_R12.csv",12
"2023-11-13","07:47:00",11,"iButton_R12.csv",12
"2023-11-13","12:02:00",11,"iButton_R12.csv",12
"2023-11-13","16:17:00",11,"iButton_R12.csv",12
"2023-11-13","20:32:00",11,"iButton_R12.csv",12
"2023-11-14","00:47:00",11,"iButton_R12.csv",12
"2023-11-14","05:02:00",11,"iButton_R12.csv",12
"2023-11-14","09:17:00",11,"iButton_R12.csv",12
"2023-11-14","13:32:00",11,"iButton_R12.csv",12
"2023-11-14","17:47:00",11,"iButton_R12.csv",12
"2023-11-14","22:02:00",11,"iButton_R12.csv",12
"2023-11-15","02:17:00",11,"iButton_R12.csv",12
"2023-11-15","06:32:00",11,"iButton_R12.csv",12
"2023-11-15","10:47:00",11,"iButton_R12.csv",12
"2023-11-15","15:02:00",11,"iButton_R12.csv",12
"2023-11-15","19:17:00",11,"iButton_R12.csv",12
"2023-11-15","23:32:00",11,"iButton_R12.csv",12
"2023-11-16","03:47:00",11,"iButton_R12.csv",12
"2023-11-16","08:02:00",11,"iButton_R12.csv",12
"2023-11-16","12:17:00",11,"iButton_R12.csv",12
"2023-11-16","16:32:00",11,"iButton_R12.csv",12
"2023-11-16","20:47:00",11,"iButton_R12.csv",12
"2023-11-17","01:02:00",11,"iButton_R12.csv",12
"2023-11-17","05:17:00",11,"iButton_R12.csv",12
"2023-11-17","09:32:00",11,"iButton_R12.csv",12
"2023-11-17","13:47:00",11,"iButton_R12.csv",12
"2023-11-17","18:02:00",11,"iButton_R12.csv",12
"2023-11-17","22:17:00",11,"iButton_R12.csv",12
"2023-11-18","02:32:00",11,"iButton_R12.csv",12
"2023-11-18","06:47:00",10.5,"iButton_R12.csv",12
"2023-11-18","11:02:00",10.5,"iButton_R12.csv",12
"2023-11-18","15:17:00",10.5,"iButton_R12.csv",12
"2023-11-18","19:32:00",10.5,"iButton_R12.csv",12
"2023-11-18","23:47:00",10.5,"iButton_R12.csv",12
"2023-11-19","04:02:00",10.5,"iButton_R12.csv",12
"2023-11-19","08:17:00",10.5,"iButton_R12.csv",12
"2023-11-19","12:32:00",10.5,"iButton_R12.csv",12
"2023-11-19","16:47:00",10.5,"iButton_R12.csv",12
"2023-11-19","21:02:00",10.5,"iButton_R12.csv",12
"2023-11-20","01:17:00",10.5,"iButton_R12.csv",12
"2023-11-20","05:32:00",10.5,"iButton_R12.csv",12
"2023-11-20","09:47:00",10.5,"iButton_R12.csv",12
"2023-11-20","14:02:00",10.5,"iButton_R12.csv",12
"2023-11-20","18:17:00",10.5,"iButton_R12.csv",12
"2023-11-20","22:32:00",10.5,"iButton_R12.csv",12
"2023-11-21","02:47:00",10.5,"iButton_R12.csv",12
"2023-11-21","07:02:00",10.5,"iButton_R12.csv",12
"2023-11-21","11:17:00",10.5,"iButton_R12.csv",12
"2023-11-21","15:32:00",10.5,"iButton_R12.csv",12
"2023-11-21","19:47:00",10.5,"iButton_R12.csv",12
"2023-11-22","00:02:00",10.5,"iButton_R12.csv",12
"2023-11-22","04:17:00",10.5,"iButton_R12.csv",12
"2023-11-22","08:32:00",10.5,"iButton_R12.csv",12
"2023-11-22","12:47:00",10.5,"iButton_R12.csv",12
"2023-11-22","17:02:00",10.5,"iButton_R12.csv",12
"2023-11-22","21:17:00",10.5,"iButton_R12.csv",12
"2023-11-23","01:32:00",10.5,"iButton_R12.csv",12
"2023-11-23","05:47:00",10.5,"iButton_R12.csv",12
"2023-11-23","10:02:00",10.5,"iButton_R12.csv",12
"2023-11-23","14:17:00",10.5,"iButton_R12.csv",12
"2023-11-23","18:32:00",10.5,"iButton_R12.csv",12
"2023-11-23","22:47:00",10.5,"iButton_R12.csv",12
"2023-11-24","03:02:00",10.5,"iButton_R12.csv",12
"2023-11-24","07:17:00",10,"iButton_R12.csv",12
"2023-11-24","11:32:00",10,"iButton_R12.csv",12
"2023-11-24","15:47:00",10,"iButton_R12.csv",12
"2023-11-24","20:02:00",10,"iButton_R12.csv",12
"2023-11-25","00:17:00",10,"iButton_R12.csv",12
"2023-11-25","04:32:00",10,"iButton_R12.csv",12
"2023-11-25","08:47:00",10,"iButton_R12.csv",12
"2023-11-25","13:02:00",10,"iButton_R12.csv",12
"2023-11-25","17:17:00",10,"iButton_R12.csv",12
"2023-11-25","21:32:00",10,"iButton_R12.csv",12
"2023-11-26","01:47:00",10,"iButton_R12.csv",12
"2023-11-26","06:02:00",10,"iButton_R12.csv",12
"2023-11-26","10:17:00",10,"iButton_R12.csv",12
"2023-11-26","14:32:00",10,"iButton_R12.csv",12
"2023-11-26","18:47:00",10,"iButton_R12.csv",12
"2023-11-26","23:02:00",10,"iButton_R12.csv",12
"2023-11-27","03:17:00",10,"iButton_R12.csv",12
"2023-11-27","07:32:00",10,"iButton_R12.csv",12
"2023-11-27","11:47:00",10,"iButton_R12.csv",12
"2023-11-27","16:02:00",10,"iButton_R12.csv",12
"2023-11-27","20:17:00",10,"iButton_R12.csv",12
"2023-11-28","00:32:00",10,"iButton_R12.csv",12
"2023-11-28","04:47:00",10,"iButton_R12.csv",12
"2023-11-28","09:02:00",9.5,"iButton_R12.csv",12
"2023-11-28","13:17:00",10,"iButton_R12.csv",12
"2023-11-28","17:32:00",9.5,"iButton_R12.csv",12
"2023-11-28","21:47:00",9.5,"iButton_R12.csv",12
"2023-11-29","02:02:00",9.5,"iButton_R12.csv",12
"2023-11-29","06:17:00",9.5,"iButton_R12.csv",12
"2023-11-29","10:32:00",9.5,"iButton_R12.csv",12
"2023-11-29","14:47:00",9.5,"iButton_R12.csv",12
"2023-11-29","19:02:00",9.5,"iButton_R12.csv",12
"2023-11-29","23:17:00",9.5,"iButton_R12.csv",12
"2023-11-30","03:32:00",9.5,"iButton_R12.csv",12
"2023-11-30","07:47:00",9.5,"iButton_R12.csv",12
"2023-11-30","12:02:00",9.5,"iButton_R12.csv",12
"2023-11-30","16:17:00",9.5,"iButton_R12.csv",12
"2023-11-30","20:32:00",9.5,"iButton_R12.csv",12
"2023-12-01","00:47:00",9.5,"iButton_R12.csv",12
"2023-12-01","05:02:00",9.5,"iButton_R12.csv",12
"2023-12-01","09:17:00",9.5,"iButton_R12.csv",12
"2023-12-01","13:32:00",9.5,"iButton_R12.csv",12
"2023-12-01","17:47:00",9.5,"iButton_R12.csv",12
"2023-12-01","22:02:00",9.5,"iButton_R12.csv",12
"2023-12-02","02:17:00",9.5,"iButton_R12.csv",12
"2023-12-02","06:32:00",9.5,"iButton_R12.csv",12
"2023-12-02","10:47:00",9.5,"iButton_R12.csv",12
"2023-12-02","15:02:00",9.5,"iButton_R12.csv",12
"2023-12-02","19:17:00",9,"iButton_R12.csv",12
"2023-12-02","23:32:00",9,"iButton_R12.csv",12
"2023-12-03","03:47:00",9,"iButton_R12.csv",12
"2023-12-03","08:02:00",9,"iButton_R12.csv",12
"2023-12-03","12:17:00",9,"iButton_R12.csv",12
"2023-12-03","16:32:00",9,"iButton_R12.csv",12
"2023-12-03","20:47:00",9,"iButton_R12.csv",12
"2023-12-04","01:02:00",9,"iButton_R12.csv",12
"2023-12-04","05:17:00",9,"iButton_R12.csv",12
"2023-12-04","09:32:00",9,"iButton_R12.csv",12
"2023-12-04","13:47:00",9,"iButton_R12.csv",12
"2023-12-04","18:02:00",9,"iButton_R12.csv",12
"2023-12-04","22:17:00",9,"iButton_R12.csv",12
"2023-12-05","02:32:00",9,"iButton_R12.csv",12
"2023-12-05","06:47:00",9,"iButton_R12.csv",12
"2023-12-05","11:02:00",9,"iButton_R12.csv",12
"2023-12-05","15:17:00",9,"iButton_R12.csv",12
"2023-12-05","19:32:00",9,"iButton_R12.csv",12
"2023-12-05","23:47:00",9,"iButton_R12.csv",12
"2023-12-06","04:02:00",8.5,"iButton_R12.csv",12
"2023-12-06","08:17:00",8.5,"iButton_R12.csv",12
"2023-12-06","12:32:00",8.5,"iButton_R12.csv",12
"2023-12-06","16:47:00",9,"iButton_R12.csv",12
"2023-12-06","21:02:00",8.5,"iButton_R12.csv",12
"2023-12-07","01:17:00",9,"iButton_R12.csv",12
"2023-12-07","05:32:00",8.5,"iButton_R12.csv",12
"2023-12-07","09:47:00",9,"iButton_R12.csv",12
"2023-12-07","14:02:00",8.5,"iButton_R12.csv",12
"2023-12-07","18:17:00",8.5,"iButton_R12.csv",12
"2023-12-07","22:32:00",8.5,"iButton_R12.csv",12
"2023-12-08","02:47:00",8.5,"iButton_R12.csv",12
"2023-12-08","07:02:00",8.5,"iButton_R12.csv",12
"2023-12-08","11:17:00",8.5,"iButton_R12.csv",12
"2023-12-08","15:32:00",8.5,"iButton_R12.csv",12
"2023-12-08","19:47:00",8.5,"iButton_R12.csv",12
"2023-12-09","00:02:00",8.5,"iButton_R12.csv",12
"2023-12-09","04:17:00",8.5,"iButton_R12.csv",12
"2023-12-09","08:32:00",8.5,"iButton_R12.csv",12
"2023-12-09","12:47:00",8.5,"iButton_R12.csv",12
"2023-12-09","17:02:00",8.5,"iButton_R12.csv",12
"2023-12-09","21:17:00",8.5,"iButton_R12.csv",12
"2023-12-10","01:32:00",8.5,"iButton_R12.csv",12
"2023-12-10","05:47:00",8.5,"iButton_R12.csv",12
"2023-12-10","10:02:00",8.5,"iButton_R12.csv",12
"2023-12-10","14:17:00",8.5,"iButton_R12.csv",12
"2023-12-10","18:32:00",8.5,"iButton_R12.csv",12
"2023-12-10","22:47:00",8.5,"iButton_R12.csv",12
"2023-12-11","03:02:00",8.5,"iButton_R12.csv",12
"2023-12-11","07:17:00",8.5,"iButton_R12.csv",12
"2023-12-11","11:32:00",8.5,"iButton_R12.csv",12
"2023-12-11","15:47:00",8.5,"iButton_R12.csv",12
"2023-12-11","20:02:00",8.5,"iButton_R12.csv",12
"2023-12-12","00:17:00",8.5,"iButton_R12.csv",12
"2023-12-12","04:32:00",8.5,"iButton_R12.csv",12
"2023-12-12","08:47:00",8.5,"iButton_R12.csv",12
"2023-12-12","13:02:00",8.5,"iButton_R12.csv",12
"2023-12-12","17:17:00",8.5,"iButton_R12.csv",12
"2023-12-12","21:32:00",8.5,"iButton_R12.csv",12
"2023-12-13","01:47:00",8.5,"iButton_R12.csv",12
"2023-12-13","06:02:00",8.5,"iButton_R12.csv",12
"2023-12-13","10:17:00",8.5,"iButton_R12.csv",12
"2023-12-13","14:32:00",8,"iButton_R12.csv",12
"2023-12-13","18:47:00",8,"iButton_R12.csv",12
"2023-12-13","23:02:00",8,"iButton_R12.csv",12
"2023-12-14","03:17:00",8,"iButton_R12.csv",12
"2023-12-14","07:32:00",8,"iButton_R12.csv",12
"2023-12-14","11:47:00",8,"iButton_R12.csv",12
"2023-12-14","16:02:00",8,"iButton_R12.csv",12
"2023-12-14","20:17:00",8,"iButton_R12.csv",12
"2023-12-15","00:32:00",8,"iButton_R12.csv",12
"2023-12-15","04:47:00",8,"iButton_R12.csv",12
"2023-12-15","09:02:00",8,"iButton_R12.csv",12
"2023-12-15","13:17:00",8,"iButton_R12.csv",12
"2023-12-15","17:32:00",8,"iButton_R12.csv",12
"2023-12-15","21:47:00",8,"iButton_R12.csv",12
"2023-12-16","02:02:00",8,"iButton_R12.csv",12
"2023-12-16","06:17:00",8,"iButton_R12.csv",12
"2023-12-16","10:32:00",8,"iButton_R12.csv",12
"2023-12-16","14:47:00",8,"iButton_R12.csv",12
"2023-12-16","19:02:00",8,"iButton_R12.csv",12
"2023-12-16","23:17:00",8,"iButton_R12.csv",12
"2023-12-17","03:32:00",8,"iButton_R12.csv",12
"2023-12-17","07:47:00",8,"iButton_R12.csv",12
"2023-12-17","12:02:00",8,"iButton_R12.csv",12
"2023-12-17","16:17:00",8,"iButton_R12.csv",12
"2023-12-17","20:32:00",8,"iButton_R12.csv",12
"2023-12-18","00:47:00",8,"iButton_R12.csv",12
"2023-12-18","05:02:00",8,"iButton_R12.csv",12
"2023-12-18","09:17:00",8,"iButton_R12.csv",12
"2023-12-18","13:32:00",8,"iButton_R12.csv",12
"2023-12-18","17:47:00",8,"iButton_R12.csv",12
"2023-12-18","22:02:00",8,"iButton_R12.csv",12
"2023-12-19","02:17:00",8,"iButton_R12.csv",12
"2023-12-19","06:32:00",8,"iButton_R12.csv",12
"2023-12-19","10:47:00",8,"iButton_R12.csv",12
"2023-12-19","15:02:00",8,"iButton_R12.csv",12
"2023-12-19","19:17:00",8,"iButton_R12.csv",12
"2023-12-19","23:32:00",8,"iButton_R12.csv",12
"2023-12-20","03:47:00",8,"iButton_R12.csv",12
"2023-12-20","08:02:00",8,"iButton_R12.csv",12
"2023-12-20","12:17:00",8,"iButton_R12.csv",12
"2023-12-20","16:32:00",8,"iButton_R12.csv",12
"2023-12-20","20:47:00",8,"iButton_R12.csv",12
"2023-12-21","01:02:00",8,"iButton_R12.csv",12
"2023-12-21","05:17:00",8,"iButton_R12.csv",12
"2023-12-21","09:32:00",8,"iButton_R12.csv",12
"2023-12-21","13:47:00",8,"iButton_R12.csv",12
"2023-12-21","18:02:00",8,"iButton_R12.csv",12
"2023-12-21","22:17:00",8,"iButton_R12.csv",12
"2023-12-22","02:32:00",8,"iButton_R12.csv",12
"2023-12-22","06:47:00",8,"iButton_R12.csv",12
"2023-12-22","11:02:00",8,"iButton_R12.csv",12
"2023-12-22","15:17:00",8,"iButton_R12.csv",12
"2023-12-22","19:32:00",8,"iButton_R12.csv",12
"2023-12-22","23:47:00",8,"iButton_R12.csv",12
"2023-12-23","04:02:00",8,"iButton_R12.csv",12
"2023-12-23","08:17:00",8,"iButton_R12.csv",12
"2023-12-23","12:32:00",8,"iButton_R12.csv",12
"2023-12-23","16:47:00",8,"iButton_R12.csv",12
"2023-12-23","21:02:00",8,"iButton_R12.csv",12
"2023-12-24","01:17:00",8,"iButton_R12.csv",12
"2023-12-24","05:32:00",8,"iButton_R12.csv",12
"2023-12-24","09:47:00",8,"iButton_R12.csv",12
"2023-12-24","14:02:00",8,"iButton_R12.csv",12
"2023-12-24","18:17:00",8,"iButton_R12.csv",12
"2023-12-24","22:32:00",8,"iButton_R12.csv",12
"2023-12-25","02:47:00",8,"iButton_R12.csv",12
"2023-12-25","07:02:00",8,"iButton_R12.csv",12
"2023-12-25","11:17:00",8,"iButton_R12.csv",12
"2023-12-25","15:32:00",8,"iButton_R12.csv",12
"2023-12-25","19:47:00",8,"iButton_R12.csv",12
"2023-12-26","00:02:00",8,"iButton_R12.csv",12
"2023-12-26","04:17:00",8,"iButton_R12.csv",12
"2023-12-26","08:32:00",8,"iButton_R12.csv",12
"2023-12-26","12:47:00",8,"iButton_R12.csv",12
"2023-12-26","17:02:00",8,"iButton_R12.csv",12
"2023-12-26","21:17:00",8,"iButton_R12.csv",12
"2023-12-27","01:32:00",8,"iButton_R12.csv",12
"2023-12-27","05:47:00",8,"iButton_R12.csv",12
"2023-12-27","10:02:00",8,"iButton_R12.csv",12
"2023-12-27","14:17:00",8,"iButton_R12.csv",12
"2023-12-27","18:32:00",8,"iButton_R12.csv",12
"2023-12-27","22:47:00",8,"iButton_R12.csv",12
"2023-12-28","03:02:00",8,"iButton_R12.csv",12
"2023-12-28","07:17:00",8,"iButton_R12.csv",12
"2023-12-28","11:32:00",8,"iButton_R12.csv",12
"2023-12-28","15:47:00",8,"iButton_R12.csv",12
"2023-12-28","20:02:00",8,"iButton_R12.csv",12
"2023-12-29","00:17:00",8,"iButton_R12.csv",12
"2023-12-29","04:32:00",8,"iButton_R12.csv",12
"2023-12-29","08:47:00",8,"iButton_R12.csv",12
"2023-12-29","13:02:00",8,"iButton_R12.csv",12
"2023-12-29","17:17:00",8,"iButton_R12.csv",12
"2023-12-29","21:32:00",8,"iButton_R12.csv",12
"2023-12-30","01:47:00",8,"iButton_R12.csv",12
"2023-12-30","06:02:00",8,"iButton_R12.csv",12
"2023-12-30","10:17:00",8,"iButton_R12.csv",12
"2023-12-30","14:32:00",8,"iButton_R12.csv",12
"2023-12-30","18:47:00",8,"iButton_R12.csv",12
"2023-12-30","23:02:00",8,"iButton_R12.csv",12
"2023-12-31","03:17:00",8,"iButton_R12.csv",12
"2023-12-31","07:32:00",8,"iButton_R12.csv",12
"2023-12-31","11:47:00",8,"iButton_R12.csv",12
"2023-12-31","16:02:00",8,"iButton_R12.csv",12
"2023-12-31","20:17:00",8,"iButton_R12.csv",12
"2024-01-01","00:32:00",8,"iButton_R12.csv",12
"2024-01-01","04:47:00",8,"iButton_R12.csv",12
"2024-01-01","09:02:00",8,"iButton_R12.csv",12
"2024-01-01","13:17:00",8,"iButton_R12.csv",12
"2024-01-01","17:32:00",8,"iButton_R12.csv",12
"2024-01-01","21:47:00",8,"iButton_R12.csv",12
"2024-01-02","02:02:00",8,"iButton_R12.csv",12
"2024-01-02","06:17:00",8,"iButton_R12.csv",12
"2024-01-02","10:32:00",8,"iButton_R12.csv",12
"2024-01-02","14:47:00",7.5,"iButton_R12.csv",12
"2024-01-02","19:02:00",7.5,"iButton_R12.csv",12
"2024-01-02","23:17:00",7.5,"iButton_R12.csv",12
"2024-01-03","03:32:00",7.5,"iButton_R12.csv",12
"2024-01-03","07:47:00",7.5,"iButton_R12.csv",12
"2024-01-03","12:02:00",7.5,"iButton_R12.csv",12
"2024-01-03","16:17:00",8,"iButton_R12.csv",12
"2024-01-03","20:32:00",8,"iButton_R12.csv",12
"2024-01-04","00:47:00",8,"iButton_R12.csv",12
"2024-01-04","05:02:00",7.5,"iButton_R12.csv",12
"2024-01-04","09:17:00",7.5,"iButton_R12.csv",12
"2024-01-04","13:32:00",7.5,"iButton_R12.csv",12
"2024-01-04","17:47:00",7.5,"iButton_R12.csv",12
"2024-01-04","22:02:00",7.5,"iButton_R12.csv",12
"2024-01-05","02:17:00",7.5,"iButton_R12.csv",12
"2024-01-05","06:32:00",7.5,"iButton_R12.csv",12
"2024-01-05","10:47:00",7.5,"iButton_R12.csv",12
"2024-01-05","15:02:00",7.5,"iButton_R12.csv",12
"2024-01-05","19:17:00",7.5,"iButton_R12.csv",12
"2024-01-05","23:32:00",7.5,"iButton_R12.csv",12
"2024-01-06","03:47:00",7,"iButton_R12.csv",12
"2024-01-06","08:02:00",7,"iButton_R12.csv",12
"2024-01-06","12:17:00",7,"iButton_R12.csv",12
"2024-01-06","16:32:00",7,"iButton_R12.csv",12
"2024-01-06","20:47:00",7,"iButton_R12.csv",12
"2024-01-07","01:02:00",7,"iButton_R12.csv",12
"2024-01-07","05:17:00",7,"iButton_R12.csv",12
"2024-01-07","09:32:00",7,"iButton_R12.csv",12
"2024-01-07","13:47:00",7,"iButton_R12.csv",12
"2024-01-07","18:02:00",7,"iButton_R12.csv",12
"2024-01-07","22:17:00",7,"iButton_R12.csv",12
"2024-01-08","02:32:00",7,"iButton_R12.csv",12
"2024-01-08","06:47:00",7,"iButton_R12.csv",12
"2024-01-08","11:02:00",7,"iButton_R12.csv",12
"2024-01-08","15:17:00",7,"iButton_R12.csv",12
"2024-01-08","19:32:00",7,"iButton_R12.csv",12
"2024-01-08","23:47:00",7,"iButton_R12.csv",12
"2024-01-09","04:02:00",7,"iButton_R12.csv",12
"2024-01-09","08:17:00",7,"iButton_R12.csv",12
"2024-01-09","12:32:00",7,"iButton_R12.csv",12
"2024-01-09","16:47:00",7,"iButton_R12.csv",12
"2024-01-09","21:02:00",7,"iButton_R12.csv",12
"2024-01-10","01:17:00",7,"iButton_R12.csv",12
"2024-01-10","05:32:00",7,"iButton_R12.csv",12
"2024-01-10","09:47:00",7,"iButton_R12.csv",12
"2024-01-10","14:02:00",7,"iButton_R12.csv",12
"2024-01-10","18:17:00",7,"iButton_R12.csv",12
"2024-01-10","22:32:00",7,"iButton_R12.csv",12
"2024-01-11","02:47:00",7,"iButton_R12.csv",12
"2024-01-11","07:02:00",7,"iButton_R12.csv",12
"2024-01-11","11:17:00",7,"iButton_R12.csv",12
"2024-01-11","15:32:00",7,"iButton_R12.csv",12
"2024-01-11","19:47:00",7,"iButton_R12.csv",12
"2024-01-12","00:02:00",7,"iButton_R12.csv",12
"2024-01-12","04:17:00",7,"iButton_R12.csv",12
"2024-01-12","08:32:00",7,"iButton_R12.csv",12
"2024-01-12","12:47:00",7,"iButton_R12.csv",12
"2024-01-12","17:02:00",7,"iButton_R12.csv",12
"2024-01-12","21:17:00",7,"iButton_R12.csv",12
"2024-01-13","01:32:00",7,"iButton_R12.csv",12
"2024-01-13","05:47:00",7,"iButton_R12.csv",12
"2024-01-13","10:02:00",7,"iButton_R12.csv",12
"2024-01-13","14:17:00",7,"iButton_R12.csv",12
"2024-01-13","18:32:00",7,"iButton_R12.csv",12
"2024-01-13","22:47:00",7,"iButton_R12.csv",12
"2024-01-14","03:02:00",7,"iButton_R12.csv",12
"2024-01-14","07:17:00",7,"iButton_R12.csv",12
"2024-01-14","11:32:00",7,"iButton_R12.csv",12
"2024-01-14","15:47:00",7,"iButton_R12.csv",12
"2024-01-14","20:02:00",7,"iButton_R12.csv",12
"2024-01-15","00:17:00",7,"iButton_R12.csv",12
"2024-01-15","04:32:00",7,"iButton_R12.csv",12
"2024-01-15","08:47:00",7,"iButton_R12.csv",12
"2024-01-15","13:02:00",7,"iButton_R12.csv",12
"2024-01-15","17:17:00",7,"iButton_R12.csv",12
"2024-01-15","21:32:00",7,"iButton_R12.csv",12
"2024-01-16","01:47:00",7,"iButton_R12.csv",12
"2024-01-16","06:02:00",7,"iButton_R12.csv",12
"2024-01-16","10:17:00",7,"iButton_R12.csv",12
"2024-01-16","14:32:00",7,"iButton_R12.csv",12
"2024-01-16","18:47:00",7,"iButton_R12.csv",12
"2024-01-16","23:02:00",7,"iButton_R12.csv",12
"2024-01-17","03:17:00",7,"iButton_R12.csv",12
"2024-01-17","07:32:00",6.5,"iButton_R12.csv",12
"2024-01-17","11:47:00",6.5,"iButton_R12.csv",12
"2024-01-17","16:02:00",6.5,"iButton_R12.csv",12
"2024-01-17","20:17:00",6.5,"iButton_R12.csv",12
"2024-01-18","00:32:00",6.5,"iButton_R12.csv",12
"2024-01-18","04:47:00",6.5,"iButton_R12.csv",12
"2024-01-18","09:02:00",6.5,"iButton_R12.csv",12
"2024-01-18","13:17:00",6.5,"iButton_R12.csv",12
"2024-01-18","17:32:00",6.5,"iButton_R12.csv",12
"2024-01-18","21:47:00",6.5,"iButton_R12.csv",12
"2024-01-19","02:02:00",6.5,"iButton_R12.csv",12
"2024-01-19","06:17:00",6.5,"iButton_R12.csv",12
"2024-01-19","10:32:00",6.5,"iButton_R12.csv",12
"2024-01-19","14:47:00",6.5,"iButton_R12.csv",12
"2024-01-19","19:02:00",6.5,"iButton_R12.csv",12
"2024-01-19","23:17:00",6.5,"iButton_R12.csv",12
"2024-01-20","03:32:00",6.5,"iButton_R12.csv",12
"2024-01-20","07:47:00",6.5,"iButton_R12.csv",12
"2024-01-20","12:02:00",6.5,"iButton_R12.csv",12
"2024-01-20","16:17:00",6.5,"iButton_R12.csv",12
"2024-01-20","20:32:00",6.5,"iButton_R12.csv",12
"2024-01-21","00:47:00",6.5,"iButton_R12.csv",12
"2024-01-21","05:02:00",6.5,"iButton_R12.csv",12
"2024-01-21","09:17:00",6.5,"iButton_R12.csv",12
"2024-01-21","13:32:00",6.5,"iButton_R12.csv",12
"2024-01-21","17:47:00",6.5,"iButton_R12.csv",12
"2024-01-21","22:02:00",6.5,"iButton_R12.csv",12
"2024-01-22","02:17:00",6.5,"iButton_R12.csv",12
"2024-01-22","06:32:00",6.5,"iButton_R12.csv",12
"2024-01-22","10:47:00",6.5,"iButton_R12.csv",12
"2024-01-22","15:02:00",6.5,"iButton_R12.csv",12
"2024-01-22","19:17:00",6.5,"iButton_R12.csv",12
"2024-01-22","23:32:00",6.5,"iButton_R12.csv",12
"2024-01-23","03:47:00",6.5,"iButton_R12.csv",12
"2024-01-23","08:02:00",6.5,"iButton_R12.csv",12
"2024-01-23","12:17:00",6.5,"iButton_R12.csv",12
"2024-01-23","16:32:00",6.5,"iButton_R12.csv",12
"2024-01-23","20:47:00",6.5,"iButton_R12.csv",12
"2024-01-24","01:02:00",6.5,"iButton_R12.csv",12
"2024-01-24","05:17:00",6.5,"iButton_R12.csv",12
"2024-01-24","09:32:00",6.5,"iButton_R12.csv",12
"2024-01-24","13:47:00",6.5,"iButton_R12.csv",12
"2024-01-24","18:02:00",6.5,"iButton_R12.csv",12
"2024-01-24","22:17:00",6.5,"iButton_R12.csv",12
"2024-01-25","02:32:00",6.5,"iButton_R12.csv",12
"2024-01-25","06:47:00",6.5,"iButton_R12.csv",12
"2024-01-25","11:02:00",6.5,"iButton_R12.csv",12
"2024-01-25","15:17:00",6.5,"iButton_R12.csv",12
"2024-01-25","19:32:00",6.5,"iButton_R12.csv",12
"2024-01-25","23:47:00",6.5,"iButton_R12.csv",12
"2024-01-26","04:02:00",6.5,"iButton_R12.csv",12
"2024-01-26","08:17:00",6.5,"iButton_R12.csv",12
"2024-01-26","12:32:00",6.5,"iButton_R12.csv",12
"2024-01-26","16:47:00",6.5,"iButton_R12.csv",12
"2024-01-26","21:02:00",6.5,"iButton_R12.csv",12
"2024-01-27","01:17:00",6.5,"iButton_R12.csv",12
"2024-01-27","05:32:00",6.5,"iButton_R12.csv",12
"2024-01-27","09:47:00",6.5,"iButton_R12.csv",12
"2024-01-27","14:02:00",6.5,"iButton_R12.csv",12
"2024-01-27","18:17:00",6.5,"iButton_R12.csv",12
"2024-01-27","22:32:00",6.5,"iButton_R12.csv",12
"2024-01-28","02:47:00",6.5,"iButton_R12.csv",12
"2024-01-28","07:02:00",6.5,"iButton_R12.csv",12
"2024-01-28","11:17:00",6.5,"iButton_R12.csv",12
"2024-01-28","15:32:00",6.5,"iButton_R12.csv",12
"2024-01-28","19:47:00",6.5,"iButton_R12.csv",12
"2024-01-29","00:02:00",6.5,"iButton_R12.csv",12
"2024-01-29","04:17:00",6.5,"iButton_R12.csv",12
"2024-01-29","08:32:00",6.5,"iButton_R12.csv",12
"2024-01-29","12:47:00",6.5,"iButton_R12.csv",12
"2024-01-29","17:02:00",6.5,"iButton_R12.csv",12
"2024-01-29","21:17:00",6.5,"iButton_R12.csv",12
"2024-01-30","01:32:00",6.5,"iButton_R12.csv",12
"2024-01-30","05:47:00",6.5,"iButton_R12.csv",12
"2024-01-30","10:02:00",6.5,"iButton_R12.csv",12
"2024-01-30","14:17:00",6.5,"iButton_R12.csv",12
"2024-01-30","18:32:00",6.5,"iButton_R12.csv",12
"2024-01-30","22:47:00",6.5,"iButton_R12.csv",12
"2024-01-31","03:02:00",6.5,"iButton_R12.csv",12
"2024-01-31","07:17:00",6.5,"iButton_R12.csv",12
"2024-01-31","11:32:00",6.5,"iButton_R12.csv",12
"2024-01-31","15:47:00",6.5,"iButton_R12.csv",12
"2024-01-31","20:02:00",6.5,"iButton_R12.csv",12
"2024-02-01","00:17:00",6.5,"iButton_R12.csv",12
"2024-02-01","04:32:00",6.5,"iButton_R12.csv",12
"2024-02-01","08:47:00",6.5,"iButton_R12.csv",12
"2024-02-01","13:02:00",6.5,"iButton_R12.csv",12
"2024-02-01","17:17:00",6.5,"iButton_R12.csv",12
"2024-02-01","21:32:00",6.5,"iButton_R12.csv",12
"2024-02-02","01:47:00",6.5,"iButton_R12.csv",12
"2024-02-02","06:02:00",6.5,"iButton_R12.csv",12
"2024-02-02","10:17:00",6.5,"iButton_R12.csv",12
"2024-02-02","14:32:00",6.5,"iButton_R12.csv",12
"2024-02-02","18:47:00",6.5,"iButton_R12.csv",12
"2024-02-02","23:02:00",6.5,"iButton_R12.csv",12
"2024-02-03","03:17:00",6.5,"iButton_R12.csv",12
"2024-02-03","07:32:00",6.5,"iButton_R12.csv",12
"2024-02-03","11:47:00",6.5,"iButton_R12.csv",12
"2024-02-03","16:02:00",6.5,"iButton_R12.csv",12
"2024-02-03","20:17:00",6.5,"iButton_R12.csv",12
"2024-02-04","00:32:00",6.5,"iButton_R12.csv",12
"2024-02-04","04:47:00",6.5,"iButton_R12.csv",12
"2024-02-04","09:02:00",6.5,"iButton_R12.csv",12
"2024-02-04","13:17:00",6.5,"iButton_R12.csv",12
"2024-02-04","17:32:00",6.5,"iButton_R12.csv",12
"2024-02-04","21:47:00",6.5,"iButton_R12.csv",12
"2024-02-05","02:02:00",6.5,"iButton_R12.csv",12
"2024-02-05","06:17:00",6.5,"iButton_R12.csv",12
"2024-02-05","10:32:00",6.5,"iButton_R12.csv",12
"2024-02-05","14:47:00",6.5,"iButton_R12.csv",12
"2024-02-05","19:02:00",6.5,"iButton_R12.csv",12
"2024-02-05","23:17:00",6.5,"iButton_R12.csv",12
"2024-02-06","03:32:00",6.5,"iButton_R12.csv",12
"2024-02-06","07:47:00",6.5,"iButton_R12.csv",12
"2024-02-06","12:02:00",6.5,"iButton_R12.csv",12
"2024-02-06","16:17:00",6.5,"iButton_R12.csv",12
"2024-02-06","20:32:00",6.5,"iButton_R12.csv",12
"2024-02-07","00:47:00",6.5,"iButton_R12.csv",12
"2024-02-07","05:02:00",6.5,"iButton_R12.csv",12
"2024-02-07","09:17:00",6.5,"iButton_R12.csv",12
"2024-02-07","13:32:00",6.5,"iButton_R12.csv",12
"2024-02-07","17:47:00",6.5,"iButton_R12.csv",12
"2024-02-07","22:02:00",6.5,"iButton_R12.csv",12
"2024-02-08","02:17:00",6.5,"iButton_R12.csv",12
"2024-02-08","06:32:00",6.5,"iButton_R12.csv",12
"2024-02-08","10:47:00",6.5,"iButton_R12.csv",12
"2024-02-08","15:02:00",6.5,"iButton_R12.csv",12
"2024-02-08","19:17:00",6.5,"iButton_R12.csv",12
"2024-02-08","23:32:00",6.5,"iButton_R12.csv",12
"2024-02-09","03:47:00",6.5,"iButton_R12.csv",12
"2024-02-09","08:02:00",6.5,"iButton_R12.csv",12
"2024-02-09","12:17:00",6,"iButton_R12.csv",12
"2024-02-09","16:32:00",6,"iButton_R12.csv",12
"2024-02-09","20:47:00",6,"iButton_R12.csv",12
"2024-02-10","01:02:00",6,"iButton_R12.csv",12
"2024-02-10","05:17:00",6.5,"iButton_R12.csv",12
"2024-02-10","09:32:00",6,"iButton_R12.csv",12
"2024-02-10","13:47:00",6,"iButton_R12.csv",12
"2024-02-10","18:02:00",6,"iButton_R12.csv",12
"2024-02-10","22:17:00",6,"iButton_R12.csv",12
"2024-02-11","02:32:00",6,"iButton_R12.csv",12
"2024-02-11","06:47:00",6,"iButton_R12.csv",12
"2024-02-11","11:02:00",6,"iButton_R12.csv",12
"2024-02-11","15:17:00",6,"iButton_R12.csv",12
"2024-02-11","19:32:00",6,"iButton_R12.csv",12
"2024-02-11","23:47:00",6,"iButton_R12.csv",12
"2024-02-12","04:02:00",6,"iButton_R12.csv",12
"2024-02-12","08:17:00",6,"iButton_R12.csv",12
"2024-02-12","12:32:00",6,"iButton_R12.csv",12
"2024-02-12","16:47:00",6,"iButton_R12.csv",12
"2024-02-12","21:02:00",6,"iButton_R12.csv",12
"2024-02-13","01:17:00",6,"iButton_R12.csv",12
"2024-02-13","05:32:00",6.5,"iButton_R12.csv",12
"2024-02-13","09:47:00",6.5,"iButton_R12.csv",12
"2024-02-13","14:02:00",6.5,"iButton_R12.csv",12
"2024-02-13","18:17:00",6.5,"iButton_R12.csv",12
"2024-02-13","22:32:00",6.5,"iButton_R12.csv",12
"2024-02-14","02:47:00",6.5,"iButton_R12.csv",12
"2024-02-14","07:02:00",6.5,"iButton_R12.csv",12
"2024-02-14","11:17:00",6.5,"iButton_R12.csv",12
"2024-02-14","15:32:00",6.5,"iButton_R12.csv",12
"2024-02-14","19:47:00",6.5,"iButton_R12.csv",12
"2024-02-15","00:02:00",6.5,"iButton_R12.csv",12
"2024-02-15","04:17:00",6.5,"iButton_R12.csv",12
"2024-02-15","08:32:00",6.5,"iButton_R12.csv",12
"2024-02-15","12:47:00",6.5,"iButton_R12.csv",12
"2024-02-15","17:02:00",6.5,"iButton_R12.csv",12
"2024-02-15","21:17:00",6.5,"iButton_R12.csv",12
"2024-02-16","01:32:00",6.5,"iButton_R12.csv",12
"2024-02-16","05:47:00",6.5,"iButton_R12.csv",12
"2024-02-16","10:02:00",6.5,"iButton_R12.csv",12
"2024-02-16","14:17:00",6.5,"iButton_R12.csv",12
"2024-02-16","18:32:00",6.5,"iButton_R12.csv",12
"2024-02-16","22:47:00",6.5,"iButton_R12.csv",12
"2024-02-17","03:02:00",6.5,"iButton_R12.csv",12
"2024-02-17","07:17:00",6.5,"iButton_R12.csv",12
"2024-02-17","11:32:00",6.5,"iButton_R12.csv",12
"2024-02-17","15:47:00",6.5,"iButton_R12.csv",12
"2024-02-17","20:02:00",6.5,"iButton_R12.csv",12
"2024-02-18","00:17:00",6.5,"iButton_R12.csv",12
"2024-02-18","04:32:00",6.5,"iButton_R12.csv",12
"2024-02-18","08:47:00",6.5,"iButton_R12.csv",12
"2024-02-18","13:02:00",6.5,"iButton_R12.csv",12
"2024-02-18","17:17:00",6.5,"iButton_R12.csv",12
"2024-02-18","21:32:00",6.5,"iButton_R12.csv",12
"2024-02-19","01:47:00",6.5,"iButton_R12.csv",12
"2024-02-19","06:02:00",6.5,"iButton_R12.csv",12
"2024-02-19","10:17:00",6.5,"iButton_R12.csv",12
"2024-02-19","14:32:00",6.5,"iButton_R12.csv",12
"2024-02-19","18:47:00",6.5,"iButton_R12.csv",12
"2024-02-19","23:02:00",6.5,"iButton_R12.csv",12
"2024-02-20","03:17:00",6.5,"iButton_R12.csv",12
"2024-02-20","07:32:00",6.5,"iButton_R12.csv",12
"2024-02-20","11:47:00",6.5,"iButton_R12.csv",12
"2024-02-20","16:02:00",6.5,"iButton_R12.csv",12
"2024-02-20","20:17:00",6.5,"iButton_R12.csv",12
"2024-02-21","00:32:00",6.5,"iButton_R12.csv",12
"2024-02-21","04:47:00",6.5,"iButton_R12.csv",12
"2024-02-21","09:02:00",6.5,"iButton_R12.csv",12
"2024-02-21","13:17:00",6.5,"iButton_R12.csv",12
"2024-02-21","17:32:00",6.5,"iButton_R12.csv",12
"2024-02-21","21:47:00",6.5,"iButton_R12.csv",12
"2024-02-22","02:02:00",6.5,"iButton_R12.csv",12
"2024-02-22","06:17:00",6.5,"iButton_R12.csv",12
"2024-02-22","10:32:00",6.5,"iButton_R12.csv",12
"2024-02-22","14:47:00",6.5,"iButton_R12.csv",12
"2024-02-22","19:02:00",6.5,"iButton_R12.csv",12
"2024-02-22","23:17:00",6.5,"iButton_R12.csv",12
"2024-02-23","03:32:00",6.5,"iButton_R12.csv",12
"2024-02-23","07:47:00",6.5,"iButton_R12.csv",12
"2024-02-23","12:02:00",6.5,"iButton_R12.csv",12
"2024-02-23","16:17:00",6.5,"iButton_R12.csv",12
"2024-02-23","20:32:00",6.5,"iButton_R12.csv",12
"2024-02-24","00:47:00",6.5,"iButton_R12.csv",12
"2024-02-24","05:02:00",6.5,"iButton_R12.csv",12
"2024-02-24","09:17:00",6.5,"iButton_R12.csv",12
"2024-02-24","13:32:00",6.5,"iButton_R12.csv",12
"2024-02-24","17:47:00",6.5,"iButton_R12.csv",12
"2024-02-24","22:02:00",6.5,"iButton_R12.csv",12
"2024-02-25","02:17:00",6.5,"iButton_R12.csv",12
"2024-02-25","06:32:00",6.5,"iButton_R12.csv",12
"2024-02-25","10:47:00",6.5,"iButton_R12.csv",12
"2024-02-25","15:02:00",6.5,"iButton_R12.csv",12
"2024-02-25","19:17:00",6.5,"iButton_R12.csv",12
"2024-02-25","23:32:00",6.5,"iButton_R12.csv",12
"2024-02-26","03:47:00",6.5,"iButton_R12.csv",12
"2024-02-26","08:02:00",6.5,"iButton_R12.csv",12
"2024-02-26","12:17:00",6.5,"iButton_R12.csv",12
"2024-02-26","16:32:00",6.5,"iButton_R12.csv",12
"2024-02-26","20:47:00",6.5,"iButton_R12.csv",12
"2024-02-27","01:02:00",6.5,"iButton_R12.csv",12
"2024-02-27","05:17:00",6.5,"iButton_R12.csv",12
"2024-02-27","09:32:00",6.5,"iButton_R12.csv",12
"2024-02-27","13:47:00",6.5,"iButton_R12.csv",12
"2024-02-27","18:02:00",6.5,"iButton_R12.csv",12
"2024-02-27","22:17:00",6.5,"iButton_R12.csv",12
"2024-02-28","02:32:00",6.5,"iButton_R12.csv",12
"2024-02-28","06:47:00",6.5,"iButton_R12.csv",12
"2024-02-28","11:02:00",6.5,"iButton_R12.csv",12
"2024-02-28","15:17:00",6.5,"iButton_R12.csv",12
"2024-02-28","19:32:00",6.5,"iButton_R12.csv",12
"2024-02-28","23:47:00",6.5,"iButton_R12.csv",12
"2024-02-29","04:02:00",6.5,"iButton_R12.csv",12
"2024-02-29","08:17:00",6.5,"iButton_R12.csv",12
"2024-02-29","12:32:00",6.5,"iButton_R12.csv",12
"2024-02-29","16:47:00",6.5,"iButton_R12.csv",12
"2024-02-29","21:02:00",6.5,"iButton_R12.csv",12
"2024-03-01","01:17:00",6.5,"iButton_R12.csv",12
"2024-03-01","05:32:00",6.5,"iButton_R12.csv",12
"2024-03-01","09:47:00",6.5,"iButton_R12.csv",12
"2024-03-01","14:02:00",6.5,"iButton_R12.csv",12
"2024-03-01","18:17:00",6.5,"iButton_R12.csv",12
"2024-03-01","22:32:00",6.5,"iButton_R12.csv",12
"2024-03-02","02:47:00",6.5,"iButton_R12.csv",12
"2024-03-02","07:02:00",6.5,"iButton_R12.csv",12
"2024-03-02","11:17:00",6.5,"iButton_R12.csv",12
"2024-03-02","15:32:00",6.5,"iButton_R12.csv",12
"2024-03-02","19:47:00",6.5,"iButton_R12.csv",12
"2024-03-03","00:02:00",6.5,"iButton_R12.csv",12
"2024-03-03","04:17:00",6.5,"iButton_R12.csv",12
"2024-03-03","08:32:00",6.5,"iButton_R12.csv",12
"2024-03-03","12:47:00",6.5,"iButton_R12.csv",12
"2024-03-03","17:02:00",6.5,"iButton_R12.csv",12
"2024-03-03","21:17:00",6.5,"iButton_R12.csv",12
"2024-03-04","01:32:00",6.5,"iButton_R12.csv",12
"2024-03-04","05:47:00",6.5,"iButton_R12.csv",12
"2024-03-04","10:02:00",6.5,"iButton_R12.csv",12
"2024-03-04","14:17:00",6.5,"iButton_R12.csv",12
"2024-03-04","18:32:00",6.5,"iButton_R12.csv",12
"2024-03-04","22:47:00",6.5,"iButton_R12.csv",12
"2024-03-05","03:02:00",6.5,"iButton_R12.csv",12
"2024-03-05","07:17:00",6.5,"iButton_R12.csv",12
"2024-03-05","11:32:00",6.5,"iButton_R12.csv",12
"2024-03-05","15:47:00",6.5,"iButton_R12.csv",12
"2024-03-05","20:02:00",6.5,"iButton_R12.csv",12
"2024-03-06","00:17:00",6.5,"iButton_R12.csv",12
"2024-03-06","04:32:00",6.5,"iButton_R12.csv",12
"2024-03-06","08:47:00",6.5,"iButton_R12.csv",12
"2024-03-06","13:02:00",6.5,"iButton_R12.csv",12
"2024-03-06","17:17:00",6.5,"iButton_R12.csv",12
"2024-03-06","21:32:00",6.5,"iButton_R12.csv",12
"2024-03-07","01:47:00",6.5,"iButton_R12.csv",12
"2024-03-07","06:02:00",6.5,"iButton_R12.csv",12
"2024-03-07","10:17:00",6.5,"iButton_R12.csv",12
"2024-03-07","14:32:00",6.5,"iButton_R12.csv",12
"2024-03-07","18:47:00",6.5,"iButton_R12.csv",12
"2024-03-07","23:02:00",6.5,"iButton_R12.csv",12
"2024-03-08","03:17:00",6.5,"iButton_R12.csv",12
"2024-03-08","07:32:00",6.5,"iButton_R12.csv",12
"2024-03-08","11:47:00",6.5,"iButton_R12.csv",12
"2024-03-08","16:02:00",6.5,"iButton_R12.csv",12
"2024-03-08","20:17:00",6.5,"iButton_R12.csv",12
"2024-03-09","00:32:00",6.5,"iButton_R12.csv",12
"2024-03-09","04:47:00",6.5,"iButton_R12.csv",12
"2024-03-09","09:02:00",6.5,"iButton_R12.csv",12
"2024-03-09","13:17:00",6.5,"iButton_R12.csv",12
"2024-03-09","17:32:00",6.5,"iButton_R12.csv",12
"2024-03-09","21:47:00",6.5,"iButton_R12.csv",12
"2024-03-10","02:02:00",6.5,"iButton_R12.csv",12
"2024-03-10","06:17:00",6.5,"iButton_R12.csv",12
"2024-03-10","10:32:00",6.5,"iButton_R12.csv",12
"2024-03-10","14:47:00",6.5,"iButton_R12.csv",12
"2024-03-10","19:02:00",6.5,"iButton_R12.csv",12
"2024-03-10","23:17:00",6.5,"iButton_R12.csv",12
"2024-03-11","03:32:00",6.5,"iButton_R12.csv",12
"2024-03-11","07:47:00",6.5,"iButton_R12.csv",12
"2024-03-11","12:02:00",6.5,"iButton_R12.csv",12
"2024-03-11","16:17:00",6.5,"iButton_R12.csv",12
"2024-03-11","20:32:00",6.5,"iButton_R12.csv",12
"2024-03-12","00:47:00",6.5,"iButton_R12.csv",12
"2024-03-12","05:02:00",6.5,"iButton_R12.csv",12
"2024-03-12","09:17:00",6.5,"iButton_R12.csv",12
"2024-03-12","13:32:00",6.5,"iButton_R12.csv",12
"2024-03-12","17:47:00",6.5,"iButton_R12.csv",12
"2024-03-12","22:02:00",6.5,"iButton_R12.csv",12
"2024-03-13","02:17:00",6.5,"iButton_R12.csv",12
"2024-03-13","06:32:00",6.5,"iButton_R12.csv",12
"2024-03-13","10:47:00",6.5,"iButton_R12.csv",12
"2024-03-13","15:02:00",6.5,"iButton_R12.csv",12
"2024-03-13","19:17:00",6.5,"iButton_R12.csv",12
"2024-03-13","23:32:00",6.5,"iButton_R12.csv",12
"2024-03-14","03:47:00",6.5,"iButton_R12.csv",12
"2024-03-14","08:02:00",6.5,"iButton_R12.csv",12
"2024-03-14","12:17:00",6.5,"iButton_R12.csv",12
"2024-03-14","16:32:00",6.5,"iButton_R12.csv",12
"2024-03-14","20:47:00",6.5,"iButton_R12.csv",12
"2024-03-15","01:02:00",6.5,"iButton_R12.csv",12
"2024-03-15","05:17:00",6.5,"iButton_R12.csv",12
"2024-03-15","09:32:00",6.5,"iButton_R12.csv",12
"2024-03-15","13:47:00",6.5,"iButton_R12.csv",12
"2024-03-15","18:02:00",6.5,"iButton_R12.csv",12
"2024-03-15","22:17:00",6.5,"iButton_R12.csv",12
"2024-03-16","02:32:00",6.5,"iButton_R12.csv",12
"2024-03-16","06:47:00",6.5,"iButton_R12.csv",12
"2024-03-16","11:02:00",6.5,"iButton_R12.csv",12
"2024-03-16","15:17:00",6.5,"iButton_R12.csv",12
"2024-03-16","19:32:00",6.5,"iButton_R12.csv",12
"2024-03-16","23:47:00",6.5,"iButton_R12.csv",12
"2024-03-17","04:02:00",6.5,"iButton_R12.csv",12
"2024-03-17","08:17:00",6.5,"iButton_R12.csv",12
"2024-03-17","12:32:00",6.5,"iButton_R12.csv",12
"2024-03-17","16:47:00",6.5,"iButton_R12.csv",12
"2024-03-17","21:02:00",6.5,"iButton_R12.csv",12
"2024-03-18","01:17:00",6.5,"iButton_R12.csv",12
"2024-03-18","05:32:00",6.5,"iButton_R12.csv",12
"2024-03-18","09:47:00",6.5,"iButton_R12.csv",12
"2024-03-18","14:02:00",6.5,"iButton_R12.csv",12
"2024-03-18","18:17:00",6.5,"iButton_R12.csv",12
"2024-03-18","22:32:00",6.5,"iButton_R12.csv",12
"2024-03-19","02:47:00",6.5,"iButton_R12.csv",12
"2024-03-19","07:02:00",6.5,"iButton_R12.csv",12
"2024-03-19","11:17:00",6.5,"iButton_R12.csv",12
"2024-03-19","15:32:00",6.5,"iButton_R12.csv",12
"2024-03-19","19:47:00",6.5,"iButton_R12.csv",12
"2024-03-20","00:02:00",6.5,"iButton_R12.csv",12
"2024-03-20","04:17:00",6.5,"iButton_R12.csv",12
"2024-03-20","08:32:00",6.5,"iButton_R12.csv",12
"2024-03-20","12:47:00",6.5,"iButton_R12.csv",12
"2024-03-20","17:02:00",6.5,"iButton_R12.csv",12
"2024-03-20","21:17:00",6.5,"iButton_R12.csv",12
"2024-03-21","01:32:00",6.5,"iButton_R12.csv",12
"2024-03-21","05:47:00",6.5,"iButton_R12.csv",12
"2024-03-21","10:02:00",6.5,"iButton_R12.csv",12
"2024-03-21","14:17:00",6.5,"iButton_R12.csv",12
"2024-03-21","18:32:00",6.5,"iButton_R12.csv",12
"2024-03-21","22:47:00",6.5,"iButton_R12.csv",12
"2024-03-22","03:02:00",6.5,"iButton_R12.csv",12
"2024-03-22","07:17:00",6.5,"iButton_R12.csv",12
"2024-03-22","11:32:00",6.5,"iButton_R12.csv",12
"2024-03-22","15:47:00",6.5,"iButton_R12.csv",12
"2024-03-22","20:02:00",6.5,"iButton_R12.csv",12
"2024-03-23","00:17:00",6.5,"iButton_R12.csv",12
"2024-03-23","04:32:00",6.5,"iButton_R12.csv",12
"2024-03-23","08:47:00",6.5,"iButton_R12.csv",12
"2024-03-23","13:02:00",6.5,"iButton_R12.csv",12
"2024-03-23","17:17:00",6.5,"iButton_R12.csv",12
"2024-03-23","21:32:00",6.5,"iButton_R12.csv",12
"2024-03-24","01:47:00",6.5,"iButton_R12.csv",12
"2024-03-24","06:02:00",6.5,"iButton_R12.csv",12
"2024-03-24","10:17:00",6.5,"iButton_R12.csv",12
"2024-03-24","14:32:00",6.5,"iButton_R12.csv",12
"2024-03-24","18:47:00",6.5,"iButton_R12.csv",12
"2024-03-24","23:02:00",6.5,"iButton_R12.csv",12
"2024-03-25","03:17:00",6.5,"iButton_R12.csv",12
"2024-03-25","07:32:00",6.5,"iButton_R12.csv",12
"2024-03-25","11:47:00",6.5,"iButton_R12.csv",12
"2024-03-25","16:02:00",6.5,"iButton_R12.csv",12
"2024-03-25","20:17:00",6.5,"iButton_R12.csv",12
"2024-03-26","00:32:00",6.5,"iButton_R12.csv",12
"2024-03-26","04:47:00",6.5,"iButton_R12.csv",12
"2024-03-26","09:02:00",6.5,"iButton_R12.csv",12
"2024-03-26","13:17:00",6.5,"iButton_R12.csv",12
"2024-03-26","17:32:00",6.5,"iButton_R12.csv",12
"2024-03-26","21:47:00",6.5,"iButton_R12.csv",12
"2024-03-27","02:02:00",6.5,"iButton_R12.csv",12
"2024-03-27","06:17:00",6.5,"iButton_R12.csv",12
"2024-03-27","10:32:00",6.5,"iButton_R12.csv",12
"2024-03-27","14:47:00",6.5,"iButton_R12.csv",12
"2024-03-27","19:02:00",6.5,"iButton_R12.csv",12
"2024-03-27","23:17:00",6.5,"iButton_R12.csv",12
"2024-03-28","03:32:00",6.5,"iButton_R12.csv",12
"2024-03-28","07:47:00",6.5,"iButton_R12.csv",12
"2024-03-28","12:02:00",6.5,"iButton_R12.csv",12
"2024-03-28","16:17:00",6.5,"iButton_R12.csv",12
"2024-03-28","20:32:00",6.5,"iButton_R12.csv",12
"2024-03-29","00:47:00",6.5,"iButton_R12.csv",12
"2024-03-29","05:02:00",6.5,"iButton_R12.csv",12
"2024-03-29","09:17:00",6.5,"iButton_R12.csv",12
"2024-03-29","13:32:00",6.5,"iButton_R12.csv",12
"2024-03-29","17:47:00",6.5,"iButton_R12.csv",12
"2023-11-03","22:28:00",11.5,"iButton_R2.csv",2
"2023-11-04","02:43:00",11.5,"iButton_R2.csv",2
"2023-11-04","06:58:00",11.5,"iButton_R2.csv",2
"2023-11-04","11:13:00",11.5,"iButton_R2.csv",2
"2023-11-04","15:28:00",11.5,"iButton_R2.csv",2
"2023-11-04","19:43:00",11.5,"iButton_R2.csv",2
"2023-11-04","23:58:00",11.5,"iButton_R2.csv",2
"2023-11-05","04:13:00",11.5,"iButton_R2.csv",2
"2023-11-05","08:28:00",11.5,"iButton_R2.csv",2
"2023-11-05","12:43:00",11.5,"iButton_R2.csv",2
"2023-11-05","16:58:00",11.5,"iButton_R2.csv",2
"2023-11-05","21:13:00",11.5,"iButton_R2.csv",2
"2023-11-06","01:28:00",11.5,"iButton_R2.csv",2
"2023-11-06","05:43:00",11.5,"iButton_R2.csv",2
"2023-11-06","09:58:00",11.5,"iButton_R2.csv",2
"2023-11-06","14:13:00",11.5,"iButton_R2.csv",2
"2023-11-06","18:28:00",11.5,"iButton_R2.csv",2
"2023-11-06","22:43:00",11.5,"iButton_R2.csv",2
"2023-11-07","02:58:00",11.5,"iButton_R2.csv",2
"2023-11-07","07:13:00",11.5,"iButton_R2.csv",2
"2023-11-07","11:28:00",11.5,"iButton_R2.csv",2
"2023-11-07","15:43:00",11.5,"iButton_R2.csv",2
"2023-11-07","19:58:00",11.5,"iButton_R2.csv",2
"2023-11-08","00:13:00",11.5,"iButton_R2.csv",2
"2023-11-08","04:28:00",11.5,"iButton_R2.csv",2
"2023-11-08","08:43:00",11.5,"iButton_R2.csv",2
"2023-11-08","12:58:00",11.5,"iButton_R2.csv",2
"2023-11-08","17:13:00",11.5,"iButton_R2.csv",2
"2023-11-08","21:28:00",11.5,"iButton_R2.csv",2
"2023-11-09","01:43:00",11.5,"iButton_R2.csv",2
"2023-11-09","05:58:00",11.5,"iButton_R2.csv",2
"2023-11-09","10:13:00",11.5,"iButton_R2.csv",2
"2023-11-09","14:28:00",11.5,"iButton_R2.csv",2
"2023-11-09","18:43:00",11.5,"iButton_R2.csv",2
"2023-11-09","22:58:00",11.5,"iButton_R2.csv",2
"2023-11-10","03:13:00",11.5,"iButton_R2.csv",2
"2023-11-10","07:28:00",11.5,"iButton_R2.csv",2
"2023-11-10","11:43:00",11.5,"iButton_R2.csv",2
"2023-11-10","15:58:00",11,"iButton_R2.csv",2
"2023-11-10","20:13:00",11,"iButton_R2.csv",2
"2023-11-11","00:28:00",11.5,"iButton_R2.csv",2
"2023-11-11","04:43:00",11,"iButton_R2.csv",2
"2023-11-11","08:58:00",11,"iButton_R2.csv",2
"2023-11-11","13:13:00",11,"iButton_R2.csv",2
"2023-11-11","17:28:00",11,"iButton_R2.csv",2
"2023-11-11","21:43:00",11,"iButton_R2.csv",2
"2023-11-12","01:58:00",11,"iButton_R2.csv",2
"2023-11-12","06:13:00",11,"iButton_R2.csv",2
"2023-11-12","10:28:00",11,"iButton_R2.csv",2
"2023-11-12","14:43:00",11,"iButton_R2.csv",2
"2023-11-12","18:58:00",11,"iButton_R2.csv",2
"2023-11-12","23:13:00",11,"iButton_R2.csv",2
"2023-11-13","03:28:00",11,"iButton_R2.csv",2
"2023-11-13","07:43:00",11,"iButton_R2.csv",2
"2023-11-13","11:58:00",11,"iButton_R2.csv",2
"2023-11-13","16:13:00",11,"iButton_R2.csv",2
"2023-11-13","20:28:00",11,"iButton_R2.csv",2
"2023-11-14","00:43:00",11,"iButton_R2.csv",2
"2023-11-14","04:58:00",11,"iButton_R2.csv",2
"2023-11-14","09:13:00",11,"iButton_R2.csv",2
"2023-11-14","13:28:00",11,"iButton_R2.csv",2
"2023-11-14","17:43:00",11,"iButton_R2.csv",2
"2023-11-14","21:58:00",11,"iButton_R2.csv",2
"2023-11-15","02:13:00",11,"iButton_R2.csv",2
"2023-11-15","06:28:00",11,"iButton_R2.csv",2
"2023-11-15","10:43:00",11,"iButton_R2.csv",2
"2023-11-15","14:58:00",11,"iButton_R2.csv",2
"2023-11-15","19:13:00",11,"iButton_R2.csv",2
"2023-11-15","23:28:00",11,"iButton_R2.csv",2
"2023-11-16","03:43:00",11,"iButton_R2.csv",2
"2023-11-16","07:58:00",11,"iButton_R2.csv",2
"2023-11-16","12:13:00",11,"iButton_R2.csv",2
"2023-11-16","16:28:00",11,"iButton_R2.csv",2
"2023-11-16","20:43:00",11,"iButton_R2.csv",2
"2023-11-17","00:58:00",11,"iButton_R2.csv",2
"2023-11-17","05:13:00",11,"iButton_R2.csv",2
"2023-11-17","09:28:00",11,"iButton_R2.csv",2
"2023-11-17","13:43:00",11,"iButton_R2.csv",2
"2023-11-17","17:58:00",11,"iButton_R2.csv",2
"2023-11-17","22:13:00",11,"iButton_R2.csv",2
"2023-11-18","02:28:00",11,"iButton_R2.csv",2
"2023-11-18","06:43:00",11,"iButton_R2.csv",2
"2023-11-18","10:58:00",10.5,"iButton_R2.csv",2
"2023-11-18","15:13:00",10.5,"iButton_R2.csv",2
"2023-11-18","19:28:00",10.5,"iButton_R2.csv",2
"2023-11-18","23:43:00",10.5,"iButton_R2.csv",2
"2023-11-19","03:58:00",10.5,"iButton_R2.csv",2
"2023-11-19","08:13:00",10.5,"iButton_R2.csv",2
"2023-11-19","12:28:00",10.5,"iButton_R2.csv",2
"2023-11-19","16:43:00",10.5,"iButton_R2.csv",2
"2023-11-19","20:58:00",10.5,"iButton_R2.csv",2
"2023-11-20","01:13:00",10.5,"iButton_R2.csv",2
"2023-11-20","05:28:00",10.5,"iButton_R2.csv",2
"2023-11-20","09:43:00",10.5,"iButton_R2.csv",2
"2023-11-20","13:58:00",10.5,"iButton_R2.csv",2
"2023-11-20","18:13:00",10.5,"iButton_R2.csv",2
"2023-11-20","22:28:00",10.5,"iButton_R2.csv",2
"2023-11-21","02:43:00",10.5,"iButton_R2.csv",2
"2023-11-21","06:58:00",10.5,"iButton_R2.csv",2
"2023-11-21","11:13:00",10.5,"iButton_R2.csv",2
"2023-11-21","15:28:00",10.5,"iButton_R2.csv",2
"2023-11-21","19:43:00",10.5,"iButton_R2.csv",2
"2023-11-21","23:58:00",10.5,"iButton_R2.csv",2
"2023-11-22","04:13:00",10.5,"iButton_R2.csv",2
"2023-11-22","08:28:00",10.5,"iButton_R2.csv",2
"2023-11-22","12:43:00",10.5,"iButton_R2.csv",2
"2023-11-22","16:58:00",10.5,"iButton_R2.csv",2
"2023-11-22","21:13:00",10.5,"iButton_R2.csv",2
"2023-11-23","01:28:00",10.5,"iButton_R2.csv",2
"2023-11-23","05:43:00",10.5,"iButton_R2.csv",2
"2023-11-23","09:58:00",10.5,"iButton_R2.csv",2
"2023-11-23","14:13:00",10.5,"iButton_R2.csv",2
"2023-11-23","18:28:00",10.5,"iButton_R2.csv",2
"2023-11-23","22:43:00",10.5,"iButton_R2.csv",2
"2023-11-24","02:58:00",10.5,"iButton_R2.csv",2
"2023-11-24","07:13:00",10,"iButton_R2.csv",2
"2023-11-24","11:28:00",10,"iButton_R2.csv",2
"2023-11-24","15:43:00",10,"iButton_R2.csv",2
"2023-11-24","19:58:00",10,"iButton_R2.csv",2
"2023-11-25","00:13:00",10,"iButton_R2.csv",2
"2023-11-25","04:28:00",10,"iButton_R2.csv",2
"2023-11-25","08:43:00",10,"iButton_R2.csv",2
"2023-11-25","12:58:00",10,"iButton_R2.csv",2
"2023-11-25","17:13:00",10,"iButton_R2.csv",2
"2023-11-25","21:28:00",10,"iButton_R2.csv",2
"2023-11-26","01:43:00",10,"iButton_R2.csv",2
"2023-11-26","05:58:00",10,"iButton_R2.csv",2
"2023-11-26","10:13:00",10,"iButton_R2.csv",2
"2023-11-26","14:28:00",10,"iButton_R2.csv",2
"2023-11-26","18:43:00",10,"iButton_R2.csv",2
"2023-11-26","22:58:00",10,"iButton_R2.csv",2
"2023-11-27","03:13:00",10,"iButton_R2.csv",2
"2023-11-27","07:28:00",10,"iButton_R2.csv",2
"2023-11-27","11:43:00",10,"iButton_R2.csv",2
"2023-11-27","15:58:00",10,"iButton_R2.csv",2
"2023-11-27","20:13:00",9.5,"iButton_R2.csv",2
"2023-11-28","00:28:00",9.5,"iButton_R2.csv",2
"2023-11-28","04:43:00",9.5,"iButton_R2.csv",2
"2023-11-28","08:58:00",9.5,"iButton_R2.csv",2
"2023-11-28","13:13:00",9.5,"iButton_R2.csv",2
"2023-11-28","17:28:00",9.5,"iButton_R2.csv",2
"2023-11-28","21:43:00",9.5,"iButton_R2.csv",2
"2023-11-29","01:58:00",9.5,"iButton_R2.csv",2
"2023-11-29","06:13:00",9.5,"iButton_R2.csv",2
"2023-11-29","10:28:00",9.5,"iButton_R2.csv",2
"2023-11-29","14:43:00",9.5,"iButton_R2.csv",2
"2023-11-29","18:58:00",9.5,"iButton_R2.csv",2
"2023-11-29","23:13:00",9.5,"iButton_R2.csv",2
"2023-11-30","03:28:00",9.5,"iButton_R2.csv",2
"2023-11-30","07:43:00",9.5,"iButton_R2.csv",2
"2023-11-30","11:58:00",9.5,"iButton_R2.csv",2
"2023-11-30","16:13:00",9.5,"iButton_R2.csv",2
"2023-11-30","20:28:00",9,"iButton_R2.csv",2
"2023-12-01","00:43:00",9,"iButton_R2.csv",2
"2023-12-01","04:58:00",9,"iButton_R2.csv",2
"2023-12-01","09:13:00",9,"iButton_R2.csv",2
"2023-12-01","13:28:00",9,"iButton_R2.csv",2
"2023-12-01","17:43:00",9,"iButton_R2.csv",2
"2023-12-01","21:58:00",9,"iButton_R2.csv",2
"2023-12-02","02:13:00",9,"iButton_R2.csv",2
"2023-12-02","06:28:00",9,"iButton_R2.csv",2
"2023-12-02","10:43:00",9,"iButton_R2.csv",2
"2023-12-02","14:58:00",9,"iButton_R2.csv",2
"2023-12-02","19:13:00",9,"iButton_R2.csv",2
"2023-12-02","23:28:00",9,"iButton_R2.csv",2
"2023-12-03","03:43:00",9,"iButton_R2.csv",2
"2023-12-03","07:58:00",8.5,"iButton_R2.csv",2
"2023-12-03","12:13:00",9,"iButton_R2.csv",2
"2023-12-03","16:28:00",8.5,"iButton_R2.csv",2
"2023-12-03","20:43:00",8.5,"iButton_R2.csv",2
"2023-12-04","00:58:00",8.5,"iButton_R2.csv",2
"2023-12-04","05:13:00",8.5,"iButton_R2.csv",2
"2023-12-04","09:28:00",8.5,"iButton_R2.csv",2
"2023-12-04","13:43:00",8.5,"iButton_R2.csv",2
"2023-12-04","17:58:00",8.5,"iButton_R2.csv",2
"2023-12-04","22:13:00",8.5,"iButton_R2.csv",2
"2023-12-05","02:28:00",8.5,"iButton_R2.csv",2
"2023-12-05","06:43:00",8.5,"iButton_R2.csv",2
"2023-12-05","10:58:00",8.5,"iButton_R2.csv",2
"2023-12-05","15:13:00",8.5,"iButton_R2.csv",2
"2023-12-05","19:28:00",8.5,"iButton_R2.csv",2
"2023-12-05","23:43:00",8.5,"iButton_R2.csv",2
"2023-12-06","03:58:00",8.5,"iButton_R2.csv",2
"2023-12-06","08:13:00",8.5,"iButton_R2.csv",2
"2023-12-06","12:28:00",8.5,"iButton_R2.csv",2
"2023-12-06","16:43:00",8.5,"iButton_R2.csv",2
"2023-12-06","20:58:00",8.5,"iButton_R2.csv",2
"2023-12-07","01:13:00",8.5,"iButton_R2.csv",2
"2023-12-07","05:28:00",8.5,"iButton_R2.csv",2
"2023-12-07","09:43:00",8.5,"iButton_R2.csv",2
"2023-12-07","13:58:00",8.5,"iButton_R2.csv",2
"2023-12-07","18:13:00",8.5,"iButton_R2.csv",2
"2023-12-07","22:28:00",8.5,"iButton_R2.csv",2
"2023-12-08","02:43:00",8.5,"iButton_R2.csv",2
"2023-12-08","06:58:00",8.5,"iButton_R2.csv",2
"2023-12-08","11:13:00",8.5,"iButton_R2.csv",2
"2023-12-08","15:28:00",8.5,"iButton_R2.csv",2
"2023-12-08","19:43:00",8.5,"iButton_R2.csv",2
"2023-12-08","23:58:00",8.5,"iButton_R2.csv",2
"2023-12-09","04:13:00",8.5,"iButton_R2.csv",2
"2023-12-09","08:28:00",8.5,"iButton_R2.csv",2
"2023-12-09","12:43:00",8.5,"iButton_R2.csv",2
"2023-12-09","16:58:00",8.5,"iButton_R2.csv",2
"2023-12-09","21:13:00",8.5,"iButton_R2.csv",2
"2023-12-10","01:28:00",8.5,"iButton_R2.csv",2
"2023-12-10","05:43:00",8.5,"iButton_R2.csv",2
"2023-12-10","09:58:00",8.5,"iButton_R2.csv",2
"2023-12-10","14:13:00",8.5,"iButton_R2.csv",2
"2023-12-10","18:28:00",8.5,"iButton_R2.csv",2
"2023-12-10","22:43:00",8.5,"iButton_R2.csv",2
"2023-12-11","02:58:00",8.5,"iButton_R2.csv",2
"2023-12-11","07:13:00",8.5,"iButton_R2.csv",2
"2023-12-11","11:28:00",8.5,"iButton_R2.csv",2
"2023-12-11","15:43:00",8.5,"iButton_R2.csv",2
"2023-12-11","19:58:00",8.5,"iButton_R2.csv",2
"2023-12-12","00:13:00",8.5,"iButton_R2.csv",2
"2023-12-12","04:28:00",8.5,"iButton_R2.csv",2
"2023-12-12","08:43:00",8.5,"iButton_R2.csv",2
"2023-12-12","12:58:00",8.5,"iButton_R2.csv",2
"2023-12-12","17:13:00",8.5,"iButton_R2.csv",2
"2023-12-12","21:28:00",8.5,"iButton_R2.csv",2
"2023-12-13","01:43:00",8.5,"iButton_R2.csv",2
"2023-12-13","05:58:00",8.5,"iButton_R2.csv",2
"2023-12-13","10:13:00",8.5,"iButton_R2.csv",2
"2023-12-13","14:28:00",8.5,"iButton_R2.csv",2
"2023-12-13","18:43:00",8.5,"iButton_R2.csv",2
"2023-12-13","22:58:00",8.5,"iButton_R2.csv",2
"2023-12-14","03:13:00",8.5,"iButton_R2.csv",2
"2023-12-14","07:28:00",8.5,"iButton_R2.csv",2
"2023-12-14","11:43:00",8.5,"iButton_R2.csv",2
"2023-12-14","15:58:00",8.5,"iButton_R2.csv",2
"2023-12-14","20:13:00",8,"iButton_R2.csv",2
"2023-12-15","00:28:00",8,"iButton_R2.csv",2
"2023-12-15","04:43:00",8,"iButton_R2.csv",2
"2023-12-15","08:58:00",8,"iButton_R2.csv",2
"2023-12-15","13:13:00",8,"iButton_R2.csv",2
"2023-12-15","17:28:00",8,"iButton_R2.csv",2
"2023-12-15","21:43:00",8,"iButton_R2.csv",2
"2023-12-16","01:58:00",8,"iButton_R2.csv",2
"2023-12-16","06:13:00",8,"iButton_R2.csv",2
"2023-12-16","10:28:00",8,"iButton_R2.csv",2
"2023-12-16","14:43:00",8,"iButton_R2.csv",2
"2023-12-16","18:58:00",8,"iButton_R2.csv",2
"2023-12-16","23:13:00",8,"iButton_R2.csv",2
"2023-12-17","03:28:00",8,"iButton_R2.csv",2
"2023-12-17","07:43:00",8,"iButton_R2.csv",2
"2023-12-17","11:58:00",8,"iButton_R2.csv",2
"2023-12-17","16:13:00",8,"iButton_R2.csv",2
"2023-12-17","20:28:00",8,"iButton_R2.csv",2
"2023-12-18","00:43:00",8,"iButton_R2.csv",2
"2023-12-18","04:58:00",8,"iButton_R2.csv",2
"2023-12-18","09:13:00",8,"iButton_R2.csv",2
"2023-12-18","13:28:00",8,"iButton_R2.csv",2
"2023-12-18","17:43:00",8,"iButton_R2.csv",2
"2023-12-18","21:58:00",8,"iButton_R2.csv",2
"2023-12-19","02:13:00",8,"iButton_R2.csv",2
"2023-12-19","06:28:00",8,"iButton_R2.csv",2
"2023-12-19","10:43:00",8,"iButton_R2.csv",2
"2023-12-19","14:58:00",8,"iButton_R2.csv",2
"2023-12-19","19:13:00",8,"iButton_R2.csv",2
"2023-12-19","23:28:00",8,"iButton_R2.csv",2
"2023-12-20","03:43:00",8,"iButton_R2.csv",2
"2023-12-20","07:58:00",8,"iButton_R2.csv",2
"2023-12-20","12:13:00",8,"iButton_R2.csv",2
"2023-12-20","16:28:00",8,"iButton_R2.csv",2
"2023-12-20","20:43:00",8,"iButton_R2.csv",2
"2023-12-21","00:58:00",8,"iButton_R2.csv",2
"2023-12-21","05:13:00",8,"iButton_R2.csv",2
"2023-12-21","09:28:00",8,"iButton_R2.csv",2
"2023-12-21","13:43:00",8,"iButton_R2.csv",2
"2023-12-21","17:58:00",8,"iButton_R2.csv",2
"2023-12-21","22:13:00",8,"iButton_R2.csv",2
"2023-12-22","02:28:00",8,"iButton_R2.csv",2
"2023-12-22","06:43:00",8,"iButton_R2.csv",2
"2023-12-22","10:58:00",8,"iButton_R2.csv",2
"2023-12-22","15:13:00",8,"iButton_R2.csv",2
"2023-12-22","19:28:00",8,"iButton_R2.csv",2
"2023-12-22","23:43:00",8,"iButton_R2.csv",2
"2023-12-23","03:58:00",8,"iButton_R2.csv",2
"2023-12-23","08:13:00",8,"iButton_R2.csv",2
"2023-12-23","12:28:00",8,"iButton_R2.csv",2
"2023-12-23","16:43:00",8,"iButton_R2.csv",2
"2023-12-23","20:58:00",8,"iButton_R2.csv",2
"2023-12-24","01:13:00",8,"iButton_R2.csv",2
"2023-12-24","05:28:00",8,"iButton_R2.csv",2
"2023-12-24","09:43:00",8,"iButton_R2.csv",2
"2023-12-24","13:58:00",8,"iButton_R2.csv",2
"2023-12-24","18:13:00",8,"iButton_R2.csv",2
"2023-12-24","22:28:00",8,"iButton_R2.csv",2
"2023-12-25","02:43:00",8,"iButton_R2.csv",2
"2023-12-25","06:58:00",8,"iButton_R2.csv",2
"2023-12-25","11:13:00",8,"iButton_R2.csv",2
"2023-12-25","15:28:00",8,"iButton_R2.csv",2
"2023-12-25","19:43:00",8,"iButton_R2.csv",2
"2023-12-25","23:58:00",8,"iButton_R2.csv",2
"2023-12-26","04:13:00",8,"iButton_R2.csv",2
"2023-12-26","08:28:00",8,"iButton_R2.csv",2
"2023-12-26","12:43:00",8,"iButton_R2.csv",2
"2023-12-26","16:58:00",8,"iButton_R2.csv",2
"2023-12-26","21:13:00",8,"iButton_R2.csv",2
"2023-12-27","01:28:00",8,"iButton_R2.csv",2
"2023-12-27","05:43:00",8,"iButton_R2.csv",2
"2023-12-27","09:58:00",8,"iButton_R2.csv",2
"2023-12-27","14:13:00",8,"iButton_R2.csv",2
"2023-12-27","18:28:00",8,"iButton_R2.csv",2
"2023-12-27","22:43:00",8,"iButton_R2.csv",2
"2023-12-28","02:58:00",8,"iButton_R2.csv",2
"2023-12-28","07:13:00",8,"iButton_R2.csv",2
"2023-12-28","11:28:00",8,"iButton_R2.csv",2
"2023-12-28","15:43:00",8,"iButton_R2.csv",2
"2023-12-28","19:58:00",8,"iButton_R2.csv",2
"2023-12-29","00:13:00",8,"iButton_R2.csv",2
"2023-12-29","04:28:00",8,"iButton_R2.csv",2
"2023-12-29","08:43:00",8,"iButton_R2.csv",2
"2023-12-29","12:58:00",8,"iButton_R2.csv",2
"2023-12-29","17:13:00",8,"iButton_R2.csv",2
"2023-12-29","21:28:00",8,"iButton_R2.csv",2
"2023-12-30","01:43:00",8,"iButton_R2.csv",2
"2023-12-30","05:58:00",8,"iButton_R2.csv",2
"2023-12-30","10:13:00",8,"iButton_R2.csv",2
"2023-12-30","14:28:00",8,"iButton_R2.csv",2
"2023-12-30","18:43:00",8,"iButton_R2.csv",2
"2023-12-30","22:58:00",8,"iButton_R2.csv",2
"2023-12-31","03:13:00",8,"iButton_R2.csv",2
"2023-12-31","07:28:00",8,"iButton_R2.csv",2
"2023-12-31","11:43:00",8,"iButton_R2.csv",2
"2023-12-31","15:58:00",8,"iButton_R2.csv",2
"2023-12-31","20:13:00",8,"iButton_R2.csv",2
"2024-01-01","00:28:00",8,"iButton_R2.csv",2
"2024-01-01","04:43:00",8,"iButton_R2.csv",2
"2024-01-01","08:58:00",8,"iButton_R2.csv",2
"2024-01-01","13:13:00",8,"iButton_R2.csv",2
"2024-01-01","17:28:00",8,"iButton_R2.csv",2
"2024-01-01","21:43:00",8,"iButton_R2.csv",2
"2024-01-02","01:58:00",8,"iButton_R2.csv",2
"2024-01-02","06:13:00",8,"iButton_R2.csv",2
"2024-01-02","10:28:00",8,"iButton_R2.csv",2
"2024-01-02","14:43:00",8,"iButton_R2.csv",2
"2024-01-02","18:58:00",8,"iButton_R2.csv",2
"2024-01-02","23:13:00",8,"iButton_R2.csv",2
"2024-01-03","03:28:00",8,"iButton_R2.csv",2
"2024-01-03","07:43:00",8,"iButton_R2.csv",2
"2024-01-03","11:58:00",8,"iButton_R2.csv",2
"2024-01-03","16:13:00",8,"iButton_R2.csv",2
"2024-01-03","20:28:00",8,"iButton_R2.csv",2
"2024-01-04","00:43:00",8,"iButton_R2.csv",2
"2024-01-04","04:58:00",8,"iButton_R2.csv",2
"2024-01-04","09:13:00",8,"iButton_R2.csv",2
"2024-01-04","13:28:00",7.5,"iButton_R2.csv",2
"2024-01-04","17:43:00",7.5,"iButton_R2.csv",2
"2024-01-04","21:58:00",7.5,"iButton_R2.csv",2
"2024-01-05","02:13:00",7.5,"iButton_R2.csv",2
"2024-01-05","06:28:00",7.5,"iButton_R2.csv",2
"2024-01-05","10:43:00",7.5,"iButton_R2.csv",2
"2024-01-05","14:58:00",7.5,"iButton_R2.csv",2
"2024-01-05","19:13:00",7.5,"iButton_R2.csv",2
"2024-01-05","23:28:00",7.5,"iButton_R2.csv",2
"2024-01-06","03:43:00",7.5,"iButton_R2.csv",2
"2024-01-06","07:58:00",7.5,"iButton_R2.csv",2
"2024-01-06","12:13:00",7.5,"iButton_R2.csv",2
"2024-01-06","16:28:00",7.5,"iButton_R2.csv",2
"2024-01-06","20:43:00",7.5,"iButton_R2.csv",2
"2024-01-07","00:58:00",7.5,"iButton_R2.csv",2
"2024-01-07","05:13:00",7.5,"iButton_R2.csv",2
"2024-01-07","09:28:00",7.5,"iButton_R2.csv",2
"2024-01-07","13:43:00",7.5,"iButton_R2.csv",2
"2024-01-07","17:58:00",7.5,"iButton_R2.csv",2
"2024-01-07","22:13:00",7,"iButton_R2.csv",2
"2024-01-08","02:28:00",7.5,"iButton_R2.csv",2
"2024-01-08","06:43:00",7.5,"iButton_R2.csv",2
"2024-01-08","10:58:00",7.5,"iButton_R2.csv",2
"2024-01-08","15:13:00",7,"iButton_R2.csv",2
"2024-01-08","19:28:00",7.5,"iButton_R2.csv",2
"2024-01-08","23:43:00",7.5,"iButton_R2.csv",2
"2024-01-09","03:58:00",7.5,"iButton_R2.csv",2
"2024-01-09","08:13:00",7,"iButton_R2.csv",2
"2024-01-09","12:28:00",7,"iButton_R2.csv",2
"2024-01-09","16:43:00",7,"iButton_R2.csv",2
"2024-01-09","20:58:00",7,"iButton_R2.csv",2
"2024-01-10","01:13:00",7,"iButton_R2.csv",2
"2024-01-10","05:28:00",7,"iButton_R2.csv",2
"2024-01-10","09:43:00",7,"iButton_R2.csv",2
"2024-01-10","13:58:00",7,"iButton_R2.csv",2
"2024-01-10","18:13:00",7,"iButton_R2.csv",2
"2024-01-10","22:28:00",7,"iButton_R2.csv",2
"2024-01-11","02:43:00",7,"iButton_R2.csv",2
"2024-01-11","06:58:00",7,"iButton_R2.csv",2
"2024-01-11","11:13:00",7,"iButton_R2.csv",2
"2024-01-11","15:28:00",7,"iButton_R2.csv",2
"2024-01-11","19:43:00",7,"iButton_R2.csv",2
"2024-01-11","23:58:00",7,"iButton_R2.csv",2
"2024-01-12","04:13:00",7,"iButton_R2.csv",2
"2024-01-12","08:28:00",7,"iButton_R2.csv",2
"2024-01-12","12:43:00",7,"iButton_R2.csv",2
"2024-01-12","16:58:00",7,"iButton_R2.csv",2
"2024-01-12","21:13:00",7,"iButton_R2.csv",2
"2024-01-13","01:28:00",7,"iButton_R2.csv",2
"2024-01-13","05:43:00",7,"iButton_R2.csv",2
"2024-01-13","09:58:00",7,"iButton_R2.csv",2
"2024-01-13","14:13:00",7,"iButton_R2.csv",2
"2024-01-13","18:28:00",7,"iButton_R2.csv",2
"2024-01-13","22:43:00",7,"iButton_R2.csv",2
"2024-01-14","02:58:00",7,"iButton_R2.csv",2
"2024-01-14","07:13:00",7,"iButton_R2.csv",2
"2024-01-14","11:28:00",7,"iButton_R2.csv",2
"2024-01-14","15:43:00",7,"iButton_R2.csv",2
"2024-01-14","19:58:00",7,"iButton_R2.csv",2
"2024-01-15","00:13:00",7,"iButton_R2.csv",2
"2024-01-15","04:28:00",7,"iButton_R2.csv",2
"2024-01-15","08:43:00",7,"iButton_R2.csv",2
"2024-01-15","12:58:00",7,"iButton_R2.csv",2
"2024-01-15","17:13:00",7,"iButton_R2.csv",2
"2024-01-15","21:28:00",7,"iButton_R2.csv",2
"2024-01-16","01:43:00",7,"iButton_R2.csv",2
"2024-01-16","05:58:00",7,"iButton_R2.csv",2
"2024-01-16","10:13:00",6.5,"iButton_R2.csv",2
"2024-01-16","14:28:00",6.5,"iButton_R2.csv",2
"2024-01-16","18:43:00",6.5,"iButton_R2.csv",2
"2024-01-16","22:58:00",6.5,"iButton_R2.csv",2
"2024-01-17","03:13:00",6.5,"iButton_R2.csv",2
"2024-01-17","07:28:00",6.5,"iButton_R2.csv",2
"2024-01-17","11:43:00",6.5,"iButton_R2.csv",2
"2024-01-17","15:58:00",6.5,"iButton_R2.csv",2
"2024-01-17","20:13:00",6.5,"iButton_R2.csv",2
"2024-01-18","00:28:00",6.5,"iButton_R2.csv",2
"2024-01-18","04:43:00",6.5,"iButton_R2.csv",2
"2024-01-18","08:58:00",6.5,"iButton_R2.csv",2
"2024-01-18","13:13:00",6.5,"iButton_R2.csv",2
"2024-01-18","17:28:00",6.5,"iButton_R2.csv",2
"2024-01-18","21:43:00",6.5,"iButton_R2.csv",2
"2024-01-19","01:58:00",6.5,"iButton_R2.csv",2
"2024-01-19","06:13:00",6.5,"iButton_R2.csv",2
"2024-01-19","10:28:00",6.5,"iButton_R2.csv",2
"2024-01-19","14:43:00",6.5,"iButton_R2.csv",2
"2024-01-19","18:58:00",6.5,"iButton_R2.csv",2
"2024-01-19","23:13:00",6.5,"iButton_R2.csv",2
"2024-01-20","03:28:00",6.5,"iButton_R2.csv",2
"2024-01-20","07:43:00",6.5,"iButton_R2.csv",2
"2024-01-20","11:58:00",6.5,"iButton_R2.csv",2
"2024-01-20","16:13:00",6.5,"iButton_R2.csv",2
"2024-01-20","20:28:00",6.5,"iButton_R2.csv",2
"2024-01-21","00:43:00",6.5,"iButton_R2.csv",2
"2024-01-21","04:58:00",6.5,"iButton_R2.csv",2
"2024-01-21","09:13:00",6.5,"iButton_R2.csv",2
"2024-01-21","13:28:00",6.5,"iButton_R2.csv",2
"2024-01-21","17:43:00",6.5,"iButton_R2.csv",2
"2024-01-21","21:58:00",6.5,"iButton_R2.csv",2
"2024-01-22","02:13:00",6.5,"iButton_R2.csv",2
"2024-01-22","06:28:00",6.5,"iButton_R2.csv",2
"2024-01-22","10:43:00",6.5,"iButton_R2.csv",2
"2024-01-22","14:58:00",6.5,"iButton_R2.csv",2
"2024-01-22","19:13:00",6.5,"iButton_R2.csv",2
"2024-01-22","23:28:00",6.5,"iButton_R2.csv",2
"2024-01-23","03:43:00",6.5,"iButton_R2.csv",2
"2024-01-23","07:58:00",6.5,"iButton_R2.csv",2
"2024-01-23","12:13:00",6.5,"iButton_R2.csv",2
"2024-01-23","16:28:00",6.5,"iButton_R2.csv",2
"2024-01-23","20:43:00",6.5,"iButton_R2.csv",2
"2024-01-24","00:58:00",6.5,"iButton_R2.csv",2
"2024-01-24","05:13:00",6.5,"iButton_R2.csv",2
"2024-01-24","09:28:00",6.5,"iButton_R2.csv",2
"2024-01-24","13:43:00",6.5,"iButton_R2.csv",2
"2024-01-24","17:58:00",6.5,"iButton_R2.csv",2
"2024-01-24","22:13:00",6.5,"iButton_R2.csv",2
"2024-01-25","02:28:00",6.5,"iButton_R2.csv",2
"2024-01-25","06:43:00",6.5,"iButton_R2.csv",2
"2024-01-25","10:58:00",6.5,"iButton_R2.csv",2
"2024-01-25","15:13:00",6.5,"iButton_R2.csv",2
"2024-01-25","19:28:00",6.5,"iButton_R2.csv",2
"2024-01-25","23:43:00",6.5,"iButton_R2.csv",2
"2024-01-26","03:58:00",6.5,"iButton_R2.csv",2
"2024-01-26","08:13:00",6.5,"iButton_R2.csv",2
"2024-01-26","12:28:00",6.5,"iButton_R2.csv",2
"2024-01-26","16:43:00",6.5,"iButton_R2.csv",2
"2024-01-26","20:58:00",6.5,"iButton_R2.csv",2
"2024-01-27","01:13:00",6.5,"iButton_R2.csv",2
"2024-01-27","05:28:00",6.5,"iButton_R2.csv",2
"2024-01-27","09:43:00",6.5,"iButton_R2.csv",2
"2024-01-27","13:58:00",6.5,"iButton_R2.csv",2
"2024-01-27","18:13:00",6.5,"iButton_R2.csv",2
"2024-01-27","22:28:00",6.5,"iButton_R2.csv",2
"2024-01-28","02:43:00",6.5,"iButton_R2.csv",2
"2024-01-28","06:58:00",6.5,"iButton_R2.csv",2
"2024-01-28","11:13:00",6.5,"iButton_R2.csv",2
"2024-01-28","15:28:00",6.5,"iButton_R2.csv",2
"2024-01-28","19:43:00",6.5,"iButton_R2.csv",2
"2024-01-28","23:58:00",6.5,"iButton_R2.csv",2
"2024-01-29","04:13:00",6.5,"iButton_R2.csv",2
"2024-01-29","08:28:00",6.5,"iButton_R2.csv",2
"2024-01-29","12:43:00",6.5,"iButton_R2.csv",2
"2024-01-29","16:58:00",6.5,"iButton_R2.csv",2
"2024-01-29","21:13:00",6.5,"iButton_R2.csv",2
"2024-01-30","01:28:00",6.5,"iButton_R2.csv",2
"2024-01-30","05:43:00",6.5,"iButton_R2.csv",2
"2024-01-30","09:58:00",6.5,"iButton_R2.csv",2
"2024-01-30","14:13:00",6.5,"iButton_R2.csv",2
"2024-01-30","18:28:00",6.5,"iButton_R2.csv",2
"2024-01-30","22:43:00",6.5,"iButton_R2.csv",2
"2024-01-31","02:58:00",6.5,"iButton_R2.csv",2
"2024-01-31","07:13:00",6.5,"iButton_R2.csv",2
"2024-01-31","11:28:00",6.5,"iButton_R2.csv",2
"2024-01-31","15:43:00",6.5,"iButton_R2.csv",2
"2024-01-31","19:58:00",6.5,"iButton_R2.csv",2
"2024-02-01","00:13:00",6.5,"iButton_R2.csv",2
"2024-02-01","04:28:00",6.5,"iButton_R2.csv",2
"2024-02-01","08:43:00",6.5,"iButton_R2.csv",2
"2024-02-01","12:58:00",6.5,"iButton_R2.csv",2
"2024-02-01","17:13:00",6.5,"iButton_R2.csv",2
"2024-02-01","21:28:00",6.5,"iButton_R2.csv",2
"2024-02-02","01:43:00",6.5,"iButton_R2.csv",2
"2024-02-02","05:58:00",6.5,"iButton_R2.csv",2
"2024-02-02","10:13:00",6.5,"iButton_R2.csv",2
"2024-02-02","14:28:00",6.5,"iButton_R2.csv",2
"2024-02-02","18:43:00",6.5,"iButton_R2.csv",2
"2024-02-02","22:58:00",6.5,"iButton_R2.csv",2
"2024-02-03","03:13:00",6.5,"iButton_R2.csv",2
"2024-02-03","07:28:00",6.5,"iButton_R2.csv",2
"2024-02-03","11:43:00",6.5,"iButton_R2.csv",2
"2024-02-03","15:58:00",6.5,"iButton_R2.csv",2
"2024-02-03","20:13:00",6.5,"iButton_R2.csv",2
"2024-02-04","00:28:00",6.5,"iButton_R2.csv",2
"2024-02-04","04:43:00",6.5,"iButton_R2.csv",2
"2024-02-04","08:58:00",6.5,"iButton_R2.csv",2
"2024-02-04","13:13:00",6.5,"iButton_R2.csv",2
"2024-02-04","17:28:00",6.5,"iButton_R2.csv",2
"2024-02-04","21:43:00",6.5,"iButton_R2.csv",2
"2024-02-05","01:58:00",6.5,"iButton_R2.csv",2
"2024-02-05","06:13:00",6.5,"iButton_R2.csv",2
"2024-02-05","10:28:00",6.5,"iButton_R2.csv",2
"2024-02-05","14:43:00",6.5,"iButton_R2.csv",2
"2024-02-05","18:58:00",6.5,"iButton_R2.csv",2
"2024-02-05","23:13:00",6.5,"iButton_R2.csv",2
"2024-02-06","03:28:00",6.5,"iButton_R2.csv",2
"2024-02-06","07:43:00",6.5,"iButton_R2.csv",2
"2024-02-06","11:58:00",6.5,"iButton_R2.csv",2
"2024-02-06","16:13:00",6.5,"iButton_R2.csv",2
"2024-02-06","20:28:00",6.5,"iButton_R2.csv",2
"2024-02-07","00:43:00",6.5,"iButton_R2.csv",2
"2024-02-07","04:58:00",6.5,"iButton_R2.csv",2
"2024-02-07","09:13:00",6.5,"iButton_R2.csv",2
"2024-02-07","13:28:00",6.5,"iButton_R2.csv",2
"2024-02-07","17:43:00",6.5,"iButton_R2.csv",2
"2024-02-07","21:58:00",6.5,"iButton_R2.csv",2
"2024-02-08","02:13:00",6.5,"iButton_R2.csv",2
"2024-02-08","06:28:00",6.5,"iButton_R2.csv",2
"2024-02-08","10:43:00",6.5,"iButton_R2.csv",2
"2024-02-08","14:58:00",6.5,"iButton_R2.csv",2
"2024-02-08","19:13:00",6.5,"iButton_R2.csv",2
"2024-02-08","23:28:00",6.5,"iButton_R2.csv",2
"2024-02-09","03:43:00",6.5,"iButton_R2.csv",2
"2024-02-09","07:58:00",6.5,"iButton_R2.csv",2
"2024-02-09","12:13:00",6.5,"iButton_R2.csv",2
"2024-02-09","16:28:00",6.5,"iButton_R2.csv",2
"2024-02-09","20:43:00",6.5,"iButton_R2.csv",2
"2024-02-10","00:58:00",6.5,"iButton_R2.csv",2
"2024-02-10","05:13:00",6.5,"iButton_R2.csv",2
"2024-02-10","09:28:00",6.5,"iButton_R2.csv",2
"2024-02-10","13:43:00",6.5,"iButton_R2.csv",2
"2024-02-10","17:58:00",6.5,"iButton_R2.csv",2
"2024-02-10","22:13:00",6.5,"iButton_R2.csv",2
"2024-02-11","02:28:00",6.5,"iButton_R2.csv",2
"2024-02-11","06:43:00",6.5,"iButton_R2.csv",2
"2024-02-11","10:58:00",6.5,"iButton_R2.csv",2
"2024-02-11","15:13:00",6.5,"iButton_R2.csv",2
"2024-02-11","19:28:00",6.5,"iButton_R2.csv",2
"2024-02-11","23:43:00",6.5,"iButton_R2.csv",2
"2024-02-12","03:58:00",6.5,"iButton_R2.csv",2
"2024-02-12","08:13:00",6.5,"iButton_R2.csv",2
"2024-02-12","12:28:00",6.5,"iButton_R2.csv",2
"2024-02-12","16:43:00",6.5,"iButton_R2.csv",2
"2024-02-12","20:58:00",6.5,"iButton_R2.csv",2
"2024-02-13","01:13:00",6.5,"iButton_R2.csv",2
"2024-02-13","05:28:00",6.5,"iButton_R2.csv",2
"2024-02-13","09:43:00",6.5,"iButton_R2.csv",2
"2024-02-13","13:58:00",6.5,"iButton_R2.csv",2
"2024-02-13","18:13:00",6.5,"iButton_R2.csv",2
"2024-02-13","22:28:00",6.5,"iButton_R2.csv",2
"2024-02-14","02:43:00",6.5,"iButton_R2.csv",2
"2024-02-14","06:58:00",6.5,"iButton_R2.csv",2
"2024-02-14","11:13:00",6.5,"iButton_R2.csv",2
"2024-02-14","15:28:00",6.5,"iButton_R2.csv",2
"2024-02-14","19:43:00",6.5,"iButton_R2.csv",2
"2024-02-14","23:58:00",6.5,"iButton_R2.csv",2
"2024-02-15","04:13:00",6.5,"iButton_R2.csv",2
"2024-02-15","08:28:00",6.5,"iButton_R2.csv",2
"2024-02-15","12:43:00",6.5,"iButton_R2.csv",2
"2024-02-15","16:58:00",6.5,"iButton_R2.csv",2
"2024-02-15","21:13:00",6.5,"iButton_R2.csv",2
"2024-02-16","01:28:00",6.5,"iButton_R2.csv",2
"2024-02-16","05:43:00",6.5,"iButton_R2.csv",2
"2024-02-16","09:58:00",6.5,"iButton_R2.csv",2
"2024-02-16","14:13:00",6.5,"iButton_R2.csv",2
"2024-02-16","18:28:00",6.5,"iButton_R2.csv",2
"2024-02-16","22:43:00",6.5,"iButton_R2.csv",2
"2024-02-17","02:58:00",6.5,"iButton_R2.csv",2
"2024-02-17","07:13:00",6.5,"iButton_R2.csv",2
"2024-02-17","11:28:00",6.5,"iButton_R2.csv",2
"2024-02-17","15:43:00",6.5,"iButton_R2.csv",2
"2024-02-17","19:58:00",6.5,"iButton_R2.csv",2
"2024-02-18","00:13:00",6.5,"iButton_R2.csv",2
"2024-02-18","04:28:00",6.5,"iButton_R2.csv",2
"2024-02-18","08:43:00",6.5,"iButton_R2.csv",2
"2024-02-18","12:58:00",6.5,"iButton_R2.csv",2
"2024-02-18","17:13:00",6.5,"iButton_R2.csv",2
"2024-02-18","21:28:00",6.5,"iButton_R2.csv",2
"2024-02-19","01:43:00",6.5,"iButton_R2.csv",2
"2024-02-19","05:58:00",6.5,"iButton_R2.csv",2
"2024-02-19","10:13:00",6.5,"iButton_R2.csv",2
"2024-02-19","14:28:00",6.5,"iButton_R2.csv",2
"2024-02-19","18:43:00",6.5,"iButton_R2.csv",2
"2024-02-19","22:58:00",6.5,"iButton_R2.csv",2
"2024-02-20","03:13:00",6.5,"iButton_R2.csv",2
"2024-02-20","07:28:00",6.5,"iButton_R2.csv",2
"2024-02-20","11:43:00",6.5,"iButton_R2.csv",2
"2024-02-20","15:58:00",6.5,"iButton_R2.csv",2
"2024-02-20","20:13:00",6.5,"iButton_R2.csv",2
"2024-02-21","00:28:00",6.5,"iButton_R2.csv",2
"2024-02-21","04:43:00",6.5,"iButton_R2.csv",2
"2024-02-21","08:58:00",6.5,"iButton_R2.csv",2
"2024-02-21","13:13:00",6.5,"iButton_R2.csv",2
"2024-02-21","17:28:00",6.5,"iButton_R2.csv",2
"2024-02-21","21:43:00",6.5,"iButton_R2.csv",2
"2024-02-22","01:58:00",6.5,"iButton_R2.csv",2
"2024-02-22","06:13:00",6.5,"iButton_R2.csv",2
"2024-02-22","10:28:00",6.5,"iButton_R2.csv",2
"2024-02-22","14:43:00",6.5,"iButton_R2.csv",2
"2024-02-22","18:58:00",6.5,"iButton_R2.csv",2
"2024-02-22","23:13:00",6.5,"iButton_R2.csv",2
"2024-02-23","03:28:00",6.5,"iButton_R2.csv",2
"2024-02-23","07:43:00",6.5,"iButton_R2.csv",2
"2024-02-23","11:58:00",6.5,"iButton_R2.csv",2
"2024-02-23","16:13:00",6.5,"iButton_R2.csv",2
"2024-02-23","20:28:00",6.5,"iButton_R2.csv",2
"2024-02-24","00:43:00",6.5,"iButton_R2.csv",2
"2024-02-24","04:58:00",6.5,"iButton_R2.csv",2
"2024-02-24","09:13:00",6.5,"iButton_R2.csv",2
"2024-02-24","13:28:00",6.5,"iButton_R2.csv",2
"2024-02-24","17:43:00",6.5,"iButton_R2.csv",2
"2024-02-24","21:58:00",6.5,"iButton_R2.csv",2
"2024-02-25","02:13:00",6.5,"iButton_R2.csv",2
"2024-02-25","06:28:00",6.5,"iButton_R2.csv",2
"2024-02-25","10:43:00",6.5,"iButton_R2.csv",2
"2024-02-25","14:58:00",6.5,"iButton_R2.csv",2
"2024-02-25","19:13:00",6.5,"iButton_R2.csv",2
"2024-02-25","23:28:00",6.5,"iButton_R2.csv",2
"2024-02-26","03:43:00",6.5,"iButton_R2.csv",2
"2024-02-26","07:58:00",6.5,"iButton_R2.csv",2
"2024-02-26","12:13:00",6.5,"iButton_R2.csv",2
"2024-02-26","16:28:00",6.5,"iButton_R2.csv",2
"2024-02-26","20:43:00",6.5,"iButton_R2.csv",2
"2024-02-27","00:58:00",6.5,"iButton_R2.csv",2
"2024-02-27","05:13:00",6.5,"iButton_R2.csv",2
"2024-02-27","09:28:00",6.5,"iButton_R2.csv",2
"2024-02-27","13:43:00",6.5,"iButton_R2.csv",2
"2024-02-27","17:58:00",6.5,"iButton_R2.csv",2
"2024-02-27","22:13:00",6.5,"iButton_R2.csv",2
"2024-02-28","02:28:00",6.5,"iButton_R2.csv",2
"2024-02-28","06:43:00",6.5,"iButton_R2.csv",2
"2024-02-28","10:58:00",6.5,"iButton_R2.csv",2
"2024-02-28","15:13:00",6.5,"iButton_R2.csv",2
"2024-02-28","19:28:00",6.5,"iButton_R2.csv",2
"2024-02-28","23:43:00",6.5,"iButton_R2.csv",2
"2024-02-29","03:58:00",6.5,"iButton_R2.csv",2
"2024-02-29","08:13:00",6.5,"iButton_R2.csv",2
"2024-02-29","12:28:00",6.5,"iButton_R2.csv",2
"2024-02-29","16:43:00",6.5,"iButton_R2.csv",2
"2024-02-29","20:58:00",6.5,"iButton_R2.csv",2
"2024-03-01","01:13:00",6.5,"iButton_R2.csv",2
"2024-03-01","05:28:00",6.5,"iButton_R2.csv",2
"2024-03-01","09:43:00",6.5,"iButton_R2.csv",2
"2024-03-01","13:58:00",6.5,"iButton_R2.csv",2
"2024-03-01","18:13:00",6.5,"iButton_R2.csv",2
"2024-03-01","22:28:00",6.5,"iButton_R2.csv",2
"2024-03-02","02:43:00",6.5,"iButton_R2.csv",2
"2024-03-02","06:58:00",6.5,"iButton_R2.csv",2
"2024-03-02","11:13:00",6.5,"iButton_R2.csv",2
"2024-03-02","15:28:00",6.5,"iButton_R2.csv",2
"2024-03-02","19:43:00",6.5,"iButton_R2.csv",2
"2024-03-02","23:58:00",6.5,"iButton_R2.csv",2
"2024-03-03","04:13:00",6.5,"iButton_R2.csv",2
"2024-03-03","08:28:00",6.5,"iButton_R2.csv",2
"2024-03-03","12:43:00",6.5,"iButton_R2.csv",2
"2024-03-03","16:58:00",6.5,"iButton_R2.csv",2
"2024-03-03","21:13:00",6.5,"iButton_R2.csv",2
"2024-03-04","01:28:00",6.5,"iButton_R2.csv",2
"2024-03-04","05:43:00",6.5,"iButton_R2.csv",2
"2024-03-04","09:58:00",6.5,"iButton_R2.csv",2
"2024-03-04","14:13:00",6.5,"iButton_R2.csv",2
"2024-03-04","18:28:00",6.5,"iButton_R2.csv",2
"2024-03-04","22:43:00",6.5,"iButton_R2.csv",2
"2024-03-05","02:58:00",6.5,"iButton_R2.csv",2
"2024-03-05","07:13:00",6.5,"iButton_R2.csv",2
"2024-03-05","11:28:00",6.5,"iButton_R2.csv",2
"2024-03-05","15:43:00",6.5,"iButton_R2.csv",2
"2024-03-05","19:58:00",6.5,"iButton_R2.csv",2
"2024-03-06","00:13:00",6.5,"iButton_R2.csv",2
"2024-03-06","04:28:00",6.5,"iButton_R2.csv",2
"2024-03-06","08:43:00",6.5,"iButton_R2.csv",2
"2024-03-06","12:58:00",6.5,"iButton_R2.csv",2
"2024-03-06","17:13:00",6.5,"iButton_R2.csv",2
"2024-03-06","21:28:00",6.5,"iButton_R2.csv",2
"2024-03-07","01:43:00",6.5,"iButton_R2.csv",2
"2024-03-07","05:58:00",6.5,"iButton_R2.csv",2
"2024-03-07","10:13:00",6.5,"iButton_R2.csv",2
"2024-03-07","14:28:00",6.5,"iButton_R2.csv",2
"2024-03-07","18:43:00",6.5,"iButton_R2.csv",2
"2024-03-07","22:58:00",6.5,"iButton_R2.csv",2
"2024-03-08","03:13:00",6.5,"iButton_R2.csv",2
"2024-03-08","07:28:00",6.5,"iButton_R2.csv",2
"2024-03-08","11:43:00",6.5,"iButton_R2.csv",2
"2024-03-08","15:58:00",6.5,"iButton_R2.csv",2
"2024-03-08","20:13:00",6.5,"iButton_R2.csv",2
"2024-03-09","00:28:00",6.5,"iButton_R2.csv",2
"2024-03-09","04:43:00",6.5,"iButton_R2.csv",2
"2024-03-09","08:58:00",6.5,"iButton_R2.csv",2
"2024-03-09","13:13:00",6.5,"iButton_R2.csv",2
"2024-03-09","17:28:00",6.5,"iButton_R2.csv",2
"2024-03-09","21:43:00",6.5,"iButton_R2.csv",2
"2024-03-10","01:58:00",6.5,"iButton_R2.csv",2
"2024-03-10","06:13:00",6.5,"iButton_R2.csv",2
"2024-03-10","10:28:00",6.5,"iButton_R2.csv",2
"2024-03-10","14:43:00",6.5,"iButton_R2.csv",2
"2024-03-10","18:58:00",6.5,"iButton_R2.csv",2
"2024-03-10","23:13:00",6.5,"iButton_R2.csv",2
"2024-03-11","03:28:00",6.5,"iButton_R2.csv",2
"2024-03-11","07:43:00",6.5,"iButton_R2.csv",2
"2024-03-11","11:58:00",6.5,"iButton_R2.csv",2
"2024-03-11","16:13:00",6.5,"iButton_R2.csv",2
"2024-03-11","20:28:00",6.5,"iButton_R2.csv",2
"2024-03-12","00:43:00",6.5,"iButton_R2.csv",2
"2024-03-12","04:58:00",6.5,"iButton_R2.csv",2
"2024-03-12","09:13:00",6.5,"iButton_R2.csv",2
"2024-03-12","13:28:00",6.5,"iButton_R2.csv",2
"2024-03-12","17:43:00",6.5,"iButton_R2.csv",2
"2024-03-12","21:58:00",6.5,"iButton_R2.csv",2
"2024-03-13","02:13:00",6.5,"iButton_R2.csv",2
"2024-03-13","06:28:00",6.5,"iButton_R2.csv",2
"2024-03-13","10:43:00",6.5,"iButton_R2.csv",2
"2024-03-13","14:58:00",6.5,"iButton_R2.csv",2
"2024-03-13","19:13:00",7,"iButton_R2.csv",2
"2024-03-13","23:28:00",7,"iButton_R2.csv",2
"2024-03-14","03:43:00",7,"iButton_R2.csv",2
"2024-03-14","07:58:00",7,"iButton_R2.csv",2
"2024-03-14","12:13:00",7,"iButton_R2.csv",2
"2024-03-14","16:28:00",7,"iButton_R2.csv",2
"2024-03-14","20:43:00",7,"iButton_R2.csv",2
"2024-03-15","00:58:00",7,"iButton_R2.csv",2
"2024-03-15","05:13:00",7,"iButton_R2.csv",2
"2024-03-15","09:28:00",7,"iButton_R2.csv",2
"2024-03-15","13:43:00",7,"iButton_R2.csv",2
"2024-03-15","17:58:00",7,"iButton_R2.csv",2
"2024-03-15","22:13:00",7,"iButton_R2.csv",2
"2024-03-16","02:28:00",7,"iButton_R2.csv",2
"2024-03-16","06:43:00",7,"iButton_R2.csv",2
"2024-03-16","10:58:00",7,"iButton_R2.csv",2
"2024-03-16","15:13:00",7,"iButton_R2.csv",2
"2024-03-16","19:28:00",7,"iButton_R2.csv",2
"2024-03-16","23:43:00",7,"iButton_R2.csv",2
"2024-03-17","03:58:00",7,"iButton_R2.csv",2
"2024-03-17","08:13:00",7,"iButton_R2.csv",2
"2024-03-17","12:28:00",7,"iButton_R2.csv",2
"2024-03-17","16:43:00",7,"iButton_R2.csv",2
"2024-03-17","20:58:00",7,"iButton_R2.csv",2
"2024-03-18","01:13:00",7,"iButton_R2.csv",2
"2024-03-18","05:28:00",7,"iButton_R2.csv",2
"2024-03-18","09:43:00",7,"iButton_R2.csv",2
"2024-03-18","13:58:00",6.5,"iButton_R2.csv",2
"2024-03-18","18:13:00",6.5,"iButton_R2.csv",2
"2024-03-18","22:28:00",6.5,"iButton_R2.csv",2
"2024-03-19","02:43:00",7,"iButton_R2.csv",2
"2024-03-19","06:58:00",7,"iButton_R2.csv",2
"2024-03-19","11:13:00",7,"iButton_R2.csv",2
"2024-03-19","15:28:00",7,"iButton_R2.csv",2
"2024-03-19","19:43:00",7,"iButton_R2.csv",2
"2024-03-19","23:58:00",7,"iButton_R2.csv",2
"2024-03-20","04:13:00",7,"iButton_R2.csv",2
"2024-03-20","08:28:00",7,"iButton_R2.csv",2
"2024-03-20","12:43:00",7,"iButton_R2.csv",2
"2024-03-20","16:58:00",7,"iButton_R2.csv",2
"2024-03-20","21:13:00",7,"iButton_R2.csv",2
"2024-03-21","01:28:00",7,"iButton_R2.csv",2
"2024-03-21","05:43:00",7,"iButton_R2.csv",2
"2024-03-21","09:58:00",7,"iButton_R2.csv",2
"2024-03-21","14:13:00",7,"iButton_R2.csv",2
"2024-03-21","18:28:00",7,"iButton_R2.csv",2
"2024-03-21","22:43:00",7,"iButton_R2.csv",2
"2024-03-22","02:58:00",7,"iButton_R2.csv",2
"2024-03-22","07:13:00",7,"iButton_R2.csv",2
"2024-03-22","11:28:00",7,"iButton_R2.csv",2
"2024-03-22","15:43:00",7,"iButton_R2.csv",2
"2024-03-22","19:58:00",7,"iButton_R2.csv",2
"2024-03-23","00:13:00",7,"iButton_R2.csv",2
"2024-03-23","04:28:00",7,"iButton_R2.csv",2
"2024-03-23","08:43:00",7,"iButton_R2.csv",2
"2024-03-23","12:58:00",7,"iButton_R2.csv",2
"2024-03-23","17:13:00",7,"iButton_R2.csv",2
"2024-03-23","21:28:00",7,"iButton_R2.csv",2
"2024-03-24","01:43:00",7,"iButton_R2.csv",2
"2024-03-24","05:58:00",7,"iButton_R2.csv",2
"2024-03-24","10:13:00",7,"iButton_R2.csv",2
"2024-03-24","14:28:00",7,"iButton_R2.csv",2
"2024-03-24","18:43:00",7,"iButton_R2.csv",2
"2024-03-24","22:58:00",7,"iButton_R2.csv",2
"2024-03-25","03:13:00",7,"iButton_R2.csv",2
"2024-03-25","07:28:00",7,"iButton_R2.csv",2
"2024-03-25","11:43:00",7,"iButton_R2.csv",2
"2024-03-25","15:58:00",7,"iButton_R2.csv",2
"2024-03-25","20:13:00",7,"iButton_R2.csv",2
"2024-03-26","00:28:00",7,"iButton_R2.csv",2
"2024-03-26","04:43:00",7,"iButton_R2.csv",2
"2024-03-26","08:58:00",7,"iButton_R2.csv",2
"2024-03-26","13:13:00",7,"iButton_R2.csv",2
"2024-03-26","17:28:00",7,"iButton_R2.csv",2
"2024-03-26","21:43:00",7,"iButton_R2.csv",2
"2024-03-27","01:58:00",7,"iButton_R2.csv",2
"2024-03-27","06:13:00",7,"iButton_R2.csv",2
"2024-03-27","10:28:00",7,"iButton_R2.csv",2
"2024-03-27","14:43:00",7,"iButton_R2.csv",2
"2024-03-27","18:58:00",7,"iButton_R2.csv",2
"2024-03-27","23:13:00",7,"iButton_R2.csv",2
"2024-03-28","03:28:00",7,"iButton_R2.csv",2
"2024-03-28","07:43:00",7,"iButton_R2.csv",2
"2024-03-28","11:58:00",7,"iButton_R2.csv",2
"2024-03-28","16:13:00",7,"iButton_R2.csv",2
"2024-03-28","20:28:00",7,"iButton_R2.csv",2
"2024-03-29","00:43:00",7,"iButton_R2.csv",2
"2024-03-29","04:58:00",7,"iButton_R2.csv",2
"2024-03-29","09:13:00",7,"iButton_R2.csv",2
"2024-03-29","13:28:00",7,"iButton_R2.csv",2
"2024-03-29","17:43:00",7,"iButton_R2.csv",2
"2023-11-03","22:29:00",12,"iButton_R3.csv",3
"2023-11-04","02:44:00",11.5,"iButton_R3.csv",3
"2023-11-04","06:59:00",11.5,"iButton_R3.csv",3
"2023-11-04","11:14:00",11.5,"iButton_R3.csv",3
"2023-11-04","15:29:00",11.5,"iButton_R3.csv",3
"2023-11-04","19:44:00",11.5,"iButton_R3.csv",3
"2023-11-04","23:59:00",11.5,"iButton_R3.csv",3
"2023-11-05","04:14:00",11.5,"iButton_R3.csv",3
"2023-11-05","08:29:00",11.5,"iButton_R3.csv",3
"2023-11-05","12:44:00",11.5,"iButton_R3.csv",3
"2023-11-05","16:59:00",11.5,"iButton_R3.csv",3
"2023-11-05","21:14:00",11.5,"iButton_R3.csv",3
"2023-11-06","01:29:00",11.5,"iButton_R3.csv",3
"2023-11-06","05:44:00",11.5,"iButton_R3.csv",3
"2023-11-06","09:59:00",11.5,"iButton_R3.csv",3
"2023-11-06","14:14:00",11.5,"iButton_R3.csv",3
"2023-11-06","18:29:00",11.5,"iButton_R3.csv",3
"2023-11-06","22:44:00",11.5,"iButton_R3.csv",3
"2023-11-07","02:59:00",11.5,"iButton_R3.csv",3
"2023-11-07","07:14:00",11.5,"iButton_R3.csv",3
"2023-11-07","11:29:00",11.5,"iButton_R3.csv",3
"2023-11-07","15:44:00",11.5,"iButton_R3.csv",3
"2023-11-07","19:59:00",11.5,"iButton_R3.csv",3
"2023-11-08","00:14:00",11.5,"iButton_R3.csv",3
"2023-11-08","04:29:00",11.5,"iButton_R3.csv",3
"2023-11-08","08:44:00",11.5,"iButton_R3.csv",3
"2023-11-08","12:59:00",11.5,"iButton_R3.csv",3
"2023-11-08","17:14:00",11.5,"iButton_R3.csv",3
"2023-11-08","21:29:00",11.5,"iButton_R3.csv",3
"2023-11-09","01:44:00",11.5,"iButton_R3.csv",3
"2023-11-09","05:59:00",11.5,"iButton_R3.csv",3
"2023-11-09","10:14:00",11.5,"iButton_R3.csv",3
"2023-11-09","14:29:00",11.5,"iButton_R3.csv",3
"2023-11-09","18:44:00",11.5,"iButton_R3.csv",3
"2023-11-09","22:59:00",11.5,"iButton_R3.csv",3
"2023-11-10","03:14:00",11.5,"iButton_R3.csv",3
"2023-11-10","07:29:00",11.5,"iButton_R3.csv",3
"2023-11-10","11:44:00",11.5,"iButton_R3.csv",3
"2023-11-10","15:59:00",11.5,"iButton_R3.csv",3
"2023-11-10","20:14:00",11.5,"iButton_R3.csv",3
"2023-11-11","00:29:00",11.5,"iButton_R3.csv",3
"2023-11-11","04:44:00",11.5,"iButton_R3.csv",3
"2023-11-11","08:59:00",11.5,"iButton_R3.csv",3
"2023-11-11","13:14:00",11.5,"iButton_R3.csv",3
"2023-11-11","17:29:00",11.5,"iButton_R3.csv",3
"2023-11-11","21:44:00",11.5,"iButton_R3.csv",3
"2023-11-12","01:59:00",11.5,"iButton_R3.csv",3
"2023-11-12","06:14:00",11.5,"iButton_R3.csv",3
"2023-11-12","10:29:00",11.5,"iButton_R3.csv",3
"2023-11-12","14:44:00",11.5,"iButton_R3.csv",3
"2023-11-12","18:59:00",11.5,"iButton_R3.csv",3
"2023-11-12","23:14:00",11.5,"iButton_R3.csv",3
"2023-11-13","03:29:00",11.5,"iButton_R3.csv",3
"2023-11-13","07:44:00",11.5,"iButton_R3.csv",3
"2023-11-13","11:59:00",11.5,"iButton_R3.csv",3
"2023-11-13","16:14:00",11.5,"iButton_R3.csv",3
"2023-11-13","20:29:00",11,"iButton_R3.csv",3
"2023-11-14","00:44:00",11,"iButton_R3.csv",3
"2023-11-14","04:59:00",11,"iButton_R3.csv",3
"2023-11-14","09:14:00",11,"iButton_R3.csv",3
"2023-11-14","13:29:00",11,"iButton_R3.csv",3
"2023-11-14","17:44:00",11,"iButton_R3.csv",3
"2023-11-14","21:59:00",11,"iButton_R3.csv",3
"2023-11-15","02:14:00",11,"iButton_R3.csv",3
"2023-11-15","06:29:00",11,"iButton_R3.csv",3
"2023-11-15","10:44:00",11,"iButton_R3.csv",3
"2023-11-15","14:59:00",11,"iButton_R3.csv",3
"2023-11-15","19:14:00",11,"iButton_R3.csv",3
"2023-11-15","23:29:00",11,"iButton_R3.csv",3
"2023-11-16","03:44:00",11,"iButton_R3.csv",3
"2023-11-16","07:59:00",11,"iButton_R3.csv",3
"2023-11-16","12:14:00",11,"iButton_R3.csv",3
"2023-11-16","16:29:00",11,"iButton_R3.csv",3
"2023-11-16","20:44:00",11,"iButton_R3.csv",3
"2023-11-17","00:59:00",11,"iButton_R3.csv",3
"2023-11-17","05:14:00",11,"iButton_R3.csv",3
"2023-11-17","09:29:00",11,"iButton_R3.csv",3
"2023-11-17","13:44:00",11,"iButton_R3.csv",3
"2023-11-17","17:59:00",11,"iButton_R3.csv",3
"2023-11-17","22:14:00",11,"iButton_R3.csv",3
"2023-11-18","02:29:00",11,"iButton_R3.csv",3
"2023-11-18","06:44:00",11,"iButton_R3.csv",3
"2023-11-18","10:59:00",11,"iButton_R3.csv",3
"2023-11-18","15:14:00",11,"iButton_R3.csv",3
"2023-11-18","19:29:00",11,"iButton_R3.csv",3
"2023-11-18","23:44:00",11,"iButton_R3.csv",3
"2023-11-19","03:59:00",11,"iButton_R3.csv",3
"2023-11-19","08:14:00",11,"iButton_R3.csv",3
"2023-11-19","12:29:00",11,"iButton_R3.csv",3
"2023-11-19","16:44:00",11,"iButton_R3.csv",3
"2023-11-19","20:59:00",11,"iButton_R3.csv",3
"2023-11-20","01:14:00",11,"iButton_R3.csv",3
"2023-11-20","05:29:00",11,"iButton_R3.csv",3
"2023-11-20","09:44:00",11,"iButton_R3.csv",3
"2023-11-20","13:59:00",11,"iButton_R3.csv",3
"2023-11-20","18:14:00",11,"iButton_R3.csv",3
"2023-11-20","22:29:00",11,"iButton_R3.csv",3
"2023-11-21","02:44:00",11,"iButton_R3.csv",3
"2023-11-21","06:59:00",11,"iButton_R3.csv",3
"2023-11-21","11:14:00",10.5,"iButton_R3.csv",3
"2023-11-21","15:29:00",10.5,"iButton_R3.csv",3
"2023-11-21","19:44:00",10.5,"iButton_R3.csv",3
"2023-11-21","23:59:00",10.5,"iButton_R3.csv",3
"2023-11-22","04:14:00",10.5,"iButton_R3.csv",3
"2023-11-22","08:29:00",10.5,"iButton_R3.csv",3
"2023-11-22","12:44:00",10.5,"iButton_R3.csv",3
"2023-11-22","16:59:00",10.5,"iButton_R3.csv",3
"2023-11-22","21:14:00",10.5,"iButton_R3.csv",3
"2023-11-23","01:29:00",10.5,"iButton_R3.csv",3
"2023-11-23","05:44:00",10.5,"iButton_R3.csv",3
"2023-11-23","09:59:00",10.5,"iButton_R3.csv",3
"2023-11-23","14:14:00",10.5,"iButton_R3.csv",3
"2023-11-23","18:29:00",10.5,"iButton_R3.csv",3
"2023-11-23","22:44:00",10.5,"iButton_R3.csv",3
"2023-11-24","02:59:00",10.5,"iButton_R3.csv",3
"2023-11-24","07:14:00",10.5,"iButton_R3.csv",3
"2023-11-24","11:29:00",10.5,"iButton_R3.csv",3
"2023-11-24","15:44:00",10.5,"iButton_R3.csv",3
"2023-11-24","19:59:00",10.5,"iButton_R3.csv",3
"2023-11-25","00:14:00",10.5,"iButton_R3.csv",3
"2023-11-25","04:29:00",10.5,"iButton_R3.csv",3
"2023-11-25","08:44:00",10.5,"iButton_R3.csv",3
"2023-11-25","12:59:00",10.5,"iButton_R3.csv",3
"2023-11-25","17:14:00",10.5,"iButton_R3.csv",3
"2023-11-25","21:29:00",10.5,"iButton_R3.csv",3
"2023-11-26","01:44:00",10.5,"iButton_R3.csv",3
"2023-11-26","05:59:00",10.5,"iButton_R3.csv",3
"2023-11-26","10:14:00",10.5,"iButton_R3.csv",3
"2023-11-26","14:29:00",10.5,"iButton_R3.csv",3
"2023-11-26","18:44:00",10.5,"iButton_R3.csv",3
"2023-11-26","22:59:00",10,"iButton_R3.csv",3
"2023-11-27","03:14:00",10,"iButton_R3.csv",3
"2023-11-27","07:29:00",10,"iButton_R3.csv",3
"2023-11-27","11:44:00",10,"iButton_R3.csv",3
"2023-11-27","15:59:00",10,"iButton_R3.csv",3
"2023-11-27","20:14:00",10,"iButton_R3.csv",3
"2023-11-28","00:29:00",10,"iButton_R3.csv",3
"2023-11-28","04:44:00",10,"iButton_R3.csv",3
"2023-11-28","08:59:00",10,"iButton_R3.csv",3
"2023-11-28","13:14:00",10,"iButton_R3.csv",3
"2023-11-28","17:29:00",10,"iButton_R3.csv",3
"2023-11-28","21:44:00",10,"iButton_R3.csv",3
"2023-11-29","01:59:00",10,"iButton_R3.csv",3
"2023-11-29","06:14:00",10,"iButton_R3.csv",3
"2023-11-29","10:29:00",10,"iButton_R3.csv",3
"2023-11-29","14:44:00",10,"iButton_R3.csv",3
"2023-11-29","18:59:00",10,"iButton_R3.csv",3
"2023-11-29","23:14:00",10,"iButton_R3.csv",3
"2023-11-30","03:29:00",10,"iButton_R3.csv",3
"2023-11-30","07:44:00",10,"iButton_R3.csv",3
"2023-11-30","11:59:00",10,"iButton_R3.csv",3
"2023-11-30","16:14:00",10,"iButton_R3.csv",3
"2023-11-30","20:29:00",9.5,"iButton_R3.csv",3
"2023-12-01","00:44:00",9.5,"iButton_R3.csv",3
"2023-12-01","04:59:00",9.5,"iButton_R3.csv",3
"2023-12-01","09:14:00",9.5,"iButton_R3.csv",3
"2023-12-01","13:29:00",9.5,"iButton_R3.csv",3
"2023-12-01","17:44:00",9.5,"iButton_R3.csv",3
"2023-12-01","21:59:00",9.5,"iButton_R3.csv",3
"2023-12-02","02:14:00",9.5,"iButton_R3.csv",3
"2023-12-02","06:29:00",9.5,"iButton_R3.csv",3
"2023-12-02","10:44:00",9.5,"iButton_R3.csv",3
"2023-12-02","14:59:00",9.5,"iButton_R3.csv",3
"2023-12-02","19:14:00",9.5,"iButton_R3.csv",3
"2023-12-02","23:29:00",9.5,"iButton_R3.csv",3
"2023-12-03","03:44:00",9.5,"iButton_R3.csv",3
"2023-12-03","07:59:00",9.5,"iButton_R3.csv",3
"2023-12-03","12:14:00",9.5,"iButton_R3.csv",3
"2023-12-03","16:29:00",9.5,"iButton_R3.csv",3
"2023-12-03","20:44:00",9.5,"iButton_R3.csv",3
"2023-12-04","00:59:00",9.5,"iButton_R3.csv",3
"2023-12-04","05:14:00",9.5,"iButton_R3.csv",3
"2023-12-04","09:29:00",9,"iButton_R3.csv",3
"2023-12-04","13:44:00",9,"iButton_R3.csv",3
"2023-12-04","17:59:00",9,"iButton_R3.csv",3
"2023-12-04","22:14:00",9,"iButton_R3.csv",3
"2023-12-05","02:29:00",9,"iButton_R3.csv",3
"2023-12-05","06:44:00",9,"iButton_R3.csv",3
"2023-12-05","10:59:00",9,"iButton_R3.csv",3
"2023-12-05","15:14:00",9,"iButton_R3.csv",3
"2023-12-05","19:29:00",9,"iButton_R3.csv",3
"2023-12-05","23:44:00",9,"iButton_R3.csv",3
"2023-12-06","03:59:00",9,"iButton_R3.csv",3
"2023-12-06","08:14:00",9,"iButton_R3.csv",3
"2023-12-06","12:29:00",9,"iButton_R3.csv",3
"2023-12-06","16:44:00",9,"iButton_R3.csv",3
"2023-12-06","20:59:00",9,"iButton_R3.csv",3
"2023-12-07","01:14:00",9,"iButton_R3.csv",3
"2023-12-07","05:29:00",9,"iButton_R3.csv",3
"2023-12-07","09:44:00",9,"iButton_R3.csv",3
"2023-12-07","13:59:00",9,"iButton_R3.csv",3
"2023-12-07","18:14:00",9,"iButton_R3.csv",3
"2023-12-07","22:29:00",9,"iButton_R3.csv",3
"2023-12-08","02:44:00",9,"iButton_R3.csv",3
"2023-12-08","06:59:00",9,"iButton_R3.csv",3
"2023-12-08","11:14:00",9,"iButton_R3.csv",3
"2023-12-08","15:29:00",9,"iButton_R3.csv",3
"2023-12-08","19:44:00",9,"iButton_R3.csv",3
"2023-12-08","23:59:00",9,"iButton_R3.csv",3
"2023-12-09","04:14:00",9,"iButton_R3.csv",3
"2023-12-09","08:29:00",9,"iButton_R3.csv",3
"2023-12-09","12:44:00",8.5,"iButton_R3.csv",3
"2023-12-09","16:59:00",8.5,"iButton_R3.csv",3
"2023-12-09","21:14:00",8.5,"iButton_R3.csv",3
"2023-12-10","01:29:00",8.5,"iButton_R3.csv",3
"2023-12-10","05:44:00",8.5,"iButton_R3.csv",3
"2023-12-10","09:59:00",8.5,"iButton_R3.csv",3
"2023-12-10","14:14:00",8.5,"iButton_R3.csv",3
"2023-12-10","18:29:00",8.5,"iButton_R3.csv",3
"2023-12-10","22:44:00",8.5,"iButton_R3.csv",3
"2023-12-11","02:59:00",8.5,"iButton_R3.csv",3
"2023-12-11","07:14:00",8.5,"iButton_R3.csv",3
"2023-12-11","11:29:00",8.5,"iButton_R3.csv",3
"2023-12-11","15:44:00",8.5,"iButton_R3.csv",3
"2023-12-11","19:59:00",8.5,"iButton_R3.csv",3
"2023-12-12","00:14:00",8.5,"iButton_R3.csv",3
"2023-12-12","04:29:00",8.5,"iButton_R3.csv",3
"2023-12-12","08:44:00",8.5,"iButton_R3.csv",3
"2023-12-12","12:59:00",8.5,"iButton_R3.csv",3
"2023-12-12","17:14:00",8.5,"iButton_R3.csv",3
"2023-12-12","21:29:00",8.5,"iButton_R3.csv",3
"2023-12-13","01:44:00",8.5,"iButton_R3.csv",3
"2023-12-13","05:59:00",8.5,"iButton_R3.csv",3
"2023-12-13","10:14:00",8.5,"iButton_R3.csv",3
"2023-12-13","14:29:00",8.5,"iButton_R3.csv",3
"2023-12-13","18:44:00",8.5,"iButton_R3.csv",3
"2023-12-13","22:59:00",8.5,"iButton_R3.csv",3
"2023-12-14","03:14:00",8.5,"iButton_R3.csv",3
"2023-12-14","07:29:00",8.5,"iButton_R3.csv",3
"2023-12-14","11:44:00",8.5,"iButton_R3.csv",3
"2023-12-14","15:59:00",8.5,"iButton_R3.csv",3
"2023-12-14","20:14:00",8.5,"iButton_R3.csv",3
"2023-12-15","00:29:00",8.5,"iButton_R3.csv",3
"2023-12-15","04:44:00",8.5,"iButton_R3.csv",3
"2023-12-15","08:59:00",8.5,"iButton_R3.csv",3
"2023-12-15","13:14:00",8.5,"iButton_R3.csv",3
"2023-12-15","17:29:00",8.5,"iButton_R3.csv",3
"2023-12-15","21:44:00",8.5,"iButton_R3.csv",3
"2023-12-16","01:59:00",8.5,"iButton_R3.csv",3
"2023-12-16","06:14:00",8.5,"iButton_R3.csv",3
"2023-12-16","10:29:00",8.5,"iButton_R3.csv",3
"2023-12-16","14:44:00",8.5,"iButton_R3.csv",3
"2023-12-16","18:59:00",8.5,"iButton_R3.csv",3
"2023-12-16","23:14:00",8.5,"iButton_R3.csv",3
"2023-12-17","03:29:00",8.5,"iButton_R3.csv",3
"2023-12-17","07:44:00",8.5,"iButton_R3.csv",3
"2023-12-17","11:59:00",8.5,"iButton_R3.csv",3
"2023-12-17","16:14:00",8.5,"iButton_R3.csv",3
"2023-12-17","20:29:00",8.5,"iButton_R3.csv",3
"2023-12-18","00:44:00",8.5,"iButton_R3.csv",3
"2023-12-18","04:59:00",8.5,"iButton_R3.csv",3
"2023-12-18","09:14:00",8.5,"iButton_R3.csv",3
"2023-12-18","13:29:00",8,"iButton_R3.csv",3
"2023-12-18","17:44:00",8.5,"iButton_R3.csv",3
"2023-12-18","21:59:00",8.5,"iButton_R3.csv",3
"2023-12-19","02:14:00",8.5,"iButton_R3.csv",3
"2023-12-19","06:29:00",8.5,"iButton_R3.csv",3
"2023-12-19","10:44:00",8.5,"iButton_R3.csv",3
"2023-12-19","14:59:00",8.5,"iButton_R3.csv",3
"2023-12-19","19:14:00",8,"iButton_R3.csv",3
"2023-12-19","23:29:00",8.5,"iButton_R3.csv",3
"2023-12-20","03:44:00",8.5,"iButton_R3.csv",3
"2023-12-20","07:59:00",8.5,"iButton_R3.csv",3
"2023-12-20","12:14:00",8,"iButton_R3.csv",3
"2023-12-20","16:29:00",8,"iButton_R3.csv",3
"2023-12-20","20:44:00",8,"iButton_R3.csv",3
"2023-12-21","00:59:00",8.5,"iButton_R3.csv",3
"2023-12-21","05:14:00",8,"iButton_R3.csv",3
"2023-12-21","09:29:00",8,"iButton_R3.csv",3
"2023-12-21","13:44:00",8,"iButton_R3.csv",3
"2023-12-21","17:59:00",8,"iButton_R3.csv",3
"2023-12-21","22:14:00",8,"iButton_R3.csv",3
"2023-12-22","02:29:00",8,"iButton_R3.csv",3
"2023-12-22","06:44:00",8,"iButton_R3.csv",3
"2023-12-22","10:59:00",8,"iButton_R3.csv",3
"2023-12-22","15:14:00",8,"iButton_R3.csv",3
"2023-12-22","19:29:00",8,"iButton_R3.csv",3
"2023-12-22","23:44:00",8,"iButton_R3.csv",3
"2023-12-23","03:59:00",8,"iButton_R3.csv",3
"2023-12-23","08:14:00",8,"iButton_R3.csv",3
"2023-12-23","12:29:00",8,"iButton_R3.csv",3
"2023-12-23","16:44:00",8,"iButton_R3.csv",3
"2023-12-23","20:59:00",8,"iButton_R3.csv",3
"2023-12-24","01:14:00",8,"iButton_R3.csv",3
"2023-12-24","05:29:00",8,"iButton_R3.csv",3
"2023-12-24","09:44:00",8,"iButton_R3.csv",3
"2023-12-24","13:59:00",8,"iButton_R3.csv",3
"2023-12-24","18:14:00",8,"iButton_R3.csv",3
"2023-12-24","22:29:00",8,"iButton_R3.csv",3
"2023-12-25","02:44:00",8,"iButton_R3.csv",3
"2023-12-25","06:59:00",8,"iButton_R3.csv",3
"2023-12-25","11:14:00",8,"iButton_R3.csv",3
"2023-12-25","15:29:00",8,"iButton_R3.csv",3
"2023-12-25","19:44:00",8,"iButton_R3.csv",3
"2023-12-25","23:59:00",8,"iButton_R3.csv",3
"2023-12-26","04:14:00",8,"iButton_R3.csv",3
"2023-12-26","08:29:00",8,"iButton_R3.csv",3
"2023-12-26","12:44:00",8,"iButton_R3.csv",3
"2023-12-26","16:59:00",8,"iButton_R3.csv",3
"2023-12-26","21:14:00",8,"iButton_R3.csv",3
"2023-12-27","01:29:00",8,"iButton_R3.csv",3
"2023-12-27","05:44:00",8,"iButton_R3.csv",3
"2023-12-27","09:59:00",8,"iButton_R3.csv",3
"2023-12-27","14:14:00",8,"iButton_R3.csv",3
"2023-12-27","18:29:00",8,"iButton_R3.csv",3
"2023-12-27","22:44:00",8,"iButton_R3.csv",3
"2023-12-28","02:59:00",8,"iButton_R3.csv",3
"2023-12-28","07:14:00",8,"iButton_R3.csv",3
"2023-12-28","11:29:00",8,"iButton_R3.csv",3
"2023-12-28","15:44:00",8,"iButton_R3.csv",3
"2023-12-28","19:59:00",8,"iButton_R3.csv",3
"2023-12-29","00:14:00",8,"iButton_R3.csv",3
"2023-12-29","04:29:00",8,"iButton_R3.csv",3
"2023-12-29","08:44:00",8,"iButton_R3.csv",3
"2023-12-29","12:59:00",8,"iButton_R3.csv",3
"2023-12-29","17:14:00",8,"iButton_R3.csv",3
"2023-12-29","21:29:00",8,"iButton_R3.csv",3
"2023-12-30","01:44:00",8,"iButton_R3.csv",3
"2023-12-30","05:59:00",8,"iButton_R3.csv",3
"2023-12-30","10:14:00",8,"iButton_R3.csv",3
"2023-12-30","14:29:00",8,"iButton_R3.csv",3
"2023-12-30","18:44:00",8,"iButton_R3.csv",3
"2023-12-30","22:59:00",8,"iButton_R3.csv",3
"2023-12-31","03:14:00",8,"iButton_R3.csv",3
"2023-12-31","07:29:00",8,"iButton_R3.csv",3
"2023-12-31","11:44:00",8,"iButton_R3.csv",3
"2023-12-31","15:59:00",8,"iButton_R3.csv",3
"2023-12-31","20:14:00",8,"iButton_R3.csv",3
"2024-01-01","00:29:00",8,"iButton_R3.csv",3
"2024-01-01","04:44:00",8,"iButton_R3.csv",3
"2024-01-01","08:59:00",8,"iButton_R3.csv",3
"2024-01-01","13:14:00",8,"iButton_R3.csv",3
"2024-01-01","17:29:00",8,"iButton_R3.csv",3
"2024-01-01","21:44:00",8,"iButton_R3.csv",3
"2024-01-02","01:59:00",8,"iButton_R3.csv",3
"2024-01-02","06:14:00",8,"iButton_R3.csv",3
"2024-01-02","10:29:00",8,"iButton_R3.csv",3
"2024-01-02","14:44:00",8,"iButton_R3.csv",3
"2024-01-02","18:59:00",8,"iButton_R3.csv",3
"2024-01-02","23:14:00",8,"iButton_R3.csv",3
"2024-01-03","03:29:00",8,"iButton_R3.csv",3
"2024-01-03","07:44:00",8,"iButton_R3.csv",3
"2024-01-03","11:59:00",8,"iButton_R3.csv",3
"2024-01-03","16:14:00",8,"iButton_R3.csv",3
"2024-01-03","20:29:00",8,"iButton_R3.csv",3
"2024-01-04","00:44:00",8,"iButton_R3.csv",3
"2024-01-04","04:59:00",8,"iButton_R3.csv",3
"2024-01-04","09:14:00",8,"iButton_R3.csv",3
"2024-01-04","13:29:00",8,"iButton_R3.csv",3
"2024-01-04","17:44:00",8,"iButton_R3.csv",3
"2024-01-04","21:59:00",8,"iButton_R3.csv",3
"2024-01-05","02:14:00",8,"iButton_R3.csv",3
"2024-01-05","06:29:00",8,"iButton_R3.csv",3
"2024-01-05","10:44:00",8,"iButton_R3.csv",3
"2024-01-05","14:59:00",8,"iButton_R3.csv",3
"2024-01-05","19:14:00",8,"iButton_R3.csv",3
"2024-01-05","23:29:00",8,"iButton_R3.csv",3
"2024-01-06","03:44:00",8,"iButton_R3.csv",3
"2024-01-06","07:59:00",8,"iButton_R3.csv",3
"2024-01-06","12:14:00",8,"iButton_R3.csv",3
"2024-01-06","16:29:00",7.5,"iButton_R3.csv",3
"2024-01-06","20:44:00",7.5,"iButton_R3.csv",3
"2024-01-07","00:59:00",7.5,"iButton_R3.csv",3
"2024-01-07","05:14:00",7.5,"iButton_R3.csv",3
"2024-01-07","09:29:00",7.5,"iButton_R3.csv",3
"2024-01-07","13:44:00",7.5,"iButton_R3.csv",3
"2024-01-07","17:59:00",7.5,"iButton_R3.csv",3
"2024-01-07","22:14:00",7.5,"iButton_R3.csv",3
"2024-01-08","02:29:00",7.5,"iButton_R3.csv",3
"2024-01-08","06:44:00",7.5,"iButton_R3.csv",3
"2024-01-08","10:59:00",7.5,"iButton_R3.csv",3
"2024-01-08","15:14:00",7.5,"iButton_R3.csv",3
"2024-01-08","19:29:00",7.5,"iButton_R3.csv",3
"2024-01-08","23:44:00",7.5,"iButton_R3.csv",3
"2024-01-09","03:59:00",7.5,"iButton_R3.csv",3
"2024-01-09","08:14:00",7.5,"iButton_R3.csv",3
"2024-01-09","12:29:00",7.5,"iButton_R3.csv",3
"2024-01-09","16:44:00",7.5,"iButton_R3.csv",3
"2024-01-09","20:59:00",7.5,"iButton_R3.csv",3
"2024-01-10","01:14:00",7.5,"iButton_R3.csv",3
"2024-01-10","05:29:00",7.5,"iButton_R3.csv",3
"2024-01-10","09:44:00",7.5,"iButton_R3.csv",3
"2024-01-10","13:59:00",7.5,"iButton_R3.csv",3
"2024-01-10","18:14:00",7.5,"iButton_R3.csv",3
"2024-01-10","22:29:00",7.5,"iButton_R3.csv",3
"2024-01-11","02:44:00",7.5,"iButton_R3.csv",3
"2024-01-11","06:59:00",7.5,"iButton_R3.csv",3
"2024-01-11","11:14:00",7.5,"iButton_R3.csv",3
"2024-01-11","15:29:00",7.5,"iButton_R3.csv",3
"2024-01-11","19:44:00",7.5,"iButton_R3.csv",3
"2024-01-11","23:59:00",7.5,"iButton_R3.csv",3
"2024-01-12","04:14:00",7.5,"iButton_R3.csv",3
"2024-01-12","08:29:00",7.5,"iButton_R3.csv",3
"2024-01-12","12:44:00",7.5,"iButton_R3.csv",3
"2024-01-12","16:59:00",7.5,"iButton_R3.csv",3
"2024-01-12","21:14:00",7.5,"iButton_R3.csv",3
"2024-01-13","01:29:00",7,"iButton_R3.csv",3
"2024-01-13","05:44:00",7,"iButton_R3.csv",3
"2024-01-13","09:59:00",7,"iButton_R3.csv",3
"2024-01-13","14:14:00",7,"iButton_R3.csv",3
"2024-01-13","18:29:00",7,"iButton_R3.csv",3
"2024-01-13","22:44:00",7,"iButton_R3.csv",3
"2024-01-14","02:59:00",7,"iButton_R3.csv",3
"2024-01-14","07:14:00",7,"iButton_R3.csv",3
"2024-01-14","11:29:00",7,"iButton_R3.csv",3
"2024-01-14","15:44:00",7,"iButton_R3.csv",3
"2024-01-14","19:59:00",7,"iButton_R3.csv",3
"2024-01-15","00:14:00",7,"iButton_R3.csv",3
"2024-01-15","04:29:00",7,"iButton_R3.csv",3
"2024-01-15","08:44:00",7,"iButton_R3.csv",3
"2024-01-15","12:59:00",7,"iButton_R3.csv",3
"2024-01-15","17:14:00",7,"iButton_R3.csv",3
"2024-01-15","21:29:00",7,"iButton_R3.csv",3
"2024-01-16","01:44:00",7,"iButton_R3.csv",3
"2024-01-16","05:59:00",7,"iButton_R3.csv",3
"2024-01-16","10:14:00",7,"iButton_R3.csv",3
"2024-01-16","14:29:00",7,"iButton_R3.csv",3
"2024-01-16","18:44:00",7,"iButton_R3.csv",3
"2024-01-16","22:59:00",7,"iButton_R3.csv",3
"2024-01-17","03:14:00",7,"iButton_R3.csv",3
"2024-01-17","07:29:00",7,"iButton_R3.csv",3
"2024-01-17","11:44:00",7,"iButton_R3.csv",3
"2024-01-17","15:59:00",7,"iButton_R3.csv",3
"2024-01-17","20:14:00",7,"iButton_R3.csv",3
"2024-01-18","00:29:00",7,"iButton_R3.csv",3
"2024-01-18","04:44:00",7,"iButton_R3.csv",3
"2024-01-18","08:59:00",7,"iButton_R3.csv",3
"2024-01-18","13:14:00",7,"iButton_R3.csv",3
"2024-01-18","17:29:00",7,"iButton_R3.csv",3
"2024-01-18","21:44:00",7,"iButton_R3.csv",3
"2024-01-19","01:59:00",7,"iButton_R3.csv",3
"2024-01-19","06:14:00",7,"iButton_R3.csv",3
"2024-01-19","10:29:00",7,"iButton_R3.csv",3
"2024-01-19","14:44:00",7,"iButton_R3.csv",3
"2024-01-19","18:59:00",7,"iButton_R3.csv",3
"2024-01-19","23:14:00",7,"iButton_R3.csv",3
"2024-01-20","03:29:00",7,"iButton_R3.csv",3
"2024-01-20","07:44:00",6.5,"iButton_R3.csv",3
"2024-01-20","11:59:00",6.5,"iButton_R3.csv",3
"2024-01-20","16:14:00",6.5,"iButton_R3.csv",3
"2024-01-20","20:29:00",6.5,"iButton_R3.csv",3
"2024-01-21","00:44:00",6.5,"iButton_R3.csv",3
"2024-01-21","04:59:00",6.5,"iButton_R3.csv",3
"2024-01-21","09:14:00",6.5,"iButton_R3.csv",3
"2024-01-21","13:29:00",6.5,"iButton_R3.csv",3
"2024-01-21","17:44:00",6.5,"iButton_R3.csv",3
"2024-01-21","21:59:00",6.5,"iButton_R3.csv",3
"2024-01-22","02:14:00",6.5,"iButton_R3.csv",3
"2024-01-22","06:29:00",6.5,"iButton_R3.csv",3
"2024-01-22","10:44:00",6.5,"iButton_R3.csv",3
"2024-01-22","14:59:00",6.5,"iButton_R3.csv",3
"2024-01-22","19:14:00",6.5,"iButton_R3.csv",3
"2024-01-22","23:29:00",6.5,"iButton_R3.csv",3
"2024-01-23","03:44:00",6.5,"iButton_R3.csv",3
"2024-01-23","07:59:00",6.5,"iButton_R3.csv",3
"2024-01-23","12:14:00",6.5,"iButton_R3.csv",3
"2024-01-23","16:29:00",6.5,"iButton_R3.csv",3
"2024-01-23","20:44:00",6.5,"iButton_R3.csv",3
"2024-01-24","00:59:00",6.5,"iButton_R3.csv",3
"2024-01-24","05:14:00",6.5,"iButton_R3.csv",3
"2024-01-24","09:29:00",6.5,"iButton_R3.csv",3
"2024-01-24","13:44:00",6.5,"iButton_R3.csv",3
"2024-01-24","17:59:00",6.5,"iButton_R3.csv",3
"2024-01-24","22:14:00",6.5,"iButton_R3.csv",3
"2024-01-25","02:29:00",6.5,"iButton_R3.csv",3
"2024-01-25","06:44:00",6.5,"iButton_R3.csv",3
"2024-01-25","10:59:00",6.5,"iButton_R3.csv",3
"2024-01-25","15:14:00",6.5,"iButton_R3.csv",3
"2024-01-25","19:29:00",6.5,"iButton_R3.csv",3
"2024-01-25","23:44:00",6.5,"iButton_R3.csv",3
"2024-01-26","03:59:00",6.5,"iButton_R3.csv",3
"2024-01-26","08:14:00",6.5,"iButton_R3.csv",3
"2024-01-26","12:29:00",6.5,"iButton_R3.csv",3
"2024-01-26","16:44:00",6.5,"iButton_R3.csv",3
"2024-01-26","20:59:00",6.5,"iButton_R3.csv",3
"2024-01-27","01:14:00",6.5,"iButton_R3.csv",3
"2024-01-27","05:29:00",6.5,"iButton_R3.csv",3
"2024-01-27","09:44:00",6.5,"iButton_R3.csv",3
"2024-01-27","13:59:00",6.5,"iButton_R3.csv",3
"2024-01-27","18:14:00",6.5,"iButton_R3.csv",3
"2024-01-27","22:29:00",6.5,"iButton_R3.csv",3
"2024-01-28","02:44:00",6.5,"iButton_R3.csv",3
"2024-01-28","06:59:00",6.5,"iButton_R3.csv",3
"2024-01-28","11:14:00",6.5,"iButton_R3.csv",3
"2024-01-28","15:29:00",6.5,"iButton_R3.csv",3
"2024-01-28","19:44:00",6.5,"iButton_R3.csv",3
"2024-01-28","23:59:00",6.5,"iButton_R3.csv",3
"2024-01-29","04:14:00",6.5,"iButton_R3.csv",3
"2024-01-29","08:29:00",6.5,"iButton_R3.csv",3
"2024-01-29","12:44:00",6.5,"iButton_R3.csv",3
"2024-01-29","16:59:00",6.5,"iButton_R3.csv",3
"2024-01-29","21:14:00",6.5,"iButton_R3.csv",3
"2024-01-30","01:29:00",6.5,"iButton_R3.csv",3
"2024-01-30","05:44:00",6.5,"iButton_R3.csv",3
"2024-01-30","09:59:00",6.5,"iButton_R3.csv",3
"2024-01-30","14:14:00",6.5,"iButton_R3.csv",3
"2024-01-30","18:29:00",6.5,"iButton_R3.csv",3
"2024-01-30","22:44:00",6.5,"iButton_R3.csv",3
"2024-01-31","02:59:00",6.5,"iButton_R3.csv",3
"2024-01-31","07:14:00",6.5,"iButton_R3.csv",3
"2024-01-31","11:29:00",6.5,"iButton_R3.csv",3
"2024-01-31","15:44:00",6.5,"iButton_R3.csv",3
"2024-01-31","19:59:00",6.5,"iButton_R3.csv",3
"2024-02-01","00:14:00",6.5,"iButton_R3.csv",3
"2024-02-01","04:29:00",6.5,"iButton_R3.csv",3
"2024-02-01","08:44:00",6.5,"iButton_R3.csv",3
"2024-02-01","12:59:00",6.5,"iButton_R3.csv",3
"2024-02-01","17:14:00",6.5,"iButton_R3.csv",3
"2024-02-01","21:29:00",6.5,"iButton_R3.csv",3
"2024-02-02","01:44:00",6.5,"iButton_R3.csv",3
"2024-02-02","05:59:00",6.5,"iButton_R3.csv",3
"2024-02-02","10:14:00",6.5,"iButton_R3.csv",3
"2024-02-02","14:29:00",6.5,"iButton_R3.csv",3
"2024-02-02","18:44:00",6.5,"iButton_R3.csv",3
"2024-02-02","22:59:00",6.5,"iButton_R3.csv",3
"2024-02-03","03:14:00",6.5,"iButton_R3.csv",3
"2024-02-03","07:29:00",6.5,"iButton_R3.csv",3
"2024-02-03","11:44:00",6.5,"iButton_R3.csv",3
"2024-02-03","15:59:00",6.5,"iButton_R3.csv",3
"2024-02-03","20:14:00",6.5,"iButton_R3.csv",3
"2024-02-04","00:29:00",6.5,"iButton_R3.csv",3
"2024-02-04","04:44:00",6.5,"iButton_R3.csv",3
"2024-02-04","08:59:00",6.5,"iButton_R3.csv",3
"2024-02-04","13:14:00",6.5,"iButton_R3.csv",3
"2024-02-04","17:29:00",6.5,"iButton_R3.csv",3
"2024-02-04","21:44:00",6.5,"iButton_R3.csv",3
"2024-02-05","01:59:00",6.5,"iButton_R3.csv",3
"2024-02-05","06:14:00",6.5,"iButton_R3.csv",3
"2024-02-05","10:29:00",6.5,"iButton_R3.csv",3
"2024-02-05","14:44:00",6.5,"iButton_R3.csv",3
"2024-02-05","18:59:00",6.5,"iButton_R3.csv",3
"2024-02-05","23:14:00",6.5,"iButton_R3.csv",3
"2024-02-06","03:29:00",6.5,"iButton_R3.csv",3
"2024-02-06","07:44:00",6.5,"iButton_R3.csv",3
"2024-02-06","11:59:00",6.5,"iButton_R3.csv",3
"2024-02-06","16:14:00",6.5,"iButton_R3.csv",3
"2024-02-06","20:29:00",6.5,"iButton_R3.csv",3
"2024-02-07","00:44:00",6.5,"iButton_R3.csv",3
"2024-02-07","04:59:00",6.5,"iButton_R3.csv",3
"2024-02-07","09:14:00",6.5,"iButton_R3.csv",3
"2024-02-07","13:29:00",6.5,"iButton_R3.csv",3
"2024-02-07","17:44:00",6.5,"iButton_R3.csv",3
"2024-02-07","21:59:00",6.5,"iButton_R3.csv",3
"2024-02-08","02:14:00",6.5,"iButton_R3.csv",3
"2024-02-08","06:29:00",6.5,"iButton_R3.csv",3
"2024-02-08","10:44:00",6.5,"iButton_R3.csv",3
"2024-02-08","14:59:00",6.5,"iButton_R3.csv",3
"2024-02-08","19:14:00",6.5,"iButton_R3.csv",3
"2024-02-08","23:29:00",6.5,"iButton_R3.csv",3
"2024-02-09","03:44:00",6.5,"iButton_R3.csv",3
"2024-02-09","07:59:00",6.5,"iButton_R3.csv",3
"2024-02-09","12:14:00",6.5,"iButton_R3.csv",3
"2024-02-09","16:29:00",6.5,"iButton_R3.csv",3
"2024-02-09","20:44:00",6.5,"iButton_R3.csv",3
"2024-02-10","00:59:00",6.5,"iButton_R3.csv",3
"2024-02-10","05:14:00",6.5,"iButton_R3.csv",3
"2024-02-10","09:29:00",6.5,"iButton_R3.csv",3
"2024-02-10","13:44:00",6.5,"iButton_R3.csv",3
"2024-02-10","17:59:00",6.5,"iButton_R3.csv",3
"2024-02-10","22:14:00",6.5,"iButton_R3.csv",3
"2024-02-11","02:29:00",6.5,"iButton_R3.csv",3
"2024-02-11","06:44:00",6.5,"iButton_R3.csv",3
"2024-02-11","10:59:00",6.5,"iButton_R3.csv",3
"2024-02-11","15:14:00",6.5,"iButton_R3.csv",3
"2024-02-11","19:29:00",6.5,"iButton_R3.csv",3
"2024-02-11","23:44:00",6.5,"iButton_R3.csv",3
"2024-02-12","03:59:00",6.5,"iButton_R3.csv",3
"2024-02-12","08:14:00",6.5,"iButton_R3.csv",3
"2024-02-12","12:29:00",6.5,"iButton_R3.csv",3
"2024-02-12","16:44:00",6.5,"iButton_R3.csv",3
"2024-02-12","20:59:00",6.5,"iButton_R3.csv",3
"2024-02-13","01:14:00",6.5,"iButton_R3.csv",3
"2024-02-13","05:29:00",6.5,"iButton_R3.csv",3
"2024-02-13","09:44:00",6.5,"iButton_R3.csv",3
"2024-02-13","13:59:00",6.5,"iButton_R3.csv",3
"2024-02-13","18:14:00",6.5,"iButton_R3.csv",3
"2024-02-13","22:29:00",6.5,"iButton_R3.csv",3
"2024-02-14","02:44:00",6.5,"iButton_R3.csv",3
"2024-02-14","06:59:00",6.5,"iButton_R3.csv",3
"2024-02-14","11:14:00",6.5,"iButton_R3.csv",3
"2024-02-14","15:29:00",6.5,"iButton_R3.csv",3
"2024-02-14","19:44:00",6.5,"iButton_R3.csv",3
"2024-02-14","23:59:00",6.5,"iButton_R3.csv",3
"2024-02-15","04:14:00",6.5,"iButton_R3.csv",3
"2024-02-15","08:29:00",6.5,"iButton_R3.csv",3
"2024-02-15","12:44:00",6.5,"iButton_R3.csv",3
"2024-02-15","16:59:00",6.5,"iButton_R3.csv",3
"2024-02-15","21:14:00",6.5,"iButton_R3.csv",3
"2024-02-16","01:29:00",6.5,"iButton_R3.csv",3
"2024-02-16","05:44:00",6.5,"iButton_R3.csv",3
"2024-02-16","09:59:00",6.5,"iButton_R3.csv",3
"2024-02-16","14:14:00",6.5,"iButton_R3.csv",3
"2024-02-16","18:29:00",6.5,"iButton_R3.csv",3
"2024-02-16","22:44:00",6.5,"iButton_R3.csv",3
"2024-02-17","02:59:00",6.5,"iButton_R3.csv",3
"2024-02-17","07:14:00",6.5,"iButton_R3.csv",3
"2024-02-17","11:29:00",6.5,"iButton_R3.csv",3
"2024-02-17","15:44:00",6.5,"iButton_R3.csv",3
"2024-02-17","19:59:00",6.5,"iButton_R3.csv",3
"2024-02-18","00:14:00",6.5,"iButton_R3.csv",3
"2024-02-18","04:29:00",6.5,"iButton_R3.csv",3
"2024-02-18","08:44:00",6.5,"iButton_R3.csv",3
"2024-02-18","12:59:00",6.5,"iButton_R3.csv",3
"2024-02-18","17:14:00",6.5,"iButton_R3.csv",3
"2024-02-18","21:29:00",6.5,"iButton_R3.csv",3
"2024-02-19","01:44:00",6.5,"iButton_R3.csv",3
"2024-02-19","05:59:00",6.5,"iButton_R3.csv",3
"2024-02-19","10:14:00",6.5,"iButton_R3.csv",3
"2024-02-19","14:29:00",6.5,"iButton_R3.csv",3
"2024-02-19","18:44:00",6.5,"iButton_R3.csv",3
"2024-02-19","22:59:00",6.5,"iButton_R3.csv",3
"2024-02-20","03:14:00",6.5,"iButton_R3.csv",3
"2024-02-20","07:29:00",6.5,"iButton_R3.csv",3
"2024-02-20","11:44:00",6.5,"iButton_R3.csv",3
"2024-02-20","15:59:00",6.5,"iButton_R3.csv",3
"2024-02-20","20:14:00",6.5,"iButton_R3.csv",3
"2024-02-21","00:29:00",7,"iButton_R3.csv",3
"2024-02-21","04:44:00",6.5,"iButton_R3.csv",3
"2024-02-21","08:59:00",7,"iButton_R3.csv",3
"2024-02-21","13:14:00",6.5,"iButton_R3.csv",3
"2024-02-21","17:29:00",7,"iButton_R3.csv",3
"2024-02-21","21:44:00",7,"iButton_R3.csv",3
"2024-02-22","01:59:00",7,"iButton_R3.csv",3
"2024-02-22","06:14:00",7,"iButton_R3.csv",3
"2024-02-22","10:29:00",7,"iButton_R3.csv",3
"2024-02-22","14:44:00",7,"iButton_R3.csv",3
"2024-02-22","18:59:00",7,"iButton_R3.csv",3
"2024-02-22","23:14:00",7,"iButton_R3.csv",3
"2024-02-23","03:29:00",7,"iButton_R3.csv",3
"2024-02-23","07:44:00",7,"iButton_R3.csv",3
"2024-02-23","11:59:00",7,"iButton_R3.csv",3
"2024-02-23","16:14:00",7,"iButton_R3.csv",3
"2024-02-23","20:29:00",7,"iButton_R3.csv",3
"2024-02-24","00:44:00",7,"iButton_R3.csv",3
"2024-02-24","04:59:00",7,"iButton_R3.csv",3
"2024-02-24","09:14:00",7,"iButton_R3.csv",3
"2024-02-24","13:29:00",7,"iButton_R3.csv",3
"2024-02-24","17:44:00",7,"iButton_R3.csv",3
"2024-02-24","21:59:00",7,"iButton_R3.csv",3
"2024-02-25","02:14:00",7,"iButton_R3.csv",3
"2024-02-25","06:29:00",7,"iButton_R3.csv",3
"2024-02-25","10:44:00",7,"iButton_R3.csv",3
"2024-02-25","14:59:00",7,"iButton_R3.csv",3
"2024-02-25","19:14:00",7,"iButton_R3.csv",3
"2024-02-25","23:29:00",7,"iButton_R3.csv",3
"2024-02-26","03:44:00",7,"iButton_R3.csv",3
"2024-02-26","07:59:00",7,"iButton_R3.csv",3
"2024-02-26","12:14:00",7,"iButton_R3.csv",3
"2024-02-26","16:29:00",7,"iButton_R3.csv",3
"2024-02-26","20:44:00",7,"iButton_R3.csv",3
"2024-02-27","00:59:00",7,"iButton_R3.csv",3
"2024-02-27","05:14:00",7,"iButton_R3.csv",3
"2024-02-27","09:29:00",7,"iButton_R3.csv",3
"2024-02-27","13:44:00",7,"iButton_R3.csv",3
"2024-02-27","17:59:00",7,"iButton_R3.csv",3
"2024-02-27","22:14:00",7,"iButton_R3.csv",3
"2024-02-28","02:29:00",7,"iButton_R3.csv",3
"2024-02-28","06:44:00",7,"iButton_R3.csv",3
"2024-02-28","10:59:00",7,"iButton_R3.csv",3
"2024-02-28","15:14:00",7,"iButton_R3.csv",3
"2024-02-28","19:29:00",7,"iButton_R3.csv",3
"2024-02-28","23:44:00",7,"iButton_R3.csv",3
"2024-02-29","03:59:00",7,"iButton_R3.csv",3
"2024-02-29","08:14:00",7,"iButton_R3.csv",3
"2024-02-29","12:29:00",7,"iButton_R3.csv",3
"2024-02-29","16:44:00",7,"iButton_R3.csv",3
"2024-02-29","20:59:00",7,"iButton_R3.csv",3
"2024-03-01","01:14:00",7,"iButton_R3.csv",3
"2024-03-01","05:29:00",7,"iButton_R3.csv",3
"2024-03-01","09:44:00",7,"iButton_R3.csv",3
"2024-03-01","13:59:00",7,"iButton_R3.csv",3
"2024-03-01","18:14:00",7,"iButton_R3.csv",3
"2024-03-01","22:29:00",7,"iButton_R3.csv",3
"2024-03-02","02:44:00",7,"iButton_R3.csv",3
"2024-03-02","06:59:00",7,"iButton_R3.csv",3
"2024-03-02","11:14:00",7,"iButton_R3.csv",3
"2024-03-02","15:29:00",7,"iButton_R3.csv",3
"2024-03-02","19:44:00",7,"iButton_R3.csv",3
"2024-03-02","23:59:00",7,"iButton_R3.csv",3
"2024-03-03","04:14:00",7,"iButton_R3.csv",3
"2024-03-03","08:29:00",7,"iButton_R3.csv",3
"2024-03-03","12:44:00",7,"iButton_R3.csv",3
"2024-03-03","16:59:00",7,"iButton_R3.csv",3
"2024-03-03","21:14:00",7,"iButton_R3.csv",3
"2024-03-04","01:29:00",7,"iButton_R3.csv",3
"2024-03-04","05:44:00",7,"iButton_R3.csv",3
"2024-03-04","09:59:00",7,"iButton_R3.csv",3
"2024-03-04","14:14:00",7,"iButton_R3.csv",3
"2024-03-04","18:29:00",7,"iButton_R3.csv",3
"2024-03-04","22:44:00",7,"iButton_R3.csv",3
"2024-03-05","02:59:00",7,"iButton_R3.csv",3
"2024-03-05","07:14:00",7,"iButton_R3.csv",3
"2024-03-05","11:29:00",7,"iButton_R3.csv",3
"2024-03-05","15:44:00",7,"iButton_R3.csv",3
"2024-03-05","19:59:00",7,"iButton_R3.csv",3
"2024-03-06","00:14:00",7,"iButton_R3.csv",3
"2024-03-06","04:29:00",7,"iButton_R3.csv",3
"2024-03-06","08:44:00",7,"iButton_R3.csv",3
"2024-03-06","12:59:00",7,"iButton_R3.csv",3
"2024-03-06","17:14:00",7,"iButton_R3.csv",3
"2024-03-06","21:29:00",7,"iButton_R3.csv",3
"2024-03-07","01:44:00",7,"iButton_R3.csv",3
"2024-03-07","05:59:00",7,"iButton_R3.csv",3
"2024-03-07","10:14:00",7,"iButton_R3.csv",3
"2024-03-07","14:29:00",7,"iButton_R3.csv",3
"2024-03-07","18:44:00",7,"iButton_R3.csv",3
"2024-03-07","22:59:00",7,"iButton_R3.csv",3
"2024-03-08","03:14:00",7,"iButton_R3.csv",3
"2024-03-08","07:29:00",7,"iButton_R3.csv",3
"2024-03-08","11:44:00",7,"iButton_R3.csv",3
"2024-03-08","15:59:00",7,"iButton_R3.csv",3
"2024-03-08","20:14:00",7,"iButton_R3.csv",3
"2024-03-09","00:29:00",7,"iButton_R3.csv",3
"2024-03-09","04:44:00",7,"iButton_R3.csv",3
"2024-03-09","08:59:00",7,"iButton_R3.csv",3
"2024-03-09","13:14:00",7,"iButton_R3.csv",3
"2024-03-09","17:29:00",7,"iButton_R3.csv",3
"2024-03-09","21:44:00",7,"iButton_R3.csv",3
"2024-03-10","01:59:00",7,"iButton_R3.csv",3
"2024-03-10","06:14:00",7,"iButton_R3.csv",3
"2024-03-10","10:29:00",7,"iButton_R3.csv",3
"2024-03-10","14:44:00",7,"iButton_R3.csv",3
"2024-03-10","18:59:00",7,"iButton_R3.csv",3
"2024-03-10","23:14:00",7,"iButton_R3.csv",3
"2024-03-11","03:29:00",7,"iButton_R3.csv",3
"2024-03-11","07:44:00",7,"iButton_R3.csv",3
"2024-03-11","11:59:00",7,"iButton_R3.csv",3
"2024-03-11","16:14:00",7,"iButton_R3.csv",3
"2024-03-11","20:29:00",7,"iButton_R3.csv",3
"2024-03-12","00:44:00",7,"iButton_R3.csv",3
"2024-03-12","04:59:00",7,"iButton_R3.csv",3
"2024-03-12","09:14:00",7,"iButton_R3.csv",3
"2024-03-12","13:29:00",7,"iButton_R3.csv",3
"2024-03-12","17:44:00",7,"iButton_R3.csv",3
"2024-03-12","21:59:00",7,"iButton_R3.csv",3
"2024-03-13","02:14:00",7,"iButton_R3.csv",3
"2024-03-13","06:29:00",7,"iButton_R3.csv",3
"2024-03-13","10:44:00",7,"iButton_R3.csv",3
"2024-03-13","14:59:00",7,"iButton_R3.csv",3
"2024-03-13","19:14:00",7,"iButton_R3.csv",3
"2024-03-13","23:29:00",7,"iButton_R3.csv",3
"2024-03-14","03:44:00",7,"iButton_R3.csv",3
"2024-03-14","07:59:00",7,"iButton_R3.csv",3
"2024-03-14","12:14:00",7,"iButton_R3.csv",3
"2024-03-14","16:29:00",7,"iButton_R3.csv",3
"2024-03-14","20:44:00",7,"iButton_R3.csv",3
"2024-03-15","00:59:00",7,"iButton_R3.csv",3
"2024-03-15","05:14:00",7,"iButton_R3.csv",3
"2024-03-15","09:29:00",7,"iButton_R3.csv",3
"2024-03-15","13:44:00",7,"iButton_R3.csv",3
"2024-03-15","17:59:00",7,"iButton_R3.csv",3
"2024-03-15","22:14:00",7,"iButton_R3.csv",3
"2024-03-16","02:29:00",7,"iButton_R3.csv",3
"2024-03-16","06:44:00",7,"iButton_R3.csv",3
"2024-03-16","10:59:00",7,"iButton_R3.csv",3
"2024-03-16","15:14:00",7,"iButton_R3.csv",3
"2024-03-16","19:29:00",7,"iButton_R3.csv",3
"2024-03-16","23:44:00",7,"iButton_R3.csv",3
"2024-03-17","03:59:00",7,"iButton_R3.csv",3
"2024-03-17","08:14:00",7,"iButton_R3.csv",3
"2024-03-17","12:29:00",7,"iButton_R3.csv",3
"2024-03-17","16:44:00",7,"iButton_R3.csv",3
"2024-03-17","20:59:00",7,"iButton_R3.csv",3
"2024-03-18","01:14:00",7,"iButton_R3.csv",3
"2024-03-18","05:29:00",7,"iButton_R3.csv",3
"2024-03-18","09:44:00",7,"iButton_R3.csv",3
"2024-03-18","13:59:00",7,"iButton_R3.csv",3
"2024-03-18","18:14:00",7,"iButton_R3.csv",3
"2024-03-18","22:29:00",7,"iButton_R3.csv",3
"2024-03-19","02:44:00",7,"iButton_R3.csv",3
"2024-03-19","06:59:00",7,"iButton_R3.csv",3
"2024-03-19","11:14:00",7,"iButton_R3.csv",3
"2024-03-19","15:29:00",7,"iButton_R3.csv",3
"2024-03-19","19:44:00",7,"iButton_R3.csv",3
"2024-03-19","23:59:00",7,"iButton_R3.csv",3
"2024-03-20","04:14:00",7,"iButton_R3.csv",3
"2024-03-20","08:29:00",7,"iButton_R3.csv",3
"2024-03-20","12:44:00",7,"iButton_R3.csv",3
"2024-03-20","16:59:00",7,"iButton_R3.csv",3
"2024-03-20","21:14:00",7,"iButton_R3.csv",3
"2024-03-21","01:29:00",7,"iButton_R3.csv",3
"2024-03-21","05:44:00",7,"iButton_R3.csv",3
"2024-03-21","09:59:00",7,"iButton_R3.csv",3
"2024-03-21","14:14:00",7,"iButton_R3.csv",3
"2024-03-21","18:29:00",7,"iButton_R3.csv",3
"2024-03-21","22:44:00",7,"iButton_R3.csv",3
"2024-03-22","02:59:00",7,"iButton_R3.csv",3
"2024-03-22","07:14:00",7,"iButton_R3.csv",3
"2024-03-22","11:29:00",7,"iButton_R3.csv",3
"2024-03-22","15:44:00",7,"iButton_R3.csv",3
"2024-03-22","19:59:00",7,"iButton_R3.csv",3
"2024-03-23","00:14:00",7,"iButton_R3.csv",3
"2024-03-23","04:29:00",7,"iButton_R3.csv",3
"2024-03-23","08:44:00",7,"iButton_R3.csv",3
"2024-03-23","12:59:00",7,"iButton_R3.csv",3
"2024-03-23","17:14:00",7,"iButton_R3.csv",3
"2024-03-23","21:29:00",7,"iButton_R3.csv",3
"2024-03-24","01:44:00",7,"iButton_R3.csv",3
"2024-03-24","05:59:00",7,"iButton_R3.csv",3
"2024-03-24","10:14:00",7,"iButton_R3.csv",3
"2024-03-24","14:29:00",7,"iButton_R3.csv",3
"2024-03-24","18:44:00",7,"iButton_R3.csv",3
"2024-03-24","22:59:00",7,"iButton_R3.csv",3
"2024-03-25","03:14:00",7,"iButton_R3.csv",3
"2024-03-25","07:29:00",7,"iButton_R3.csv",3
"2024-03-25","11:44:00",7,"iButton_R3.csv",3
"2024-03-25","15:59:00",7,"iButton_R3.csv",3
"2024-03-25","20:14:00",7,"iButton_R3.csv",3
"2024-03-26","00:29:00",7,"iButton_R3.csv",3
"2024-03-26","04:44:00",7,"iButton_R3.csv",3
"2024-03-26","08:59:00",7,"iButton_R3.csv",3
"2024-03-26","13:14:00",7,"iButton_R3.csv",3
"2024-03-26","17:29:00",7,"iButton_R3.csv",3
"2024-03-26","21:44:00",7,"iButton_R3.csv",3
"2024-03-27","01:59:00",7,"iButton_R3.csv",3
"2024-03-27","06:14:00",7,"iButton_R3.csv",3
"2024-03-27","10:29:00",7,"iButton_R3.csv",3
"2024-03-27","14:44:00",7,"iButton_R3.csv",3
"2024-03-27","18:59:00",7,"iButton_R3.csv",3
"2024-03-27","23:14:00",7,"iButton_R3.csv",3
"2024-03-28","03:29:00",7,"iButton_R3.csv",3
"2024-03-28","07:44:00",7,"iButton_R3.csv",3
"2024-03-28","11:59:00",7,"iButton_R3.csv",3
"2024-03-28","16:14:00",7,"iButton_R3.csv",3
"2024-03-28","20:29:00",7,"iButton_R3.csv",3
"2024-03-29","00:44:00",7,"iButton_R3.csv",3
"2024-03-29","04:59:00",7,"iButton_R3.csv",3
"2024-03-29","09:14:00",7,"iButton_R3.csv",3
"2024-03-29","13:29:00",7,"iButton_R3.csv",3
"2024-03-29","17:44:00",7,"iButton_R3.csv",3
"2023-11-03","22:29:00",11.5,"iButton_R4.csv",4
"2023-11-04","02:44:00",11.5,"iButton_R4.csv",4
"2023-11-04","06:59:00",11.5,"iButton_R4.csv",4
"2023-11-04","11:14:00",11.5,"iButton_R4.csv",4
"2023-11-04","15:29:00",11.5,"iButton_R4.csv",4
"2023-11-04","19:44:00",11.5,"iButton_R4.csv",4
"2023-11-04","23:59:00",11.5,"iButton_R4.csv",4
"2023-11-05","04:14:00",11.5,"iButton_R4.csv",4
"2023-11-05","08:29:00",11.5,"iButton_R4.csv",4
"2023-11-05","12:44:00",11.5,"iButton_R4.csv",4
"2023-11-05","16:59:00",11.5,"iButton_R4.csv",4
"2023-11-05","21:14:00",11.5,"iButton_R4.csv",4
"2023-11-06","01:29:00",11.5,"iButton_R4.csv",4
"2023-11-06","05:44:00",11.5,"iButton_R4.csv",4
"2023-11-06","09:59:00",11.5,"iButton_R4.csv",4
"2023-11-06","14:14:00",11.5,"iButton_R4.csv",4
"2023-11-06","18:29:00",11.5,"iButton_R4.csv",4
"2023-11-06","22:44:00",11.5,"iButton_R4.csv",4
"2023-11-07","02:59:00",11.5,"iButton_R4.csv",4
"2023-11-07","07:14:00",11.5,"iButton_R4.csv",4
"2023-11-07","11:29:00",11.5,"iButton_R4.csv",4
"2023-11-07","15:44:00",11.5,"iButton_R4.csv",4
"2023-11-07","19:59:00",11.5,"iButton_R4.csv",4
"2023-11-08","00:14:00",11.5,"iButton_R4.csv",4
"2023-11-08","04:29:00",11.5,"iButton_R4.csv",4
"2023-11-08","08:44:00",11.5,"iButton_R4.csv",4
"2023-11-08","12:59:00",11.5,"iButton_R4.csv",4
"2023-11-08","17:14:00",11.5,"iButton_R4.csv",4
"2023-11-08","21:29:00",11.5,"iButton_R4.csv",4
"2023-11-09","01:44:00",11,"iButton_R4.csv",4
"2023-11-09","05:59:00",11,"iButton_R4.csv",4
"2023-11-09","10:14:00",11,"iButton_R4.csv",4
"2023-11-09","14:29:00",11,"iButton_R4.csv",4
"2023-11-09","18:44:00",11,"iButton_R4.csv",4
"2023-11-09","22:59:00",11,"iButton_R4.csv",4
"2023-11-10","03:14:00",11,"iButton_R4.csv",4
"2023-11-10","07:29:00",11,"iButton_R4.csv",4
"2023-11-10","11:44:00",11,"iButton_R4.csv",4
"2023-11-10","15:59:00",11,"iButton_R4.csv",4
"2023-11-10","20:14:00",11,"iButton_R4.csv",4
"2023-11-11","00:29:00",11,"iButton_R4.csv",4
"2023-11-11","04:44:00",11,"iButton_R4.csv",4
"2023-11-11","08:59:00",11,"iButton_R4.csv",4
"2023-11-11","13:14:00",11,"iButton_R4.csv",4
"2023-11-11","17:29:00",11,"iButton_R4.csv",4
"2023-11-11","21:44:00",11,"iButton_R4.csv",4
"2023-11-12","01:59:00",11,"iButton_R4.csv",4
"2023-11-12","06:14:00",11,"iButton_R4.csv",4
"2023-11-12","10:29:00",11,"iButton_R4.csv",4
"2023-11-12","14:44:00",11,"iButton_R4.csv",4
"2023-11-12","18:59:00",11,"iButton_R4.csv",4
"2023-11-12","23:14:00",11,"iButton_R4.csv",4
"2023-11-13","03:29:00",11,"iButton_R4.csv",4
"2023-11-13","07:44:00",11,"iButton_R4.csv",4
"2023-11-13","11:59:00",11,"iButton_R4.csv",4
"2023-11-13","16:14:00",11,"iButton_R4.csv",4
"2023-11-13","20:29:00",11,"iButton_R4.csv",4
"2023-11-14","00:44:00",11,"iButton_R4.csv",4
"2023-11-14","04:59:00",11,"iButton_R4.csv",4
"2023-11-14","09:14:00",11,"iButton_R4.csv",4
"2023-11-14","13:29:00",11,"iButton_R4.csv",4
"2023-11-14","17:44:00",11,"iButton_R4.csv",4
"2023-11-14","21:59:00",11,"iButton_R4.csv",4
"2023-11-15","02:14:00",11,"iButton_R4.csv",4
"2023-11-15","06:29:00",11,"iButton_R4.csv",4
"2023-11-15","10:44:00",11,"iButton_R4.csv",4
"2023-11-15","14:59:00",11,"iButton_R4.csv",4
"2023-11-15","19:14:00",11,"iButton_R4.csv",4
"2023-11-15","23:29:00",11,"iButton_R4.csv",4
"2023-11-16","03:44:00",11,"iButton_R4.csv",4
"2023-11-16","07:59:00",11,"iButton_R4.csv",4
"2023-11-16","12:14:00",11,"iButton_R4.csv",4
"2023-11-16","16:29:00",11,"iButton_R4.csv",4
"2023-11-16","20:44:00",11,"iButton_R4.csv",4
"2023-11-17","00:59:00",11,"iButton_R4.csv",4
"2023-11-17","05:14:00",11,"iButton_R4.csv",4
"2023-11-17","09:29:00",11,"iButton_R4.csv",4
"2023-11-17","13:44:00",11,"iButton_R4.csv",4
"2023-11-17","17:59:00",11,"iButton_R4.csv",4
"2023-11-17","22:14:00",10.5,"iButton_R4.csv",4
"2023-11-18","02:29:00",10.5,"iButton_R4.csv",4
"2023-11-18","06:44:00",10.5,"iButton_R4.csv",4
"2023-11-18","10:59:00",10.5,"iButton_R4.csv",4
"2023-11-18","15:14:00",10.5,"iButton_R4.csv",4
"2023-11-18","19:29:00",10.5,"iButton_R4.csv",4
"2023-11-18","23:44:00",10.5,"iButton_R4.csv",4
"2023-11-19","03:59:00",10.5,"iButton_R4.csv",4
"2023-11-19","08:14:00",10.5,"iButton_R4.csv",4
"2023-11-19","12:29:00",10.5,"iButton_R4.csv",4
"2023-11-19","16:44:00",10.5,"iButton_R4.csv",4
"2023-11-19","20:59:00",10.5,"iButton_R4.csv",4
"2023-11-20","01:14:00",10.5,"iButton_R4.csv",4
"2023-11-20","05:29:00",10.5,"iButton_R4.csv",4
"2023-11-20","09:44:00",10.5,"iButton_R4.csv",4
"2023-11-20","13:59:00",10.5,"iButton_R4.csv",4
"2023-11-20","18:14:00",10.5,"iButton_R4.csv",4
"2023-11-20","22:29:00",10.5,"iButton_R4.csv",4
"2023-11-21","02:44:00",10.5,"iButton_R4.csv",4
"2023-11-21","06:59:00",10.5,"iButton_R4.csv",4
"2023-11-21","11:14:00",10.5,"iButton_R4.csv",4
"2023-11-21","15:29:00",10.5,"iButton_R4.csv",4
"2023-11-21","19:44:00",10.5,"iButton_R4.csv",4
"2023-11-21","23:59:00",10.5,"iButton_R4.csv",4
"2023-11-22","04:14:00",10.5,"iButton_R4.csv",4
"2023-11-22","08:29:00",10.5,"iButton_R4.csv",4
"2023-11-22","12:44:00",10.5,"iButton_R4.csv",4
"2023-11-22","16:59:00",10.5,"iButton_R4.csv",4
"2023-11-22","21:14:00",10.5,"iButton_R4.csv",4
"2023-11-23","01:29:00",10.5,"iButton_R4.csv",4
"2023-11-23","05:44:00",10.5,"iButton_R4.csv",4
"2023-11-23","09:59:00",10.5,"iButton_R4.csv",4
"2023-11-23","14:14:00",10.5,"iButton_R4.csv",4
"2023-11-23","18:29:00",10.5,"iButton_R4.csv",4
"2023-11-23","22:44:00",10.5,"iButton_R4.csv",4
"2023-11-24","02:59:00",10,"iButton_R4.csv",4
"2023-11-24","07:14:00",10,"iButton_R4.csv",4
"2023-11-24","11:29:00",10,"iButton_R4.csv",4
"2023-11-24","15:44:00",10,"iButton_R4.csv",4
"2023-11-24","19:59:00",10,"iButton_R4.csv",4
"2023-11-25","00:14:00",10,"iButton_R4.csv",4
"2023-11-25","04:29:00",10,"iButton_R4.csv",4
"2023-11-25","08:44:00",10,"iButton_R4.csv",4
"2023-11-25","12:59:00",10,"iButton_R4.csv",4
"2023-11-25","17:14:00",10,"iButton_R4.csv",4
"2023-11-25","21:29:00",10,"iButton_R4.csv",4
"2023-11-26","01:44:00",10,"iButton_R4.csv",4
"2023-11-26","05:59:00",10,"iButton_R4.csv",4
"2023-11-26","10:14:00",10,"iButton_R4.csv",4
"2023-11-26","14:29:00",10,"iButton_R4.csv",4
"2023-11-26","18:44:00",10,"iButton_R4.csv",4
"2023-11-26","22:59:00",10,"iButton_R4.csv",4
"2023-11-27","03:14:00",10,"iButton_R4.csv",4
"2023-11-27","07:29:00",10,"iButton_R4.csv",4
"2023-11-27","11:44:00",10,"iButton_R4.csv",4
"2023-11-27","15:59:00",10,"iButton_R4.csv",4
"2023-11-27","20:14:00",10,"iButton_R4.csv",4
"2023-11-28","00:29:00",10,"iButton_R4.csv",4
"2023-11-28","04:44:00",9.5,"iButton_R4.csv",4
"2023-11-28","08:59:00",9.5,"iButton_R4.csv",4
"2023-11-28","13:14:00",9.5,"iButton_R4.csv",4
"2023-11-28","17:29:00",9.5,"iButton_R4.csv",4
"2023-11-28","21:44:00",9.5,"iButton_R4.csv",4
"2023-11-29","01:59:00",9.5,"iButton_R4.csv",4
"2023-11-29","06:14:00",9.5,"iButton_R4.csv",4
"2023-11-29","10:29:00",9.5,"iButton_R4.csv",4
"2023-11-29","14:44:00",9.5,"iButton_R4.csv",4
"2023-11-29","18:59:00",9.5,"iButton_R4.csv",4
"2023-11-29","23:14:00",9.5,"iButton_R4.csv",4
"2023-11-30","03:29:00",9.5,"iButton_R4.csv",4
"2023-11-30","07:44:00",9.5,"iButton_R4.csv",4
"2023-11-30","11:59:00",9.5,"iButton_R4.csv",4
"2023-11-30","16:14:00",9.5,"iButton_R4.csv",4
"2023-11-30","20:29:00",9.5,"iButton_R4.csv",4
"2023-12-01","00:44:00",9.5,"iButton_R4.csv",4
"2023-12-01","04:59:00",9,"iButton_R4.csv",4
"2023-12-01","09:14:00",9,"iButton_R4.csv",4
"2023-12-01","13:29:00",9,"iButton_R4.csv",4
"2023-12-01","17:44:00",9,"iButton_R4.csv",4
"2023-12-01","21:59:00",9,"iButton_R4.csv",4
"2023-12-02","02:14:00",9,"iButton_R4.csv",4
"2023-12-02","06:29:00",9,"iButton_R4.csv",4
"2023-12-02","10:44:00",9,"iButton_R4.csv",4
"2023-12-02","14:59:00",9,"iButton_R4.csv",4
"2023-12-02","19:14:00",9,"iButton_R4.csv",4
"2023-12-02","23:29:00",9,"iButton_R4.csv",4
"2023-12-03","03:44:00",9,"iButton_R4.csv",4
"2023-12-03","07:59:00",9,"iButton_R4.csv",4
"2023-12-03","12:14:00",9,"iButton_R4.csv",4
"2023-12-03","16:29:00",9,"iButton_R4.csv",4
"2023-12-03","20:44:00",9,"iButton_R4.csv",4
"2023-12-04","00:59:00",9,"iButton_R4.csv",4
"2023-12-04","05:14:00",9,"iButton_R4.csv",4
"2023-12-04","09:29:00",9,"iButton_R4.csv",4
"2023-12-04","13:44:00",9,"iButton_R4.csv",4
"2023-12-04","17:59:00",9,"iButton_R4.csv",4
"2023-12-04","22:14:00",9,"iButton_R4.csv",4
"2023-12-05","02:29:00",8.5,"iButton_R4.csv",4
"2023-12-05","06:44:00",8.5,"iButton_R4.csv",4
"2023-12-05","10:59:00",8.5,"iButton_R4.csv",4
"2023-12-05","15:14:00",8.5,"iButton_R4.csv",4
"2023-12-05","19:29:00",8.5,"iButton_R4.csv",4
"2023-12-05","23:44:00",8.5,"iButton_R4.csv",4
"2023-12-06","03:59:00",8.5,"iButton_R4.csv",4
"2023-12-06","08:14:00",8.5,"iButton_R4.csv",4
"2023-12-06","12:29:00",8.5,"iButton_R4.csv",4
"2023-12-06","16:44:00",8.5,"iButton_R4.csv",4
"2023-12-06","20:59:00",8.5,"iButton_R4.csv",4
"2023-12-07","01:14:00",8.5,"iButton_R4.csv",4
"2023-12-07","05:29:00",8.5,"iButton_R4.csv",4
"2023-12-07","09:44:00",8.5,"iButton_R4.csv",4
"2023-12-07","13:59:00",8.5,"iButton_R4.csv",4
"2023-12-07","18:14:00",8.5,"iButton_R4.csv",4
"2023-12-07","22:29:00",8.5,"iButton_R4.csv",4
"2023-12-08","02:44:00",8.5,"iButton_R4.csv",4
"2023-12-08","06:59:00",8.5,"iButton_R4.csv",4
"2023-12-08","11:14:00",8.5,"iButton_R4.csv",4
"2023-12-08","15:29:00",8.5,"iButton_R4.csv",4
"2023-12-08","19:44:00",8.5,"iButton_R4.csv",4
"2023-12-08","23:59:00",8.5,"iButton_R4.csv",4
"2023-12-09","04:14:00",8.5,"iButton_R4.csv",4
"2023-12-09","08:29:00",8.5,"iButton_R4.csv",4
"2023-12-09","12:44:00",8.5,"iButton_R4.csv",4
"2023-12-09","16:59:00",8.5,"iButton_R4.csv",4
"2023-12-09","21:14:00",8.5,"iButton_R4.csv",4
"2023-12-10","01:29:00",8.5,"iButton_R4.csv",4
"2023-12-10","05:44:00",8.5,"iButton_R4.csv",4
"2023-12-10","09:59:00",8.5,"iButton_R4.csv",4
"2023-12-10","14:14:00",8.5,"iButton_R4.csv",4
"2023-12-10","18:29:00",8.5,"iButton_R4.csv",4
"2023-12-10","22:44:00",8.5,"iButton_R4.csv",4
"2023-12-11","02:59:00",8.5,"iButton_R4.csv",4
"2023-12-11","07:14:00",8.5,"iButton_R4.csv",4
"2023-12-11","11:29:00",8.5,"iButton_R4.csv",4
"2023-12-11","15:44:00",8.5,"iButton_R4.csv",4
"2023-12-11","19:59:00",8.5,"iButton_R4.csv",4
"2023-12-12","00:14:00",8,"iButton_R4.csv",4
"2023-12-12","04:29:00",8,"iButton_R4.csv",4
"2023-12-12","08:44:00",8,"iButton_R4.csv",4
"2023-12-12","12:59:00",8,"iButton_R4.csv",4
"2023-12-12","17:14:00",8,"iButton_R4.csv",4
"2023-12-12","21:29:00",8,"iButton_R4.csv",4
"2023-12-13","01:44:00",8,"iButton_R4.csv",4
"2023-12-13","05:59:00",8,"iButton_R4.csv",4
"2023-12-13","10:14:00",8,"iButton_R4.csv",4
"2023-12-13","14:29:00",8,"iButton_R4.csv",4
"2023-12-13","18:44:00",8,"iButton_R4.csv",4
"2023-12-13","22:59:00",8,"iButton_R4.csv",4
"2023-12-14","03:14:00",8,"iButton_R4.csv",4
"2023-12-14","07:29:00",8,"iButton_R4.csv",4
"2023-12-14","11:44:00",8,"iButton_R4.csv",4
"2023-12-14","15:59:00",8,"iButton_R4.csv",4
"2023-12-14","20:14:00",8,"iButton_R4.csv",4
"2023-12-15","00:29:00",8,"iButton_R4.csv",4
"2023-12-15","04:44:00",8,"iButton_R4.csv",4
"2023-12-15","08:59:00",8,"iButton_R4.csv",4
"2023-12-15","13:14:00",8,"iButton_R4.csv",4
"2023-12-15","17:29:00",8,"iButton_R4.csv",4
"2023-12-15","21:44:00",8,"iButton_R4.csv",4
"2023-12-16","01:59:00",8,"iButton_R4.csv",4
"2023-12-16","06:14:00",8,"iButton_R4.csv",4
"2023-12-16","10:29:00",8,"iButton_R4.csv",4
"2023-12-16","14:44:00",8,"iButton_R4.csv",4
"2023-12-16","18:59:00",8,"iButton_R4.csv",4
"2023-12-16","23:14:00",8,"iButton_R4.csv",4
"2023-12-17","03:29:00",8,"iButton_R4.csv",4
"2023-12-17","07:44:00",8,"iButton_R4.csv",4
"2023-12-17","11:59:00",8,"iButton_R4.csv",4
"2023-12-17","16:14:00",8,"iButton_R4.csv",4
"2023-12-17","20:29:00",8,"iButton_R4.csv",4
"2023-12-18","00:44:00",8,"iButton_R4.csv",4
"2023-12-18","04:59:00",8,"iButton_R4.csv",4
"2023-12-18","09:14:00",8,"iButton_R4.csv",4
"2023-12-18","13:29:00",8,"iButton_R4.csv",4
"2023-12-18","17:44:00",8,"iButton_R4.csv",4
"2023-12-18","21:59:00",8,"iButton_R4.csv",4
"2023-12-19","02:14:00",8,"iButton_R4.csv",4
"2023-12-19","06:29:00",8,"iButton_R4.csv",4
"2023-12-19","10:44:00",8,"iButton_R4.csv",4
"2023-12-19","14:59:00",8,"iButton_R4.csv",4
"2023-12-19","19:14:00",8,"iButton_R4.csv",4
"2023-12-19","23:29:00",8,"iButton_R4.csv",4
"2023-12-20","03:44:00",8,"iButton_R4.csv",4
"2023-12-20","07:59:00",8,"iButton_R4.csv",4
"2023-12-20","12:14:00",8,"iButton_R4.csv",4
"2023-12-20","16:29:00",8,"iButton_R4.csv",4
"2023-12-20","20:44:00",8,"iButton_R4.csv",4
"2023-12-21","00:59:00",8,"iButton_R4.csv",4
"2023-12-21","05:14:00",8,"iButton_R4.csv",4
"2023-12-21","09:29:00",8,"iButton_R4.csv",4
"2023-12-21","13:44:00",8,"iButton_R4.csv",4
"2023-12-21","17:59:00",8,"iButton_R4.csv",4
"2023-12-21","22:14:00",8,"iButton_R4.csv",4
"2023-12-22","02:29:00",8,"iButton_R4.csv",4
"2023-12-22","06:44:00",8,"iButton_R4.csv",4
"2023-12-22","10:59:00",8,"iButton_R4.csv",4
"2023-12-22","15:14:00",8,"iButton_R4.csv",4
"2023-12-22","19:29:00",8,"iButton_R4.csv",4
"2023-12-22","23:44:00",8,"iButton_R4.csv",4
"2023-12-23","03:59:00",8,"iButton_R4.csv",4
"2023-12-23","08:14:00",8,"iButton_R4.csv",4
"2023-12-23","12:29:00",8,"iButton_R4.csv",4
"2023-12-23","16:44:00",8,"iButton_R4.csv",4
"2023-12-23","20:59:00",8,"iButton_R4.csv",4
"2023-12-24","01:14:00",8,"iButton_R4.csv",4
"2023-12-24","05:29:00",8,"iButton_R4.csv",4
"2023-12-24","09:44:00",7.5,"iButton_R4.csv",4
"2023-12-24","13:59:00",8,"iButton_R4.csv",4
"2023-12-24","18:14:00",8,"iButton_R4.csv",4
"2023-12-24","22:29:00",8,"iButton_R4.csv",4
"2023-12-25","02:44:00",8,"iButton_R4.csv",4
"2023-12-25","06:59:00",8,"iButton_R4.csv",4
"2023-12-25","11:14:00",8,"iButton_R4.csv",4
"2023-12-25","15:29:00",7.5,"iButton_R4.csv",4
"2023-12-25","19:44:00",7.5,"iButton_R4.csv",4
"2023-12-25","23:59:00",7.5,"iButton_R4.csv",4
"2023-12-26","04:14:00",7.5,"iButton_R4.csv",4
"2023-12-26","08:29:00",8,"iButton_R4.csv",4
"2023-12-26","12:44:00",8,"iButton_R4.csv",4
"2023-12-26","16:59:00",7.5,"iButton_R4.csv",4
"2023-12-26","21:14:00",7.5,"iButton_R4.csv",4
"2023-12-27","01:29:00",7.5,"iButton_R4.csv",4
"2023-12-27","05:44:00",7.5,"iButton_R4.csv",4
"2023-12-27","09:59:00",7.5,"iButton_R4.csv",4
"2023-12-27","14:14:00",7.5,"iButton_R4.csv",4
"2023-12-27","18:29:00",7.5,"iButton_R4.csv",4
"2023-12-27","22:44:00",7.5,"iButton_R4.csv",4
"2023-12-28","02:59:00",7.5,"iButton_R4.csv",4
"2023-12-28","07:14:00",7.5,"iButton_R4.csv",4
"2023-12-28","11:29:00",7.5,"iButton_R4.csv",4
"2023-12-28","15:44:00",7.5,"iButton_R4.csv",4
"2023-12-28","19:59:00",7.5,"iButton_R4.csv",4
"2023-12-29","00:14:00",7.5,"iButton_R4.csv",4
"2023-12-29","04:29:00",7.5,"iButton_R4.csv",4
"2023-12-29","08:44:00",7.5,"iButton_R4.csv",4
"2023-12-29","12:59:00",7.5,"iButton_R4.csv",4
"2023-12-29","17:14:00",7.5,"iButton_R4.csv",4
"2023-12-29","21:29:00",7.5,"iButton_R4.csv",4
"2023-12-30","01:44:00",7.5,"iButton_R4.csv",4
"2023-12-30","05:59:00",7.5,"iButton_R4.csv",4
"2023-12-30","10:14:00",7.5,"iButton_R4.csv",4
"2023-12-30","14:29:00",7.5,"iButton_R4.csv",4
"2023-12-30","18:44:00",7.5,"iButton_R4.csv",4
"2023-12-30","22:59:00",7.5,"iButton_R4.csv",4
"2023-12-31","03:14:00",7.5,"iButton_R4.csv",4
"2023-12-31","07:29:00",7.5,"iButton_R4.csv",4
"2023-12-31","11:44:00",7.5,"iButton_R4.csv",4
"2023-12-31","15:59:00",7.5,"iButton_R4.csv",4
"2023-12-31","20:14:00",7.5,"iButton_R4.csv",4
"2024-01-01","00:29:00",7.5,"iButton_R4.csv",4
"2024-01-01","04:44:00",7.5,"iButton_R4.csv",4
"2024-01-01","08:59:00",7.5,"iButton_R4.csv",4
"2024-01-01","13:14:00",7.5,"iButton_R4.csv",4
"2024-01-01","17:29:00",7.5,"iButton_R4.csv",4
"2024-01-01","21:44:00",7.5,"iButton_R4.csv",4
"2024-01-02","01:59:00",7.5,"iButton_R4.csv",4
"2024-01-02","06:14:00",7.5,"iButton_R4.csv",4
"2024-01-02","10:29:00",7.5,"iButton_R4.csv",4
"2024-01-02","14:44:00",7.5,"iButton_R4.csv",4
"2024-01-02","18:59:00",7.5,"iButton_R4.csv",4
"2024-01-02","23:14:00",7.5,"iButton_R4.csv",4
"2024-01-03","03:29:00",7.5,"iButton_R4.csv",4
"2024-01-03","07:44:00",7.5,"iButton_R4.csv",4
"2024-01-03","11:59:00",7.5,"iButton_R4.csv",4
"2024-01-03","16:14:00",7.5,"iButton_R4.csv",4
"2024-01-03","20:29:00",7.5,"iButton_R4.csv",4
"2024-01-04","00:44:00",7.5,"iButton_R4.csv",4
"2024-01-04","04:59:00",7.5,"iButton_R4.csv",4
"2024-01-04","09:14:00",7.5,"iButton_R4.csv",4
"2024-01-04","13:29:00",7.5,"iButton_R4.csv",4
"2024-01-04","17:44:00",7.5,"iButton_R4.csv",4
"2024-01-04","21:59:00",7.5,"iButton_R4.csv",4
"2024-01-05","02:14:00",7.5,"iButton_R4.csv",4
"2024-01-05","06:29:00",7.5,"iButton_R4.csv",4
"2024-01-05","10:44:00",7.5,"iButton_R4.csv",4
"2024-01-05","14:59:00",7.5,"iButton_R4.csv",4
"2024-01-05","19:14:00",7.5,"iButton_R4.csv",4
"2024-01-05","23:29:00",7.5,"iButton_R4.csv",4
"2024-01-06","03:44:00",7.5,"iButton_R4.csv",4
"2024-01-06","07:59:00",7.5,"iButton_R4.csv",4
"2024-01-06","12:14:00",7.5,"iButton_R4.csv",4
"2024-01-06","16:29:00",7.5,"iButton_R4.csv",4
"2024-01-06","20:44:00",7.5,"iButton_R4.csv",4
"2024-01-07","00:59:00",7.5,"iButton_R4.csv",4
"2024-01-07","05:14:00",7.5,"iButton_R4.csv",4
"2024-01-07","09:29:00",7.5,"iButton_R4.csv",4
"2024-01-07","13:44:00",7.5,"iButton_R4.csv",4
"2024-01-07","17:59:00",7.5,"iButton_R4.csv",4
"2024-01-07","22:14:00",7.5,"iButton_R4.csv",4
"2024-01-08","02:29:00",7.5,"iButton_R4.csv",4
"2024-01-08","06:44:00",7.5,"iButton_R4.csv",4
"2024-01-08","10:59:00",7.5,"iButton_R4.csv",4
"2024-01-08","15:14:00",7.5,"iButton_R4.csv",4
"2024-01-08","19:29:00",7.5,"iButton_R4.csv",4
"2024-01-08","23:44:00",7.5,"iButton_R4.csv",4
"2024-01-09","03:59:00",7,"iButton_R4.csv",4
"2024-01-09","08:14:00",7,"iButton_R4.csv",4
"2024-01-09","12:29:00",7,"iButton_R4.csv",4
"2024-01-09","16:44:00",7,"iButton_R4.csv",4
"2024-01-09","20:59:00",7,"iButton_R4.csv",4
"2024-01-10","01:14:00",7,"iButton_R4.csv",4
"2024-01-10","05:29:00",7,"iButton_R4.csv",4
"2024-01-10","09:44:00",7,"iButton_R4.csv",4
"2024-01-10","13:59:00",7,"iButton_R4.csv",4
"2024-01-10","18:14:00",7,"iButton_R4.csv",4
"2024-01-10","22:29:00",7,"iButton_R4.csv",4
"2024-01-11","02:44:00",7,"iButton_R4.csv",4
"2024-01-11","06:59:00",7,"iButton_R4.csv",4
"2024-01-11","11:14:00",7,"iButton_R4.csv",4
"2024-01-11","15:29:00",7,"iButton_R4.csv",4
"2024-01-11","19:44:00",7,"iButton_R4.csv",4
"2024-01-11","23:59:00",7,"iButton_R4.csv",4
"2024-01-12","04:14:00",7,"iButton_R4.csv",4
"2024-01-12","08:29:00",7,"iButton_R4.csv",4
"2024-01-12","12:44:00",7,"iButton_R4.csv",4
"2024-01-12","16:59:00",7,"iButton_R4.csv",4
"2024-01-12","21:14:00",7,"iButton_R4.csv",4
"2024-01-13","01:29:00",7,"iButton_R4.csv",4
"2024-01-13","05:44:00",7,"iButton_R4.csv",4
"2024-01-13","09:59:00",7,"iButton_R4.csv",4
"2024-01-13","14:14:00",7,"iButton_R4.csv",4
"2024-01-13","18:29:00",7,"iButton_R4.csv",4
"2024-01-13","22:44:00",7,"iButton_R4.csv",4
"2024-01-14","02:59:00",7,"iButton_R4.csv",4
"2024-01-14","07:14:00",7,"iButton_R4.csv",4
"2024-01-14","11:29:00",7,"iButton_R4.csv",4
"2024-01-14","15:44:00",7,"iButton_R4.csv",4
"2024-01-14","19:59:00",7,"iButton_R4.csv",4
"2024-01-15","00:14:00",7,"iButton_R4.csv",4
"2024-01-15","04:29:00",7,"iButton_R4.csv",4
"2024-01-15","08:44:00",7,"iButton_R4.csv",4
"2024-01-15","12:59:00",7,"iButton_R4.csv",4
"2024-01-15","17:14:00",7,"iButton_R4.csv",4
"2024-01-15","21:29:00",7,"iButton_R4.csv",4
"2024-01-16","01:44:00",7,"iButton_R4.csv",4
"2024-01-16","05:59:00",6.5,"iButton_R4.csv",4
"2024-01-16","10:14:00",6.5,"iButton_R4.csv",4
"2024-01-16","14:29:00",6.5,"iButton_R4.csv",4
"2024-01-16","18:44:00",6.5,"iButton_R4.csv",4
"2024-01-16","22:59:00",6.5,"iButton_R4.csv",4
"2024-01-17","03:14:00",6.5,"iButton_R4.csv",4
"2024-01-17","07:29:00",6.5,"iButton_R4.csv",4
"2024-01-17","11:44:00",6.5,"iButton_R4.csv",4
"2024-01-17","15:59:00",6.5,"iButton_R4.csv",4
"2024-01-17","20:14:00",6.5,"iButton_R4.csv",4
"2024-01-18","00:29:00",6.5,"iButton_R4.csv",4
"2024-01-18","04:44:00",6.5,"iButton_R4.csv",4
"2024-01-18","08:59:00",6.5,"iButton_R4.csv",4
"2024-01-18","13:14:00",6.5,"iButton_R4.csv",4
"2024-01-18","17:29:00",6.5,"iButton_R4.csv",4
"2024-01-18","21:44:00",6.5,"iButton_R4.csv",4
"2024-01-19","01:59:00",6.5,"iButton_R4.csv",4
"2024-01-19","06:14:00",6.5,"iButton_R4.csv",4
"2024-01-19","10:29:00",6.5,"iButton_R4.csv",4
"2024-01-19","14:44:00",6.5,"iButton_R4.csv",4
"2024-01-19","18:59:00",6.5,"iButton_R4.csv",4
"2024-01-19","23:14:00",6.5,"iButton_R4.csv",4
"2024-01-20","03:29:00",6.5,"iButton_R4.csv",4
"2024-01-20","07:44:00",6.5,"iButton_R4.csv",4
"2024-01-20","11:59:00",6.5,"iButton_R4.csv",4
"2024-01-20","16:14:00",6.5,"iButton_R4.csv",4
"2024-01-20","20:29:00",6.5,"iButton_R4.csv",4
"2024-01-21","00:44:00",6.5,"iButton_R4.csv",4
"2024-01-21","04:59:00",6.5,"iButton_R4.csv",4
"2024-01-21","09:14:00",6.5,"iButton_R4.csv",4
"2024-01-21","13:29:00",6.5,"iButton_R4.csv",4
"2024-01-21","17:44:00",6.5,"iButton_R4.csv",4
"2024-01-21","21:59:00",6.5,"iButton_R4.csv",4
"2024-01-22","02:14:00",6.5,"iButton_R4.csv",4
"2024-01-22","06:29:00",6.5,"iButton_R4.csv",4
"2024-01-22","10:44:00",6.5,"iButton_R4.csv",4
"2024-01-22","14:59:00",6.5,"iButton_R4.csv",4
"2024-01-22","19:14:00",6.5,"iButton_R4.csv",4
"2024-01-22","23:29:00",6.5,"iButton_R4.csv",4
"2024-01-23","03:44:00",6.5,"iButton_R4.csv",4
"2024-01-23","07:59:00",6.5,"iButton_R4.csv",4
"2024-01-23","12:14:00",6.5,"iButton_R4.csv",4
"2024-01-23","16:29:00",6.5,"iButton_R4.csv",4
"2024-01-23","20:44:00",6.5,"iButton_R4.csv",4
"2024-01-24","00:59:00",6.5,"iButton_R4.csv",4
"2024-01-24","05:14:00",6.5,"iButton_R4.csv",4
"2024-01-24","09:29:00",6.5,"iButton_R4.csv",4
"2024-01-24","13:44:00",6.5,"iButton_R4.csv",4
"2024-01-24","17:59:00",6.5,"iButton_R4.csv",4
"2024-01-24","22:14:00",6.5,"iButton_R4.csv",4
"2024-01-25","02:29:00",6.5,"iButton_R4.csv",4
"2024-01-25","06:44:00",6.5,"iButton_R4.csv",4
"2024-01-25","10:59:00",6.5,"iButton_R4.csv",4
"2024-01-25","15:14:00",6.5,"iButton_R4.csv",4
"2024-01-25","19:29:00",6.5,"iButton_R4.csv",4
"2024-01-25","23:44:00",6.5,"iButton_R4.csv",4
"2024-01-26","03:59:00",6.5,"iButton_R4.csv",4
"2024-01-26","08:14:00",6.5,"iButton_R4.csv",4
"2024-01-26","12:29:00",6.5,"iButton_R4.csv",4
"2024-01-26","16:44:00",6.5,"iButton_R4.csv",4
"2024-01-26","20:59:00",6.5,"iButton_R4.csv",4
"2024-01-27","01:14:00",6.5,"iButton_R4.csv",4
"2024-01-27","05:29:00",6.5,"iButton_R4.csv",4
"2024-01-27","09:44:00",6.5,"iButton_R4.csv",4
"2024-01-27","13:59:00",6.5,"iButton_R4.csv",4
"2024-01-27","18:14:00",6.5,"iButton_R4.csv",4
"2024-01-27","22:29:00",6.5,"iButton_R4.csv",4
"2024-01-28","02:44:00",6.5,"iButton_R4.csv",4
"2024-01-28","06:59:00",6.5,"iButton_R4.csv",4
"2024-01-28","11:14:00",6.5,"iButton_R4.csv",4
"2024-01-28","15:29:00",6.5,"iButton_R4.csv",4
"2024-01-28","19:44:00",6.5,"iButton_R4.csv",4
"2024-01-28","23:59:00",6.5,"iButton_R4.csv",4
"2024-01-29","04:14:00",6.5,"iButton_R4.csv",4
"2024-01-29","08:29:00",6.5,"iButton_R4.csv",4
"2024-01-29","12:44:00",6.5,"iButton_R4.csv",4
"2024-01-29","16:59:00",6.5,"iButton_R4.csv",4
"2024-01-29","21:14:00",6.5,"iButton_R4.csv",4
"2024-01-30","01:29:00",6.5,"iButton_R4.csv",4
"2024-01-30","05:44:00",6.5,"iButton_R4.csv",4
"2024-01-30","09:59:00",6.5,"iButton_R4.csv",4
"2024-01-30","14:14:00",6.5,"iButton_R4.csv",4
"2024-01-30","18:29:00",6.5,"iButton_R4.csv",4
"2024-01-30","22:44:00",6.5,"iButton_R4.csv",4
"2024-01-31","02:59:00",6.5,"iButton_R4.csv",4
"2024-01-31","07:14:00",6.5,"iButton_R4.csv",4
"2024-01-31","11:29:00",6.5,"iButton_R4.csv",4
"2024-01-31","15:44:00",6.5,"iButton_R4.csv",4
"2024-01-31","19:59:00",6.5,"iButton_R4.csv",4
"2024-02-01","00:14:00",6.5,"iButton_R4.csv",4
"2024-02-01","04:29:00",6.5,"iButton_R4.csv",4
"2024-02-01","08:44:00",6.5,"iButton_R4.csv",4
"2024-02-01","12:59:00",6.5,"iButton_R4.csv",4
"2024-02-01","17:14:00",6.5,"iButton_R4.csv",4
"2024-02-01","21:29:00",6.5,"iButton_R4.csv",4
"2024-02-02","01:44:00",6.5,"iButton_R4.csv",4
"2024-02-02","05:59:00",6.5,"iButton_R4.csv",4
"2024-02-02","10:14:00",6.5,"iButton_R4.csv",4
"2024-02-02","14:29:00",6.5,"iButton_R4.csv",4
"2024-02-02","18:44:00",6.5,"iButton_R4.csv",4
"2024-02-02","22:59:00",6.5,"iButton_R4.csv",4
"2024-02-03","03:14:00",6.5,"iButton_R4.csv",4
"2024-02-03","07:29:00",6.5,"iButton_R4.csv",4
"2024-02-03","11:44:00",6.5,"iButton_R4.csv",4
"2024-02-03","15:59:00",6.5,"iButton_R4.csv",4
"2024-02-03","20:14:00",6.5,"iButton_R4.csv",4
"2024-02-04","00:29:00",6.5,"iButton_R4.csv",4
"2024-02-04","04:44:00",6.5,"iButton_R4.csv",4
"2024-02-04","08:59:00",6.5,"iButton_R4.csv",4
"2024-02-04","13:14:00",6.5,"iButton_R4.csv",4
"2024-02-04","17:29:00",6.5,"iButton_R4.csv",4
"2024-02-04","21:44:00",6.5,"iButton_R4.csv",4
"2024-02-05","01:59:00",6.5,"iButton_R4.csv",4
"2024-02-05","06:14:00",6.5,"iButton_R4.csv",4
"2024-02-05","10:29:00",6.5,"iButton_R4.csv",4
"2024-02-05","14:44:00",6.5,"iButton_R4.csv",4
"2024-02-05","18:59:00",6.5,"iButton_R4.csv",4
"2024-02-05","23:14:00",6.5,"iButton_R4.csv",4
"2024-02-06","03:29:00",6.5,"iButton_R4.csv",4
"2024-02-06","07:44:00",6.5,"iButton_R4.csv",4
"2024-02-06","11:59:00",6.5,"iButton_R4.csv",4
"2024-02-06","16:14:00",6.5,"iButton_R4.csv",4
"2024-02-06","20:29:00",6.5,"iButton_R4.csv",4
"2024-02-07","00:44:00",6.5,"iButton_R4.csv",4
"2024-02-07","04:59:00",6.5,"iButton_R4.csv",4
"2024-02-07","09:14:00",6.5,"iButton_R4.csv",4
"2024-02-07","13:29:00",6.5,"iButton_R4.csv",4
"2024-02-07","17:44:00",6.5,"iButton_R4.csv",4
"2024-02-07","21:59:00",6.5,"iButton_R4.csv",4
"2024-02-08","02:14:00",6.5,"iButton_R4.csv",4
"2024-02-08","06:29:00",6.5,"iButton_R4.csv",4
"2024-02-08","10:44:00",6.5,"iButton_R4.csv",4
"2024-02-08","14:59:00",6.5,"iButton_R4.csv",4
"2024-02-08","19:14:00",6.5,"iButton_R4.csv",4
"2024-02-08","23:29:00",6.5,"iButton_R4.csv",4
"2024-02-09","03:44:00",6.5,"iButton_R4.csv",4
"2024-02-09","07:59:00",6.5,"iButton_R4.csv",4
"2024-02-09","12:14:00",6.5,"iButton_R4.csv",4
"2024-02-09","16:29:00",6.5,"iButton_R4.csv",4
"2024-02-09","20:44:00",6.5,"iButton_R4.csv",4
"2024-02-10","00:59:00",6.5,"iButton_R4.csv",4
"2024-02-10","05:14:00",6.5,"iButton_R4.csv",4
"2024-02-10","09:29:00",6.5,"iButton_R4.csv",4
"2024-02-10","13:44:00",6.5,"iButton_R4.csv",4
"2024-02-10","17:59:00",6.5,"iButton_R4.csv",4
"2024-02-10","22:14:00",6.5,"iButton_R4.csv",4
"2024-02-11","02:29:00",6.5,"iButton_R4.csv",4
"2024-02-11","06:44:00",6.5,"iButton_R4.csv",4
"2024-02-11","10:59:00",6.5,"iButton_R4.csv",4
"2024-02-11","15:14:00",6.5,"iButton_R4.csv",4
"2024-02-11","19:29:00",6.5,"iButton_R4.csv",4
"2024-02-11","23:44:00",6.5,"iButton_R4.csv",4
"2024-02-12","03:59:00",6.5,"iButton_R4.csv",4
"2024-02-12","08:14:00",6.5,"iButton_R4.csv",4
"2024-02-12","12:29:00",6.5,"iButton_R4.csv",4
"2024-02-12","16:44:00",6.5,"iButton_R4.csv",4
"2024-02-12","20:59:00",6.5,"iButton_R4.csv",4
"2024-02-13","01:14:00",6.5,"iButton_R4.csv",4
"2024-02-13","05:29:00",6.5,"iButton_R4.csv",4
"2024-02-13","09:44:00",6.5,"iButton_R4.csv",4
"2024-02-13","13:59:00",6.5,"iButton_R4.csv",4
"2024-02-13","18:14:00",6.5,"iButton_R4.csv",4
"2024-02-13","22:29:00",6.5,"iButton_R4.csv",4
"2024-02-14","02:44:00",6.5,"iButton_R4.csv",4
"2024-02-14","06:59:00",6.5,"iButton_R4.csv",4
"2024-02-14","11:14:00",6.5,"iButton_R4.csv",4
"2024-02-14","15:29:00",6.5,"iButton_R4.csv",4
"2024-02-14","19:44:00",6.5,"iButton_R4.csv",4
"2024-02-14","23:59:00",6.5,"iButton_R4.csv",4
"2024-02-15","04:14:00",6.5,"iButton_R4.csv",4
"2024-02-15","08:29:00",6.5,"iButton_R4.csv",4
"2024-02-15","12:44:00",6.5,"iButton_R4.csv",4
"2024-02-15","16:59:00",6.5,"iButton_R4.csv",4
"2024-02-15","21:14:00",6.5,"iButton_R4.csv",4
"2024-02-16","01:29:00",6.5,"iButton_R4.csv",4
"2024-02-16","05:44:00",6.5,"iButton_R4.csv",4
"2024-02-16","09:59:00",6.5,"iButton_R4.csv",4
"2024-02-16","14:14:00",6.5,"iButton_R4.csv",4
"2024-02-16","18:29:00",6.5,"iButton_R4.csv",4
"2024-02-16","22:44:00",6.5,"iButton_R4.csv",4
"2024-02-17","02:59:00",6.5,"iButton_R4.csv",4
"2024-02-17","07:14:00",6.5,"iButton_R4.csv",4
"2024-02-17","11:29:00",6.5,"iButton_R4.csv",4
"2024-02-17","15:44:00",6.5,"iButton_R4.csv",4
"2024-02-17","19:59:00",6.5,"iButton_R4.csv",4
"2024-02-18","00:14:00",6.5,"iButton_R4.csv",4
"2024-02-18","04:29:00",6.5,"iButton_R4.csv",4
"2024-02-18","08:44:00",6.5,"iButton_R4.csv",4
"2024-02-18","12:59:00",6.5,"iButton_R4.csv",4
"2024-02-18","17:14:00",6.5,"iButton_R4.csv",4
"2024-02-18","21:29:00",6.5,"iButton_R4.csv",4
"2024-02-19","01:44:00",6.5,"iButton_R4.csv",4
"2024-02-19","05:59:00",6.5,"iButton_R4.csv",4
"2024-02-19","10:14:00",6.5,"iButton_R4.csv",4
"2024-02-19","14:29:00",6.5,"iButton_R4.csv",4
"2024-02-19","18:44:00",6.5,"iButton_R4.csv",4
"2024-02-19","22:59:00",6.5,"iButton_R4.csv",4
"2024-02-20","03:14:00",6.5,"iButton_R4.csv",4
"2024-02-20","07:29:00",6.5,"iButton_R4.csv",4
"2024-02-20","11:44:00",6.5,"iButton_R4.csv",4
"2024-02-20","15:59:00",6.5,"iButton_R4.csv",4
"2024-02-20","20:14:00",6.5,"iButton_R4.csv",4
"2024-02-21","00:29:00",6.5,"iButton_R4.csv",4
"2024-02-21","04:44:00",6.5,"iButton_R4.csv",4
"2024-02-21","08:59:00",6.5,"iButton_R4.csv",4
"2024-02-21","13:14:00",6.5,"iButton_R4.csv",4
"2024-02-21","17:29:00",6.5,"iButton_R4.csv",4
"2024-02-21","21:44:00",6.5,"iButton_R4.csv",4
"2024-02-22","01:59:00",6.5,"iButton_R4.csv",4
"2024-02-22","06:14:00",6.5,"iButton_R4.csv",4
"2024-02-22","10:29:00",6.5,"iButton_R4.csv",4
"2024-02-22","14:44:00",6.5,"iButton_R4.csv",4
"2024-02-22","18:59:00",6.5,"iButton_R4.csv",4
"2024-02-22","23:14:00",6.5,"iButton_R4.csv",4
"2024-02-23","03:29:00",6.5,"iButton_R4.csv",4
"2024-02-23","07:44:00",6.5,"iButton_R4.csv",4
"2024-02-23","11:59:00",6.5,"iButton_R4.csv",4
"2024-02-23","16:14:00",6.5,"iButton_R4.csv",4
"2024-02-23","20:29:00",6.5,"iButton_R4.csv",4
"2024-02-24","00:44:00",6.5,"iButton_R4.csv",4
"2024-02-24","04:59:00",6.5,"iButton_R4.csv",4
"2024-02-24","09:14:00",6.5,"iButton_R4.csv",4
"2024-02-24","13:29:00",6.5,"iButton_R4.csv",4
"2024-02-24","17:44:00",6.5,"iButton_R4.csv",4
"2024-02-24","21:59:00",6.5,"iButton_R4.csv",4
"2024-02-25","02:14:00",6.5,"iButton_R4.csv",4
"2024-02-25","06:29:00",6.5,"iButton_R4.csv",4
"2024-02-25","10:44:00",6.5,"iButton_R4.csv",4
"2024-02-25","14:59:00",6.5,"iButton_R4.csv",4
"2024-02-25","19:14:00",6.5,"iButton_R4.csv",4
"2024-02-25","23:29:00",6.5,"iButton_R4.csv",4
"2024-02-26","03:44:00",6.5,"iButton_R4.csv",4
"2024-02-26","07:59:00",6.5,"iButton_R4.csv",4
"2024-02-26","12:14:00",6.5,"iButton_R4.csv",4
"2024-02-26","16:29:00",6.5,"iButton_R4.csv",4
"2024-02-26","20:44:00",6.5,"iButton_R4.csv",4
"2024-02-27","00:59:00",6.5,"iButton_R4.csv",4
"2024-02-27","05:14:00",6.5,"iButton_R4.csv",4
"2024-02-27","09:29:00",6.5,"iButton_R4.csv",4
"2024-02-27","13:44:00",6.5,"iButton_R4.csv",4
"2024-02-27","17:59:00",6.5,"iButton_R4.csv",4
"2024-02-27","22:14:00",6.5,"iButton_R4.csv",4
"2024-02-28","02:29:00",6.5,"iButton_R4.csv",4
"2024-02-28","06:44:00",6.5,"iButton_R4.csv",4
"2024-02-28","10:59:00",6.5,"iButton_R4.csv",4
"2024-02-28","15:14:00",6.5,"iButton_R4.csv",4
"2024-02-28","19:29:00",6.5,"iButton_R4.csv",4
"2024-02-28","23:44:00",6.5,"iButton_R4.csv",4
"2024-02-29","03:59:00",6.5,"iButton_R4.csv",4
"2024-02-29","08:14:00",6.5,"iButton_R4.csv",4
"2024-02-29","12:29:00",6.5,"iButton_R4.csv",4
"2024-02-29","16:44:00",6.5,"iButton_R4.csv",4
"2024-02-29","20:59:00",6.5,"iButton_R4.csv",4
"2024-03-01","01:14:00",6.5,"iButton_R4.csv",4
"2024-03-01","05:29:00",6.5,"iButton_R4.csv",4
"2024-03-01","09:44:00",6.5,"iButton_R4.csv",4
"2024-03-01","13:59:00",6.5,"iButton_R4.csv",4
"2024-03-01","18:14:00",6.5,"iButton_R4.csv",4
"2024-03-01","22:29:00",6.5,"iButton_R4.csv",4
"2024-03-02","02:44:00",6.5,"iButton_R4.csv",4
"2024-03-02","06:59:00",6.5,"iButton_R4.csv",4
"2024-03-02","11:14:00",6.5,"iButton_R4.csv",4
"2024-03-02","15:29:00",6.5,"iButton_R4.csv",4
"2024-03-02","19:44:00",6.5,"iButton_R4.csv",4
"2024-03-02","23:59:00",6.5,"iButton_R4.csv",4
"2024-03-03","04:14:00",6.5,"iButton_R4.csv",4
"2024-03-03","08:29:00",6.5,"iButton_R4.csv",4
"2024-03-03","12:44:00",6.5,"iButton_R4.csv",4
"2024-03-03","16:59:00",6.5,"iButton_R4.csv",4
"2024-03-03","21:14:00",6.5,"iButton_R4.csv",4
"2024-03-04","01:29:00",6.5,"iButton_R4.csv",4
"2024-03-04","05:44:00",6.5,"iButton_R4.csv",4
"2024-03-04","09:59:00",6.5,"iButton_R4.csv",4
"2024-03-04","14:14:00",6.5,"iButton_R4.csv",4
"2024-03-04","18:29:00",6.5,"iButton_R4.csv",4
"2024-03-04","22:44:00",6.5,"iButton_R4.csv",4
"2024-03-05","02:59:00",6.5,"iButton_R4.csv",4
"2024-03-05","07:14:00",6.5,"iButton_R4.csv",4
"2024-03-05","11:29:00",6.5,"iButton_R4.csv",4
"2024-03-05","15:44:00",6.5,"iButton_R4.csv",4
"2024-03-05","19:59:00",6.5,"iButton_R4.csv",4
"2024-03-06","00:14:00",6.5,"iButton_R4.csv",4
"2024-03-06","04:29:00",6.5,"iButton_R4.csv",4
"2024-03-06","08:44:00",6.5,"iButton_R4.csv",4
"2024-03-06","12:59:00",6.5,"iButton_R4.csv",4
"2024-03-06","17:14:00",6.5,"iButton_R4.csv",4
"2024-03-06","21:29:00",6.5,"iButton_R4.csv",4
"2024-03-07","01:44:00",6.5,"iButton_R4.csv",4
"2024-03-07","05:59:00",6.5,"iButton_R4.csv",4
"2024-03-07","10:14:00",6.5,"iButton_R4.csv",4
"2024-03-07","14:29:00",6.5,"iButton_R4.csv",4
"2024-03-07","18:44:00",6.5,"iButton_R4.csv",4
"2024-03-07","22:59:00",6.5,"iButton_R4.csv",4
"2024-03-08","03:14:00",6.5,"iButton_R4.csv",4
"2024-03-08","07:29:00",6.5,"iButton_R4.csv",4
"2024-03-08","11:44:00",6.5,"iButton_R4.csv",4
"2024-03-08","15:59:00",6.5,"iButton_R4.csv",4
"2024-03-08","20:14:00",6.5,"iButton_R4.csv",4
"2024-03-09","00:29:00",6.5,"iButton_R4.csv",4
"2024-03-09","04:44:00",6.5,"iButton_R4.csv",4
"2024-03-09","08:59:00",6.5,"iButton_R4.csv",4
"2024-03-09","13:14:00",6.5,"iButton_R4.csv",4
"2024-03-09","17:29:00",6.5,"iButton_R4.csv",4
"2024-03-09","21:44:00",6.5,"iButton_R4.csv",4
"2024-03-10","01:59:00",6.5,"iButton_R4.csv",4
"2024-03-10","06:14:00",6.5,"iButton_R4.csv",4
"2024-03-10","10:29:00",6.5,"iButton_R4.csv",4
"2024-03-10","14:44:00",6.5,"iButton_R4.csv",4
"2024-03-10","18:59:00",6.5,"iButton_R4.csv",4
"2024-03-10","23:14:00",6.5,"iButton_R4.csv",4
"2024-03-11","03:29:00",6.5,"iButton_R4.csv",4
"2024-03-11","07:44:00",6.5,"iButton_R4.csv",4
"2024-03-11","11:59:00",6.5,"iButton_R4.csv",4
"2024-03-11","16:14:00",6.5,"iButton_R4.csv",4
"2024-03-11","20:29:00",6.5,"iButton_R4.csv",4
"2024-03-12","00:44:00",6.5,"iButton_R4.csv",4
"2024-03-12","04:59:00",6.5,"iButton_R4.csv",4
"2024-03-12","09:14:00",6.5,"iButton_R4.csv",4
"2024-03-12","13:29:00",6.5,"iButton_R4.csv",4
"2024-03-12","17:44:00",6.5,"iButton_R4.csv",4
"2024-03-12","21:59:00",6.5,"iButton_R4.csv",4
"2024-03-13","02:14:00",6.5,"iButton_R4.csv",4
"2024-03-13","06:29:00",6.5,"iButton_R4.csv",4
"2024-03-13","10:44:00",6.5,"iButton_R4.csv",4
"2024-03-13","14:59:00",6.5,"iButton_R4.csv",4
"2024-03-13","19:14:00",6.5,"iButton_R4.csv",4
"2024-03-13","23:29:00",6.5,"iButton_R4.csv",4
"2024-03-14","03:44:00",6.5,"iButton_R4.csv",4
"2024-03-14","07:59:00",6.5,"iButton_R4.csv",4
"2024-03-14","12:14:00",6.5,"iButton_R4.csv",4
"2024-03-14","16:29:00",6.5,"iButton_R4.csv",4
"2024-03-14","20:44:00",6.5,"iButton_R4.csv",4
"2024-03-15","00:59:00",6.5,"iButton_R4.csv",4
"2024-03-15","05:14:00",6.5,"iButton_R4.csv",4
"2024-03-15","09:29:00",6.5,"iButton_R4.csv",4
"2024-03-15","13:44:00",6.5,"iButton_R4.csv",4
"2024-03-15","17:59:00",6.5,"iButton_R4.csv",4
"2024-03-15","22:14:00",6.5,"iButton_R4.csv",4
"2024-03-16","02:29:00",6.5,"iButton_R4.csv",4
"2024-03-16","06:44:00",6.5,"iButton_R4.csv",4
"2024-03-16","10:59:00",6.5,"iButton_R4.csv",4
"2024-03-16","15:14:00",6.5,"iButton_R4.csv",4
"2024-03-16","19:29:00",6.5,"iButton_R4.csv",4
"2024-03-16","23:44:00",6.5,"iButton_R4.csv",4
"2024-03-17","03:59:00",6.5,"iButton_R4.csv",4
"2024-03-17","08:14:00",6.5,"iButton_R4.csv",4
"2024-03-17","12:29:00",6.5,"iButton_R4.csv",4
"2024-03-17","16:44:00",6.5,"iButton_R4.csv",4
"2024-03-17","20:59:00",6.5,"iButton_R4.csv",4
"2024-03-18","01:14:00",6.5,"iButton_R4.csv",4
"2024-03-18","05:29:00",6.5,"iButton_R4.csv",4
"2024-03-18","09:44:00",6.5,"iButton_R4.csv",4
"2024-03-18","13:59:00",6.5,"iButton_R4.csv",4
"2024-03-18","18:14:00",6.5,"iButton_R4.csv",4
"2024-03-18","22:29:00",6.5,"iButton_R4.csv",4
"2024-03-19","02:44:00",6.5,"iButton_R4.csv",4
"2024-03-19","06:59:00",6.5,"iButton_R4.csv",4
"2024-03-19","11:14:00",6.5,"iButton_R4.csv",4
"2024-03-19","15:29:00",6.5,"iButton_R4.csv",4
"2024-03-19","19:44:00",6.5,"iButton_R4.csv",4
"2024-03-19","23:59:00",6.5,"iButton_R4.csv",4
"2024-03-20","04:14:00",6.5,"iButton_R4.csv",4
"2024-03-20","08:29:00",6.5,"iButton_R4.csv",4
"2024-03-20","12:44:00",6.5,"iButton_R4.csv",4
"2024-03-20","16:59:00",6.5,"iButton_R4.csv",4
"2024-03-20","21:14:00",6.5,"iButton_R4.csv",4
"2024-03-21","01:29:00",6.5,"iButton_R4.csv",4
"2024-03-21","05:44:00",6.5,"iButton_R4.csv",4
"2024-03-21","09:59:00",7,"iButton_R4.csv",4
"2024-03-21","14:14:00",6.5,"iButton_R4.csv",4
"2024-03-21","18:29:00",7,"iButton_R4.csv",4
"2024-03-21","22:44:00",7,"iButton_R4.csv",4
"2024-03-22","02:59:00",7,"iButton_R4.csv",4
"2024-03-22","07:14:00",6.5,"iButton_R4.csv",4
"2024-03-22","11:29:00",7,"iButton_R4.csv",4
"2024-03-22","15:44:00",7,"iButton_R4.csv",4
"2024-03-22","19:59:00",7,"iButton_R4.csv",4
"2024-03-23","00:14:00",7,"iButton_R4.csv",4
"2024-03-23","04:29:00",7,"iButton_R4.csv",4
"2024-03-23","08:44:00",7,"iButton_R4.csv",4
"2024-03-23","12:59:00",7,"iButton_R4.csv",4
"2024-03-23","17:14:00",7,"iButton_R4.csv",4
"2024-03-23","21:29:00",7,"iButton_R4.csv",4
"2024-03-24","01:44:00",7,"iButton_R4.csv",4
"2024-03-24","05:59:00",7,"iButton_R4.csv",4
"2024-03-24","10:14:00",7,"iButton_R4.csv",4
"2024-03-24","14:29:00",7,"iButton_R4.csv",4
"2024-03-24","18:44:00",7,"iButton_R4.csv",4
"2024-03-24","22:59:00",7,"iButton_R4.csv",4
"2024-03-25","03:14:00",7,"iButton_R4.csv",4
"2024-03-25","07:29:00",7,"iButton_R4.csv",4
"2024-03-25","11:44:00",7,"iButton_R4.csv",4
"2024-03-25","15:59:00",7,"iButton_R4.csv",4
"2024-03-25","20:14:00",7,"iButton_R4.csv",4
"2024-03-26","00:29:00",7,"iButton_R4.csv",4
"2024-03-26","04:44:00",7,"iButton_R4.csv",4
"2024-03-26","08:59:00",7,"iButton_R4.csv",4
"2024-03-26","13:14:00",7,"iButton_R4.csv",4
"2024-03-26","17:29:00",7,"iButton_R4.csv",4
"2024-03-26","21:44:00",7,"iButton_R4.csv",4
"2024-03-27","01:59:00",7,"iButton_R4.csv",4
"2024-03-27","06:14:00",7,"iButton_R4.csv",4
"2024-03-27","10:29:00",7,"iButton_R4.csv",4
"2024-03-27","14:44:00",7,"iButton_R4.csv",4
"2024-03-27","18:59:00",7,"iButton_R4.csv",4
"2024-03-27","23:14:00",7,"iButton_R4.csv",4
"2024-03-28","03:29:00",7,"iButton_R4.csv",4
"2024-03-28","07:44:00",7,"iButton_R4.csv",4
"2024-03-28","11:59:00",7,"iButton_R4.csv",4
"2024-03-28","16:14:00",7,"iButton_R4.csv",4
"2024-03-28","20:29:00",7,"iButton_R4.csv",4
"2024-03-29","00:44:00",7,"iButton_R4.csv",4
"2024-03-29","04:59:00",7,"iButton_R4.csv",4
"2024-03-29","09:14:00",7,"iButton_R4.csv",4
"2024-03-29","13:29:00",7,"iButton_R4.csv",4
"2024-03-29","17:44:00",7,"iButton_R4.csv",4
"2023-11-03","22:30:00",11.5,"iButton_R5.csv",5
"2023-11-04","02:45:00",11.5,"iButton_R5.csv",5
"2023-11-04","07:00:00",11,"iButton_R5.csv",5
"2023-11-04","11:15:00",11,"iButton_R5.csv",5
"2023-11-04","15:30:00",11,"iButton_R5.csv",5
"2023-11-04","19:45:00",11,"iButton_R5.csv",5
"2023-11-05","00:00:00",11,"iButton_R5.csv",5
"2023-11-05","04:15:00",11,"iButton_R5.csv",5
"2023-11-05","08:30:00",11,"iButton_R5.csv",5
"2023-11-05","12:45:00",11,"iButton_R5.csv",5
"2023-11-05","17:00:00",11,"iButton_R5.csv",5
"2023-11-05","21:15:00",11,"iButton_R5.csv",5
"2023-11-06","01:30:00",11,"iButton_R5.csv",5
"2023-11-06","05:45:00",11,"iButton_R5.csv",5
"2023-11-06","10:00:00",11,"iButton_R5.csv",5
"2023-11-06","14:15:00",11,"iButton_R5.csv",5
"2023-11-06","18:30:00",11,"iButton_R5.csv",5
"2023-11-06","22:45:00",11,"iButton_R5.csv",5
"2023-11-07","03:00:00",11,"iButton_R5.csv",5
"2023-11-07","07:15:00",11,"iButton_R5.csv",5
"2023-11-07","11:30:00",11,"iButton_R5.csv",5
"2023-11-07","15:45:00",11,"iButton_R5.csv",5
"2023-11-07","20:00:00",11,"iButton_R5.csv",5
"2023-11-08","00:15:00",11,"iButton_R5.csv",5
"2023-11-08","04:30:00",11,"iButton_R5.csv",5
"2023-11-08","08:45:00",11,"iButton_R5.csv",5
"2023-11-08","13:00:00",11,"iButton_R5.csv",5
"2023-11-08","17:15:00",11,"iButton_R5.csv",5
"2023-11-08","21:30:00",11,"iButton_R5.csv",5
"2023-11-09","01:45:00",11,"iButton_R5.csv",5
"2023-11-09","06:00:00",11,"iButton_R5.csv",5
"2023-11-09","10:15:00",11,"iButton_R5.csv",5
"2023-11-09","14:30:00",11,"iButton_R5.csv",5
"2023-11-09","18:45:00",11,"iButton_R5.csv",5
"2023-11-09","23:00:00",11,"iButton_R5.csv",5
"2023-11-10","03:15:00",11,"iButton_R5.csv",5
"2023-11-10","07:30:00",11,"iButton_R5.csv",5
"2023-11-10","11:45:00",11,"iButton_R5.csv",5
"2023-11-10","16:00:00",11,"iButton_R5.csv",5
"2023-11-10","20:15:00",11,"iButton_R5.csv",5
"2023-11-11","00:30:00",11,"iButton_R5.csv",5
"2023-11-11","04:45:00",11,"iButton_R5.csv",5
"2023-11-11","09:00:00",11,"iButton_R5.csv",5
"2023-11-11","13:15:00",11,"iButton_R5.csv",5
"2023-11-11","17:30:00",11,"iButton_R5.csv",5
"2023-11-11","21:45:00",11,"iButton_R5.csv",5
"2023-11-12","02:00:00",11,"iButton_R5.csv",5
"2023-11-12","06:15:00",11,"iButton_R5.csv",5
"2023-11-12","10:30:00",11,"iButton_R5.csv",5
"2023-11-12","14:45:00",11,"iButton_R5.csv",5
"2023-11-12","19:00:00",11,"iButton_R5.csv",5
"2023-11-12","23:15:00",11,"iButton_R5.csv",5
"2023-11-13","03:30:00",11,"iButton_R5.csv",5
"2023-11-13","07:45:00",11,"iButton_R5.csv",5
"2023-11-13","12:00:00",10.5,"iButton_R5.csv",5
"2023-11-13","16:15:00",10.5,"iButton_R5.csv",5
"2023-11-13","20:30:00",10.5,"iButton_R5.csv",5
"2023-11-14","00:45:00",10.5,"iButton_R5.csv",5
"2023-11-14","05:00:00",10.5,"iButton_R5.csv",5
"2023-11-14","09:15:00",10.5,"iButton_R5.csv",5
"2023-11-14","13:30:00",10.5,"iButton_R5.csv",5
"2023-11-14","17:45:00",10.5,"iButton_R5.csv",5
"2023-11-14","22:00:00",10.5,"iButton_R5.csv",5
"2023-11-15","02:15:00",10.5,"iButton_R5.csv",5
"2023-11-15","06:30:00",10.5,"iButton_R5.csv",5
"2023-11-15","10:45:00",10.5,"iButton_R5.csv",5
"2023-11-15","15:00:00",10.5,"iButton_R5.csv",5
"2023-11-15","19:15:00",10.5,"iButton_R5.csv",5
"2023-11-15","23:30:00",10.5,"iButton_R5.csv",5
"2023-11-16","03:45:00",10.5,"iButton_R5.csv",5
"2023-11-16","08:00:00",10.5,"iButton_R5.csv",5
"2023-11-16","12:15:00",10.5,"iButton_R5.csv",5
"2023-11-16","16:30:00",10.5,"iButton_R5.csv",5
"2023-11-16","20:45:00",10.5,"iButton_R5.csv",5
"2023-11-17","01:00:00",10.5,"iButton_R5.csv",5
"2023-11-17","05:15:00",10.5,"iButton_R5.csv",5
"2023-11-17","09:30:00",10.5,"iButton_R5.csv",5
"2023-11-17","13:45:00",10.5,"iButton_R5.csv",5
"2023-11-17","18:00:00",10.5,"iButton_R5.csv",5
"2023-11-17","22:15:00",10.5,"iButton_R5.csv",5
"2023-11-18","02:30:00",10.5,"iButton_R5.csv",5
"2023-11-18","06:45:00",10.5,"iButton_R5.csv",5
"2023-11-18","11:00:00",10.5,"iButton_R5.csv",5
"2023-11-18","15:15:00",10.5,"iButton_R5.csv",5
"2023-11-18","19:30:00",10.5,"iButton_R5.csv",5
"2023-11-18","23:45:00",10.5,"iButton_R5.csv",5
"2023-11-19","04:00:00",10.5,"iButton_R5.csv",5
"2023-11-19","08:15:00",10.5,"iButton_R5.csv",5
"2023-11-19","12:30:00",10.5,"iButton_R5.csv",5
"2023-11-19","16:45:00",10.5,"iButton_R5.csv",5
"2023-11-19","21:00:00",10.5,"iButton_R5.csv",5
"2023-11-20","01:15:00",10.5,"iButton_R5.csv",5
"2023-11-20","05:30:00",10.5,"iButton_R5.csv",5
"2023-11-20","09:45:00",10.5,"iButton_R5.csv",5
"2023-11-20","14:00:00",10.5,"iButton_R5.csv",5
"2023-11-20","18:15:00",10.5,"iButton_R5.csv",5
"2023-11-20","22:30:00",10.5,"iButton_R5.csv",5
"2023-11-21","02:45:00",10.5,"iButton_R5.csv",5
"2023-11-21","07:00:00",10.5,"iButton_R5.csv",5
"2023-11-21","11:15:00",10.5,"iButton_R5.csv",5
"2023-11-21","15:30:00",10.5,"iButton_R5.csv",5
"2023-11-21","19:45:00",10,"iButton_R5.csv",5
"2023-11-22","00:00:00",10,"iButton_R5.csv",5
"2023-11-22","04:15:00",10,"iButton_R5.csv",5
"2023-11-22","08:30:00",10,"iButton_R5.csv",5
"2023-11-22","12:45:00",10,"iButton_R5.csv",5
"2023-11-22","17:00:00",10,"iButton_R5.csv",5
"2023-11-22","21:15:00",10,"iButton_R5.csv",5
"2023-11-23","01:30:00",10,"iButton_R5.csv",5
"2023-11-23","05:45:00",10,"iButton_R5.csv",5
"2023-11-23","10:00:00",10,"iButton_R5.csv",5
"2023-11-23","14:15:00",10,"iButton_R5.csv",5
"2023-11-23","18:30:00",10,"iButton_R5.csv",5
"2023-11-23","22:45:00",10,"iButton_R5.csv",5
"2023-11-24","03:00:00",10,"iButton_R5.csv",5
"2023-11-24","07:15:00",10,"iButton_R5.csv",5
"2023-11-24","11:30:00",10,"iButton_R5.csv",5
"2023-11-24","15:45:00",10,"iButton_R5.csv",5
"2023-11-24","20:00:00",10,"iButton_R5.csv",5
"2023-11-25","00:15:00",10,"iButton_R5.csv",5
"2023-11-25","04:30:00",10,"iButton_R5.csv",5
"2023-11-25","08:45:00",9.5,"iButton_R5.csv",5
"2023-11-25","13:00:00",9.5,"iButton_R5.csv",5
"2023-11-25","17:15:00",9.5,"iButton_R5.csv",5
"2023-11-25","21:30:00",9.5,"iButton_R5.csv",5
"2023-11-26","01:45:00",9.5,"iButton_R5.csv",5
"2023-11-26","06:00:00",9.5,"iButton_R5.csv",5
"2023-11-26","10:15:00",9.5,"iButton_R5.csv",5
"2023-11-26","14:30:00",9.5,"iButton_R5.csv",5
"2023-11-26","18:45:00",9.5,"iButton_R5.csv",5
"2023-11-26","23:00:00",9.5,"iButton_R5.csv",5
"2023-11-27","03:15:00",9.5,"iButton_R5.csv",5
"2023-11-27","07:30:00",9.5,"iButton_R5.csv",5
"2023-11-27","11:45:00",9.5,"iButton_R5.csv",5
"2023-11-27","16:00:00",9.5,"iButton_R5.csv",5
"2023-11-27","20:15:00",9.5,"iButton_R5.csv",5
"2023-11-28","00:30:00",9.5,"iButton_R5.csv",5
"2023-11-28","04:45:00",9.5,"iButton_R5.csv",5
"2023-11-28","09:00:00",9.5,"iButton_R5.csv",5
"2023-11-28","13:15:00",9.5,"iButton_R5.csv",5
"2023-11-28","17:30:00",9,"iButton_R5.csv",5
"2023-11-28","21:45:00",9,"iButton_R5.csv",5
"2023-11-29","02:00:00",9,"iButton_R5.csv",5
"2023-11-29","06:15:00",9,"iButton_R5.csv",5
"2023-11-29","10:30:00",9,"iButton_R5.csv",5
"2023-11-29","14:45:00",9,"iButton_R5.csv",5
"2023-11-29","19:00:00",9,"iButton_R5.csv",5
"2023-11-29","23:15:00",9,"iButton_R5.csv",5
"2023-11-30","03:30:00",9,"iButton_R5.csv",5
"2023-11-30","07:45:00",9,"iButton_R5.csv",5
"2023-11-30","12:00:00",9,"iButton_R5.csv",5
"2023-11-30","16:15:00",9,"iButton_R5.csv",5
"2023-11-30","20:30:00",9,"iButton_R5.csv",5
"2023-12-01","00:45:00",9,"iButton_R5.csv",5
"2023-12-01","05:00:00",8.5,"iButton_R5.csv",5
"2023-12-01","09:15:00",8.5,"iButton_R5.csv",5
"2023-12-01","13:30:00",8.5,"iButton_R5.csv",5
"2023-12-01","17:45:00",8.5,"iButton_R5.csv",5
"2023-12-01","22:00:00",8.5,"iButton_R5.csv",5
"2023-12-02","02:15:00",8.5,"iButton_R5.csv",5
"2023-12-02","06:30:00",8.5,"iButton_R5.csv",5
"2023-12-02","10:45:00",8.5,"iButton_R5.csv",5
"2023-12-02","15:00:00",8.5,"iButton_R5.csv",5
"2023-12-02","19:15:00",8.5,"iButton_R5.csv",5
"2023-12-02","23:30:00",8.5,"iButton_R5.csv",5
"2023-12-03","03:45:00",8.5,"iButton_R5.csv",5
"2023-12-03","08:00:00",8.5,"iButton_R5.csv",5
"2023-12-03","12:15:00",8.5,"iButton_R5.csv",5
"2023-12-03","16:30:00",8.5,"iButton_R5.csv",5
"2023-12-03","20:45:00",8,"iButton_R5.csv",5
"2023-12-04","01:00:00",8,"iButton_R5.csv",5
"2023-12-04","05:15:00",8,"iButton_R5.csv",5
"2023-12-04","09:30:00",8,"iButton_R5.csv",5
"2023-12-04","13:45:00",8,"iButton_R5.csv",5
"2023-12-04","18:00:00",8,"iButton_R5.csv",5
"2023-12-04","22:15:00",8,"iButton_R5.csv",5
"2023-12-05","02:30:00",8,"iButton_R5.csv",5
"2023-12-05","06:45:00",8,"iButton_R5.csv",5
"2023-12-05","11:00:00",8,"iButton_R5.csv",5
"2023-12-05","15:15:00",8,"iButton_R5.csv",5
"2023-12-05","19:30:00",8,"iButton_R5.csv",5
"2023-12-05","23:45:00",8,"iButton_R5.csv",5
"2023-12-06","04:00:00",8,"iButton_R5.csv",5
"2023-12-06","08:15:00",8,"iButton_R5.csv",5
"2023-12-06","12:30:00",8,"iButton_R5.csv",5
"2023-12-06","16:45:00",8,"iButton_R5.csv",5
"2023-12-06","21:00:00",8,"iButton_R5.csv",5
"2023-12-07","01:15:00",8,"iButton_R5.csv",5
"2023-12-07","05:30:00",8,"iButton_R5.csv",5
"2023-12-07","09:45:00",8,"iButton_R5.csv",5
"2023-12-07","14:00:00",8,"iButton_R5.csv",5
"2023-12-07","18:15:00",8,"iButton_R5.csv",5
"2023-12-07","22:30:00",8,"iButton_R5.csv",5
"2023-12-08","02:45:00",8,"iButton_R5.csv",5
"2023-12-08","07:00:00",8,"iButton_R5.csv",5
"2023-12-08","11:15:00",8,"iButton_R5.csv",5
"2023-12-08","15:30:00",8,"iButton_R5.csv",5
"2023-12-08","19:45:00",8,"iButton_R5.csv",5
"2023-12-09","00:00:00",8,"iButton_R5.csv",5
"2023-12-09","04:15:00",8,"iButton_R5.csv",5
"2023-12-09","08:30:00",8,"iButton_R5.csv",5
"2023-12-09","12:45:00",8,"iButton_R5.csv",5
"2023-12-09","17:00:00",8,"iButton_R5.csv",5
"2023-12-09","21:15:00",8,"iButton_R5.csv",5
"2023-12-10","01:30:00",8,"iButton_R5.csv",5
"2023-12-10","05:45:00",8,"iButton_R5.csv",5
"2023-12-10","10:00:00",7.5,"iButton_R5.csv",5
"2023-12-10","14:15:00",7.5,"iButton_R5.csv",5
"2023-12-10","18:30:00",7.5,"iButton_R5.csv",5
"2023-12-10","22:45:00",7.5,"iButton_R5.csv",5
"2023-12-11","03:00:00",7.5,"iButton_R5.csv",5
"2023-12-11","07:15:00",7.5,"iButton_R5.csv",5
"2023-12-11","11:30:00",7.5,"iButton_R5.csv",5
"2023-12-11","15:45:00",7.5,"iButton_R5.csv",5
"2023-12-11","20:00:00",7.5,"iButton_R5.csv",5
"2023-12-12","00:15:00",7.5,"iButton_R5.csv",5
"2023-12-12","04:30:00",7.5,"iButton_R5.csv",5
"2023-12-12","08:45:00",7.5,"iButton_R5.csv",5
"2023-12-12","13:00:00",7.5,"iButton_R5.csv",5
"2023-12-12","17:15:00",7.5,"iButton_R5.csv",5
"2023-12-12","21:30:00",7.5,"iButton_R5.csv",5
"2023-12-13","01:45:00",7.5,"iButton_R5.csv",5
"2023-12-13","06:00:00",7.5,"iButton_R5.csv",5
"2023-12-13","10:15:00",7.5,"iButton_R5.csv",5
"2023-12-13","14:30:00",7.5,"iButton_R5.csv",5
"2023-12-13","18:45:00",7.5,"iButton_R5.csv",5
"2023-12-13","23:00:00",7.5,"iButton_R5.csv",5
"2023-12-14","03:15:00",7.5,"iButton_R5.csv",5
"2023-12-14","07:30:00",7.5,"iButton_R5.csv",5
"2023-12-14","11:45:00",7.5,"iButton_R5.csv",5
"2023-12-14","16:00:00",7.5,"iButton_R5.csv",5
"2023-12-14","20:15:00",7.5,"iButton_R5.csv",5
"2023-12-15","00:30:00",7.5,"iButton_R5.csv",5
"2023-12-15","04:45:00",7.5,"iButton_R5.csv",5
"2023-12-15","09:00:00",7.5,"iButton_R5.csv",5
"2023-12-15","13:15:00",7.5,"iButton_R5.csv",5
"2023-12-15","17:30:00",7.5,"iButton_R5.csv",5
"2023-12-15","21:45:00",7.5,"iButton_R5.csv",5
"2023-12-16","02:00:00",7.5,"iButton_R5.csv",5
"2023-12-16","06:15:00",7.5,"iButton_R5.csv",5
"2023-12-16","10:30:00",7.5,"iButton_R5.csv",5
"2023-12-16","14:45:00",7.5,"iButton_R5.csv",5
"2023-12-16","19:00:00",7.5,"iButton_R5.csv",5
"2023-12-16","23:15:00",7.5,"iButton_R5.csv",5
"2023-12-17","03:30:00",7.5,"iButton_R5.csv",5
"2023-12-17","07:45:00",7.5,"iButton_R5.csv",5
"2023-12-17","12:00:00",7.5,"iButton_R5.csv",5
"2023-12-17","16:15:00",7.5,"iButton_R5.csv",5
"2023-12-17","20:30:00",7.5,"iButton_R5.csv",5
"2023-12-18","00:45:00",7.5,"iButton_R5.csv",5
"2023-12-18","05:00:00",7.5,"iButton_R5.csv",5
"2023-12-18","09:15:00",7.5,"iButton_R5.csv",5
"2023-12-18","13:30:00",7.5,"iButton_R5.csv",5
"2023-12-18","17:45:00",7.5,"iButton_R5.csv",5
"2023-12-18","22:00:00",7.5,"iButton_R5.csv",5
"2023-12-19","02:15:00",7.5,"iButton_R5.csv",5
"2023-12-19","06:30:00",7.5,"iButton_R5.csv",5
"2023-12-19","10:45:00",7.5,"iButton_R5.csv",5
"2023-12-19","15:00:00",7.5,"iButton_R5.csv",5
"2023-12-19","19:15:00",7.5,"iButton_R5.csv",5
"2023-12-19","23:30:00",7.5,"iButton_R5.csv",5
"2023-12-20","03:45:00",7.5,"iButton_R5.csv",5
"2023-12-20","08:00:00",7.5,"iButton_R5.csv",5
"2023-12-20","12:15:00",7.5,"iButton_R5.csv",5
"2023-12-20","16:30:00",7.5,"iButton_R5.csv",5
"2023-12-20","20:45:00",7.5,"iButton_R5.csv",5
"2023-12-21","01:00:00",7.5,"iButton_R5.csv",5
"2023-12-21","05:15:00",7.5,"iButton_R5.csv",5
"2023-12-21","09:30:00",7.5,"iButton_R5.csv",5
"2023-12-21","13:45:00",7.5,"iButton_R5.csv",5
"2023-12-21","18:00:00",7.5,"iButton_R5.csv",5
"2023-12-21","22:15:00",7.5,"iButton_R5.csv",5
"2023-12-22","02:30:00",7.5,"iButton_R5.csv",5
"2023-12-22","06:45:00",7.5,"iButton_R5.csv",5
"2023-12-22","11:00:00",7.5,"iButton_R5.csv",5
"2023-12-22","15:15:00",7.5,"iButton_R5.csv",5
"2023-12-22","19:30:00",7.5,"iButton_R5.csv",5
"2023-12-22","23:45:00",7.5,"iButton_R5.csv",5
"2023-12-23","04:00:00",7.5,"iButton_R5.csv",5
"2023-12-23","08:15:00",7.5,"iButton_R5.csv",5
"2023-12-23","12:30:00",7.5,"iButton_R5.csv",5
"2023-12-23","16:45:00",7.5,"iButton_R5.csv",5
"2023-12-23","21:00:00",7.5,"iButton_R5.csv",5
"2023-12-24","01:15:00",7.5,"iButton_R5.csv",5
"2023-12-24","05:30:00",7.5,"iButton_R5.csv",5
"2023-12-24","09:45:00",7.5,"iButton_R5.csv",5
"2023-12-24","14:00:00",7.5,"iButton_R5.csv",5
"2023-12-24","18:15:00",7.5,"iButton_R5.csv",5
"2023-12-24","22:30:00",7.5,"iButton_R5.csv",5
"2023-12-25","02:45:00",7.5,"iButton_R5.csv",5
"2023-12-25","07:00:00",7.5,"iButton_R5.csv",5
"2023-12-25","11:15:00",7.5,"iButton_R5.csv",5
"2023-12-25","15:30:00",7.5,"iButton_R5.csv",5
"2023-12-25","19:45:00",7.5,"iButton_R5.csv",5
"2023-12-26","00:00:00",7.5,"iButton_R5.csv",5
"2023-12-26","04:15:00",7.5,"iButton_R5.csv",5
"2023-12-26","08:30:00",7.5,"iButton_R5.csv",5
"2023-12-26","12:45:00",7.5,"iButton_R5.csv",5
"2023-12-26","17:00:00",7.5,"iButton_R5.csv",5
"2023-12-26","21:15:00",7.5,"iButton_R5.csv",5
"2023-12-27","01:30:00",7.5,"iButton_R5.csv",5
"2023-12-27","05:45:00",7.5,"iButton_R5.csv",5
"2023-12-27","10:00:00",7.5,"iButton_R5.csv",5
"2023-12-27","14:15:00",7.5,"iButton_R5.csv",5
"2023-12-27","18:30:00",7.5,"iButton_R5.csv",5
"2023-12-27","22:45:00",7.5,"iButton_R5.csv",5
"2023-12-28","03:00:00",7.5,"iButton_R5.csv",5
"2023-12-28","07:15:00",7.5,"iButton_R5.csv",5
"2023-12-28","11:30:00",7.5,"iButton_R5.csv",5
"2023-12-28","15:45:00",7.5,"iButton_R5.csv",5
"2023-12-28","20:00:00",7.5,"iButton_R5.csv",5
"2023-12-29","00:15:00",7.5,"iButton_R5.csv",5
"2023-12-29","04:30:00",7.5,"iButton_R5.csv",5
"2023-12-29","08:45:00",7.5,"iButton_R5.csv",5
"2023-12-29","13:00:00",7.5,"iButton_R5.csv",5
"2023-12-29","17:15:00",7.5,"iButton_R5.csv",5
"2023-12-29","21:30:00",7.5,"iButton_R5.csv",5
"2023-12-30","01:45:00",7.5,"iButton_R5.csv",5
"2023-12-30","06:00:00",7.5,"iButton_R5.csv",5
"2023-12-30","10:15:00",7.5,"iButton_R5.csv",5
"2023-12-30","14:30:00",7.5,"iButton_R5.csv",5
"2023-12-30","18:45:00",7.5,"iButton_R5.csv",5
"2023-12-30","23:00:00",7.5,"iButton_R5.csv",5
"2023-12-31","03:15:00",7.5,"iButton_R5.csv",5
"2023-12-31","07:30:00",7.5,"iButton_R5.csv",5
"2023-12-31","11:45:00",7.5,"iButton_R5.csv",5
"2023-12-31","16:00:00",7.5,"iButton_R5.csv",5
"2023-12-31","20:15:00",7.5,"iButton_R5.csv",5
"2024-01-01","00:30:00",7.5,"iButton_R5.csv",5
"2024-01-01","04:45:00",7.5,"iButton_R5.csv",5
"2024-01-01","09:00:00",7.5,"iButton_R5.csv",5
"2024-01-01","13:15:00",7.5,"iButton_R5.csv",5
"2024-01-01","17:30:00",7.5,"iButton_R5.csv",5
"2024-01-01","21:45:00",7.5,"iButton_R5.csv",5
"2024-01-02","02:00:00",7.5,"iButton_R5.csv",5
"2024-01-02","06:15:00",7.5,"iButton_R5.csv",5
"2024-01-02","10:30:00",7.5,"iButton_R5.csv",5
"2024-01-02","14:45:00",7.5,"iButton_R5.csv",5
"2024-01-02","19:00:00",7.5,"iButton_R5.csv",5
"2024-01-02","23:15:00",7.5,"iButton_R5.csv",5
"2024-01-03","03:30:00",7.5,"iButton_R5.csv",5
"2024-01-03","07:45:00",7.5,"iButton_R5.csv",5
"2024-01-03","12:00:00",7.5,"iButton_R5.csv",5
"2024-01-03","16:15:00",7.5,"iButton_R5.csv",5
"2024-01-03","20:30:00",7.5,"iButton_R5.csv",5
"2024-01-04","00:45:00",7.5,"iButton_R5.csv",5
"2024-01-04","05:00:00",7.5,"iButton_R5.csv",5
"2024-01-04","09:15:00",7.5,"iButton_R5.csv",5
"2024-01-04","13:30:00",7.5,"iButton_R5.csv",5
"2024-01-04","17:45:00",7.5,"iButton_R5.csv",5
"2024-01-04","22:00:00",7.5,"iButton_R5.csv",5
"2024-01-05","02:15:00",7.5,"iButton_R5.csv",5
"2024-01-05","06:30:00",7.5,"iButton_R5.csv",5
"2024-01-05","10:45:00",7.5,"iButton_R5.csv",5
"2024-01-05","15:00:00",7.5,"iButton_R5.csv",5
"2024-01-05","19:15:00",7.5,"iButton_R5.csv",5
"2024-01-05","23:30:00",7.5,"iButton_R5.csv",5
"2024-01-06","03:45:00",7.5,"iButton_R5.csv",5
"2024-01-06","08:00:00",7.5,"iButton_R5.csv",5
"2024-01-06","12:15:00",7.5,"iButton_R5.csv",5
"2024-01-06","16:30:00",7.5,"iButton_R5.csv",5
"2024-01-06","20:45:00",7.5,"iButton_R5.csv",5
"2024-01-07","01:00:00",7.5,"iButton_R5.csv",5
"2024-01-07","05:15:00",7.5,"iButton_R5.csv",5
"2024-01-07","09:30:00",7.5,"iButton_R5.csv",5
"2024-01-07","13:45:00",7.5,"iButton_R5.csv",5
"2024-01-07","18:00:00",7.5,"iButton_R5.csv",5
"2024-01-07","22:15:00",7.5,"iButton_R5.csv",5
"2024-01-08","02:30:00",7,"iButton_R5.csv",5
"2024-01-08","06:45:00",7,"iButton_R5.csv",5
"2024-01-08","11:00:00",7.5,"iButton_R5.csv",5
"2024-01-08","15:15:00",7,"iButton_R5.csv",5
"2024-01-08","19:30:00",7,"iButton_R5.csv",5
"2024-01-08","23:45:00",7,"iButton_R5.csv",5
"2024-01-09","04:00:00",7,"iButton_R5.csv",5
"2024-01-09","08:15:00",7,"iButton_R5.csv",5
"2024-01-09","12:30:00",7,"iButton_R5.csv",5
"2024-01-09","16:45:00",7,"iButton_R5.csv",5
"2024-01-09","21:00:00",7,"iButton_R5.csv",5
"2024-01-10","01:15:00",7,"iButton_R5.csv",5
"2024-01-10","05:30:00",7,"iButton_R5.csv",5
"2024-01-10","09:45:00",7,"iButton_R5.csv",5
"2024-01-10","14:00:00",7,"iButton_R5.csv",5
"2024-01-10","18:15:00",7,"iButton_R5.csv",5
"2024-01-10","22:30:00",7,"iButton_R5.csv",5
"2024-01-11","02:45:00",7,"iButton_R5.csv",5
"2024-01-11","07:00:00",7,"iButton_R5.csv",5
"2024-01-11","11:15:00",7,"iButton_R5.csv",5
"2024-01-11","15:30:00",7,"iButton_R5.csv",5
"2024-01-11","19:45:00",6.5,"iButton_R5.csv",5
"2024-01-12","00:00:00",6.5,"iButton_R5.csv",5
"2024-01-12","04:15:00",6.5,"iButton_R5.csv",5
"2024-01-12","08:30:00",6.5,"iButton_R5.csv",5
"2024-01-12","12:45:00",6.5,"iButton_R5.csv",5
"2024-01-12","17:00:00",6.5,"iButton_R5.csv",5
"2024-01-12","21:15:00",6.5,"iButton_R5.csv",5
"2024-01-13","01:30:00",6.5,"iButton_R5.csv",5
"2024-01-13","05:45:00",6.5,"iButton_R5.csv",5
"2024-01-13","10:00:00",6.5,"iButton_R5.csv",5
"2024-01-13","14:15:00",6.5,"iButton_R5.csv",5
"2024-01-13","18:30:00",6.5,"iButton_R5.csv",5
"2024-01-13","22:45:00",6.5,"iButton_R5.csv",5
"2024-01-14","03:00:00",6.5,"iButton_R5.csv",5
"2024-01-14","07:15:00",6.5,"iButton_R5.csv",5
"2024-01-14","11:30:00",6.5,"iButton_R5.csv",5
"2024-01-14","15:45:00",6.5,"iButton_R5.csv",5
"2024-01-14","20:00:00",6.5,"iButton_R5.csv",5
"2024-01-15","00:15:00",6.5,"iButton_R5.csv",5
"2024-01-15","04:30:00",6.5,"iButton_R5.csv",5
"2024-01-15","08:45:00",6.5,"iButton_R5.csv",5
"2024-01-15","13:00:00",6.5,"iButton_R5.csv",5
"2024-01-15","17:15:00",6.5,"iButton_R5.csv",5
"2024-01-15","21:30:00",6.5,"iButton_R5.csv",5
"2024-01-16","01:45:00",6.5,"iButton_R5.csv",5
"2024-01-16","06:00:00",6.5,"iButton_R5.csv",5
"2024-01-16","10:15:00",6.5,"iButton_R5.csv",5
"2024-01-16","14:30:00",6.5,"iButton_R5.csv",5
"2024-01-16","18:45:00",6.5,"iButton_R5.csv",5
"2024-01-16","23:00:00",6.5,"iButton_R5.csv",5
"2024-01-17","03:15:00",6.5,"iButton_R5.csv",5
"2024-01-17","07:30:00",6,"iButton_R5.csv",5
"2024-01-17","11:45:00",6,"iButton_R5.csv",5
"2024-01-17","16:00:00",6,"iButton_R5.csv",5
"2024-01-17","20:15:00",6,"iButton_R5.csv",5
"2024-01-18","00:30:00",6,"iButton_R5.csv",5
"2024-01-18","04:45:00",6,"iButton_R5.csv",5
"2024-01-18","09:00:00",6,"iButton_R5.csv",5
"2024-01-18","13:15:00",6,"iButton_R5.csv",5
"2024-01-18","17:30:00",6,"iButton_R5.csv",5
"2024-01-18","21:45:00",6,"iButton_R5.csv",5
"2024-01-19","02:00:00",6,"iButton_R5.csv",5
"2024-01-19","06:15:00",6,"iButton_R5.csv",5
"2024-01-19","10:30:00",6,"iButton_R5.csv",5
"2024-01-19","14:45:00",6,"iButton_R5.csv",5
"2024-01-19","19:00:00",6,"iButton_R5.csv",5
"2024-01-19","23:15:00",6,"iButton_R5.csv",5
"2024-01-20","03:30:00",6,"iButton_R5.csv",5
"2024-01-20","07:45:00",6,"iButton_R5.csv",5
"2024-01-20","12:00:00",6,"iButton_R5.csv",5
"2024-01-20","16:15:00",6,"iButton_R5.csv",5
"2024-01-20","20:30:00",6,"iButton_R5.csv",5
"2024-01-21","00:45:00",6,"iButton_R5.csv",5
"2024-01-21","05:00:00",6,"iButton_R5.csv",5
"2024-01-21","09:15:00",6,"iButton_R5.csv",5
"2024-01-21","13:30:00",6,"iButton_R5.csv",5
"2024-01-21","17:45:00",6,"iButton_R5.csv",5
"2024-01-21","22:00:00",6,"iButton_R5.csv",5
"2024-01-22","02:15:00",6,"iButton_R5.csv",5
"2024-01-22","06:30:00",6,"iButton_R5.csv",5
"2024-01-22","10:45:00",6,"iButton_R5.csv",5
"2024-01-22","15:00:00",6,"iButton_R5.csv",5
"2024-01-22","19:15:00",6,"iButton_R5.csv",5
"2024-01-22","23:30:00",6,"iButton_R5.csv",5
"2024-01-23","03:45:00",6,"iButton_R5.csv",5
"2024-01-23","08:00:00",6,"iButton_R5.csv",5
"2024-01-23","12:15:00",6,"iButton_R5.csv",5
"2024-01-23","16:30:00",6,"iButton_R5.csv",5
"2024-01-23","20:45:00",6,"iButton_R5.csv",5
"2024-01-24","01:00:00",6,"iButton_R5.csv",5
"2024-01-24","05:15:00",6,"iButton_R5.csv",5
"2024-01-24","09:30:00",6,"iButton_R5.csv",5
"2024-01-24","13:45:00",6,"iButton_R5.csv",5
"2024-01-24","18:00:00",6,"iButton_R5.csv",5
"2024-01-24","22:15:00",6,"iButton_R5.csv",5
"2024-01-25","02:30:00",6,"iButton_R5.csv",5
"2024-01-25","06:45:00",6,"iButton_R5.csv",5
"2024-01-25","11:00:00",6,"iButton_R5.csv",5
"2024-01-25","15:15:00",6,"iButton_R5.csv",5
"2024-01-25","19:30:00",6,"iButton_R5.csv",5
"2024-01-25","23:45:00",6,"iButton_R5.csv",5
"2024-01-26","04:00:00",6,"iButton_R5.csv",5
"2024-01-26","08:15:00",6,"iButton_R5.csv",5
"2024-01-26","12:30:00",6,"iButton_R5.csv",5
"2024-01-26","16:45:00",6,"iButton_R5.csv",5
"2024-01-26","21:00:00",6,"iButton_R5.csv",5
"2024-01-27","01:15:00",6,"iButton_R5.csv",5
"2024-01-27","05:30:00",6,"iButton_R5.csv",5
"2024-01-27","09:45:00",6,"iButton_R5.csv",5
"2024-01-27","14:00:00",6,"iButton_R5.csv",5
"2024-01-27","18:15:00",6,"iButton_R5.csv",5
"2024-01-27","22:30:00",6,"iButton_R5.csv",5
"2024-01-28","02:45:00",6,"iButton_R5.csv",5
"2024-01-28","07:00:00",6,"iButton_R5.csv",5
"2024-01-28","11:15:00",6,"iButton_R5.csv",5
"2024-01-28","15:30:00",6,"iButton_R5.csv",5
"2024-01-28","19:45:00",6,"iButton_R5.csv",5
"2024-01-29","00:00:00",6,"iButton_R5.csv",5
"2024-01-29","04:15:00",6,"iButton_R5.csv",5
"2024-01-29","08:30:00",6,"iButton_R5.csv",5
"2024-01-29","12:45:00",6,"iButton_R5.csv",5
"2024-01-29","17:00:00",6,"iButton_R5.csv",5
"2024-01-29","21:15:00",6,"iButton_R5.csv",5
"2024-01-30","01:30:00",6,"iButton_R5.csv",5
"2024-01-30","05:45:00",6,"iButton_R5.csv",5
"2024-01-30","10:00:00",6,"iButton_R5.csv",5
"2024-01-30","14:15:00",6,"iButton_R5.csv",5
"2024-01-30","18:30:00",6,"iButton_R5.csv",5
"2024-01-30","22:45:00",6,"iButton_R5.csv",5
"2024-01-31","03:00:00",6,"iButton_R5.csv",5
"2024-01-31","07:15:00",6,"iButton_R5.csv",5
"2024-01-31","11:30:00",6,"iButton_R5.csv",5
"2024-01-31","15:45:00",6,"iButton_R5.csv",5
"2024-01-31","20:00:00",6,"iButton_R5.csv",5
"2024-02-01","00:15:00",6,"iButton_R5.csv",5
"2024-02-01","04:30:00",6,"iButton_R5.csv",5
"2024-02-01","08:45:00",6,"iButton_R5.csv",5
"2024-02-01","13:00:00",6,"iButton_R5.csv",5
"2024-02-01","17:15:00",6,"iButton_R5.csv",5
"2024-02-01","21:30:00",6,"iButton_R5.csv",5
"2024-02-02","01:45:00",6,"iButton_R5.csv",5
"2024-02-02","06:00:00",6,"iButton_R5.csv",5
"2024-02-02","10:15:00",6,"iButton_R5.csv",5
"2024-02-02","14:30:00",6,"iButton_R5.csv",5
"2024-02-02","18:45:00",6,"iButton_R5.csv",5
"2024-02-02","23:00:00",6,"iButton_R5.csv",5
"2024-02-03","03:15:00",6,"iButton_R5.csv",5
"2024-02-03","07:30:00",6,"iButton_R5.csv",5
"2024-02-03","11:45:00",6,"iButton_R5.csv",5
"2024-02-03","16:00:00",6,"iButton_R5.csv",5
"2024-02-03","20:15:00",6,"iButton_R5.csv",5
"2024-02-04","00:30:00",6,"iButton_R5.csv",5
"2024-02-04","04:45:00",6,"iButton_R5.csv",5
"2024-02-04","09:00:00",6,"iButton_R5.csv",5
"2024-02-04","13:15:00",6,"iButton_R5.csv",5
"2024-02-04","17:30:00",6,"iButton_R5.csv",5
"2024-02-04","21:45:00",6,"iButton_R5.csv",5
"2024-02-05","02:00:00",6,"iButton_R5.csv",5
"2024-02-05","06:15:00",6,"iButton_R5.csv",5
"2024-02-05","10:30:00",6,"iButton_R5.csv",5
"2024-02-05","14:45:00",6,"iButton_R5.csv",5
"2024-02-05","19:00:00",6,"iButton_R5.csv",5
"2024-02-05","23:15:00",6,"iButton_R5.csv",5
"2024-02-06","03:30:00",6,"iButton_R5.csv",5
"2024-02-06","07:45:00",6,"iButton_R5.csv",5
"2024-02-06","12:00:00",6,"iButton_R5.csv",5
"2024-02-06","16:15:00",6,"iButton_R5.csv",5
"2024-02-06","20:30:00",6,"iButton_R5.csv",5
"2024-02-07","00:45:00",6,"iButton_R5.csv",5
"2024-02-07","05:00:00",6,"iButton_R5.csv",5
"2024-02-07","09:15:00",6,"iButton_R5.csv",5
"2024-02-07","13:30:00",6,"iButton_R5.csv",5
"2024-02-07","17:45:00",6,"iButton_R5.csv",5
"2024-02-07","22:00:00",6,"iButton_R5.csv",5
"2024-02-08","02:15:00",6,"iButton_R5.csv",5
"2024-02-08","06:30:00",6,"iButton_R5.csv",5
"2024-02-08","10:45:00",6,"iButton_R5.csv",5
"2024-02-08","15:00:00",6,"iButton_R5.csv",5
"2024-02-08","19:15:00",6,"iButton_R5.csv",5
"2024-02-08","23:30:00",6,"iButton_R5.csv",5
"2024-02-09","03:45:00",6,"iButton_R5.csv",5
"2024-02-09","08:00:00",6,"iButton_R5.csv",5
"2024-02-09","12:15:00",6,"iButton_R5.csv",5
"2024-02-09","16:30:00",6,"iButton_R5.csv",5
"2024-02-09","20:45:00",6,"iButton_R5.csv",5
"2024-02-10","01:00:00",6,"iButton_R5.csv",5
"2024-02-10","05:15:00",6,"iButton_R5.csv",5
"2024-02-10","09:30:00",6,"iButton_R5.csv",5
"2024-02-10","13:45:00",6,"iButton_R5.csv",5
"2024-02-10","18:00:00",6,"iButton_R5.csv",5
"2024-02-10","22:15:00",6,"iButton_R5.csv",5
"2024-02-11","02:30:00",6,"iButton_R5.csv",5
"2024-02-11","06:45:00",6,"iButton_R5.csv",5
"2024-02-11","11:00:00",6,"iButton_R5.csv",5
"2024-02-11","15:15:00",6,"iButton_R5.csv",5
"2024-02-11","19:30:00",6,"iButton_R5.csv",5
"2024-02-11","23:45:00",6,"iButton_R5.csv",5
"2024-02-12","04:00:00",6,"iButton_R5.csv",5
"2024-02-12","08:15:00",6,"iButton_R5.csv",5
"2024-02-12","12:30:00",6,"iButton_R5.csv",5
"2024-02-12","16:45:00",6,"iButton_R5.csv",5
"2024-02-12","21:00:00",6,"iButton_R5.csv",5
"2024-02-13","01:15:00",6,"iButton_R5.csv",5
"2024-02-13","05:30:00",6,"iButton_R5.csv",5
"2024-02-13","09:45:00",6,"iButton_R5.csv",5
"2024-02-13","14:00:00",6,"iButton_R5.csv",5
"2024-02-13","18:15:00",6,"iButton_R5.csv",5
"2024-02-13","22:30:00",6,"iButton_R5.csv",5
"2024-02-14","02:45:00",6,"iButton_R5.csv",5
"2024-02-14","07:00:00",6,"iButton_R5.csv",5
"2024-02-14","11:15:00",6,"iButton_R5.csv",5
"2024-02-14","15:30:00",6,"iButton_R5.csv",5
"2024-02-14","19:45:00",6,"iButton_R5.csv",5
"2024-02-15","00:00:00",6,"iButton_R5.csv",5
"2024-02-15","04:15:00",6,"iButton_R5.csv",5
"2024-02-15","08:30:00",6,"iButton_R5.csv",5
"2024-02-15","12:45:00",6,"iButton_R5.csv",5
"2024-02-15","17:00:00",6,"iButton_R5.csv",5
"2024-02-15","21:15:00",6,"iButton_R5.csv",5
"2024-02-16","01:30:00",6,"iButton_R5.csv",5
"2024-02-16","05:45:00",6,"iButton_R5.csv",5
"2024-02-16","10:00:00",6,"iButton_R5.csv",5
"2024-02-16","14:15:00",6,"iButton_R5.csv",5
"2024-02-16","18:30:00",6,"iButton_R5.csv",5
"2024-02-16","22:45:00",6,"iButton_R5.csv",5
"2024-02-17","03:00:00",6,"iButton_R5.csv",5
"2024-02-17","07:15:00",6,"iButton_R5.csv",5
"2024-02-17","11:30:00",6,"iButton_R5.csv",5
"2024-02-17","15:45:00",6,"iButton_R5.csv",5
"2024-02-17","20:00:00",6.5,"iButton_R5.csv",5
"2024-02-18","00:15:00",6,"iButton_R5.csv",5
"2024-02-18","04:30:00",6,"iButton_R5.csv",5
"2024-02-18","08:45:00",6,"iButton_R5.csv",5
"2024-02-18","13:00:00",6,"iButton_R5.csv",5
"2024-02-18","17:15:00",6.5,"iButton_R5.csv",5
"2024-02-18","21:30:00",6.5,"iButton_R5.csv",5
"2024-02-19","01:45:00",6.5,"iButton_R5.csv",5
"2024-02-19","06:00:00",6.5,"iButton_R5.csv",5
"2024-02-19","10:15:00",6.5,"iButton_R5.csv",5
"2024-02-19","14:30:00",6.5,"iButton_R5.csv",5
"2024-02-19","18:45:00",6.5,"iButton_R5.csv",5
"2024-02-19","23:00:00",6.5,"iButton_R5.csv",5
"2024-02-20","03:15:00",6.5,"iButton_R5.csv",5
"2024-02-20","07:30:00",6.5,"iButton_R5.csv",5
"2024-02-20","11:45:00",6.5,"iButton_R5.csv",5
"2024-02-20","16:00:00",6.5,"iButton_R5.csv",5
"2024-02-20","20:15:00",6.5,"iButton_R5.csv",5
"2024-02-21","00:30:00",6.5,"iButton_R5.csv",5
"2024-02-21","04:45:00",6.5,"iButton_R5.csv",5
"2024-02-21","09:00:00",6.5,"iButton_R5.csv",5
"2024-02-21","13:15:00",6.5,"iButton_R5.csv",5
"2024-02-21","17:30:00",6.5,"iButton_R5.csv",5
"2024-02-21","21:45:00",6.5,"iButton_R5.csv",5
"2024-02-22","02:00:00",6.5,"iButton_R5.csv",5
"2024-02-22","06:15:00",6.5,"iButton_R5.csv",5
"2024-02-22","10:30:00",6.5,"iButton_R5.csv",5
"2024-02-22","14:45:00",6.5,"iButton_R5.csv",5
"2024-02-22","19:00:00",6.5,"iButton_R5.csv",5
"2024-02-22","23:15:00",6.5,"iButton_R5.csv",5
"2024-02-23","03:30:00",6.5,"iButton_R5.csv",5
"2024-02-23","07:45:00",6.5,"iButton_R5.csv",5
"2024-02-23","12:00:00",6.5,"iButton_R5.csv",5
"2024-02-23","16:15:00",6.5,"iButton_R5.csv",5
"2024-02-23","20:30:00",6.5,"iButton_R5.csv",5
"2024-02-24","00:45:00",6.5,"iButton_R5.csv",5
"2024-02-24","05:00:00",6.5,"iButton_R5.csv",5
"2024-02-24","09:15:00",6.5,"iButton_R5.csv",5
"2024-02-24","13:30:00",6.5,"iButton_R5.csv",5
"2024-02-24","17:45:00",6.5,"iButton_R5.csv",5
"2024-02-24","22:00:00",6.5,"iButton_R5.csv",5
"2024-02-25","02:15:00",6.5,"iButton_R5.csv",5
"2024-02-25","06:30:00",6.5,"iButton_R5.csv",5
"2024-02-25","10:45:00",6.5,"iButton_R5.csv",5
"2024-02-25","15:00:00",6.5,"iButton_R5.csv",5
"2024-02-25","19:15:00",6.5,"iButton_R5.csv",5
"2024-02-25","23:30:00",6.5,"iButton_R5.csv",5
"2024-02-26","03:45:00",6.5,"iButton_R5.csv",5
"2024-02-26","08:00:00",6.5,"iButton_R5.csv",5
"2024-02-26","12:15:00",6.5,"iButton_R5.csv",5
"2024-02-26","16:30:00",6.5,"iButton_R5.csv",5
"2024-02-26","20:45:00",6.5,"iButton_R5.csv",5
"2024-02-27","01:00:00",6.5,"iButton_R5.csv",5
"2024-02-27","05:15:00",6.5,"iButton_R5.csv",5
"2024-02-27","09:30:00",6.5,"iButton_R5.csv",5
"2024-02-27","13:45:00",6.5,"iButton_R5.csv",5
"2024-02-27","18:00:00",6.5,"iButton_R5.csv",5
"2024-02-27","22:15:00",6.5,"iButton_R5.csv",5
"2024-02-28","02:30:00",6.5,"iButton_R5.csv",5
"2024-02-28","06:45:00",6.5,"iButton_R5.csv",5
"2024-02-28","11:00:00",6.5,"iButton_R5.csv",5
"2024-02-28","15:15:00",6.5,"iButton_R5.csv",5
"2024-02-28","19:30:00",6.5,"iButton_R5.csv",5
"2024-02-28","23:45:00",6.5,"iButton_R5.csv",5
"2024-02-29","04:00:00",6.5,"iButton_R5.csv",5
"2024-02-29","08:15:00",6.5,"iButton_R5.csv",5
"2024-02-29","12:30:00",6.5,"iButton_R5.csv",5
"2024-02-29","16:45:00",6.5,"iButton_R5.csv",5
"2024-02-29","21:00:00",6.5,"iButton_R5.csv",5
"2024-03-01","01:15:00",6.5,"iButton_R5.csv",5
"2024-03-01","05:30:00",6.5,"iButton_R5.csv",5
"2024-03-01","09:45:00",6.5,"iButton_R5.csv",5
"2024-03-01","14:00:00",6.5,"iButton_R5.csv",5
"2024-03-01","18:15:00",6.5,"iButton_R5.csv",5
"2024-03-01","22:30:00",6.5,"iButton_R5.csv",5
"2024-03-02","02:45:00",6.5,"iButton_R5.csv",5
"2024-03-02","07:00:00",6.5,"iButton_R5.csv",5
"2024-03-02","11:15:00",6.5,"iButton_R5.csv",5
"2024-03-02","15:30:00",6.5,"iButton_R5.csv",5
"2024-03-02","19:45:00",6.5,"iButton_R5.csv",5
"2024-03-03","00:00:00",6.5,"iButton_R5.csv",5
"2024-03-03","04:15:00",6.5,"iButton_R5.csv",5
"2024-03-03","08:30:00",6.5,"iButton_R5.csv",5
"2024-03-03","12:45:00",6.5,"iButton_R5.csv",5
"2024-03-03","17:00:00",6.5,"iButton_R5.csv",5
"2024-03-03","21:15:00",6.5,"iButton_R5.csv",5
"2024-03-04","01:30:00",6.5,"iButton_R5.csv",5
"2024-03-04","05:45:00",6.5,"iButton_R5.csv",5
"2024-03-04","10:00:00",6.5,"iButton_R5.csv",5
"2024-03-04","14:15:00",6.5,"iButton_R5.csv",5
"2024-03-04","18:30:00",6.5,"iButton_R5.csv",5
"2024-03-04","22:45:00",6.5,"iButton_R5.csv",5
"2024-03-05","03:00:00",6.5,"iButton_R5.csv",5
"2024-03-05","07:15:00",6.5,"iButton_R5.csv",5
"2024-03-05","11:30:00",6.5,"iButton_R5.csv",5
"2024-03-05","15:45:00",6.5,"iButton_R5.csv",5
"2024-03-05","20:00:00",6.5,"iButton_R5.csv",5
"2024-03-06","00:15:00",6.5,"iButton_R5.csv",5
"2024-03-06","04:30:00",6.5,"iButton_R5.csv",5
"2024-03-06","08:45:00",6.5,"iButton_R5.csv",5
"2024-03-06","13:00:00",6.5,"iButton_R5.csv",5
"2024-03-06","17:15:00",6.5,"iButton_R5.csv",5
"2024-03-06","21:30:00",6.5,"iButton_R5.csv",5
"2024-03-07","01:45:00",6.5,"iButton_R5.csv",5
"2024-03-07","06:00:00",6.5,"iButton_R5.csv",5
"2024-03-07","10:15:00",6.5,"iButton_R5.csv",5
"2024-03-07","14:30:00",6.5,"iButton_R5.csv",5
"2024-03-07","18:45:00",6.5,"iButton_R5.csv",5
"2024-03-07","23:00:00",6.5,"iButton_R5.csv",5
"2024-03-08","03:15:00",6.5,"iButton_R5.csv",5
"2024-03-08","07:30:00",6.5,"iButton_R5.csv",5
"2024-03-08","11:45:00",6.5,"iButton_R5.csv",5
"2024-03-08","16:00:00",6.5,"iButton_R5.csv",5
"2024-03-08","20:15:00",6.5,"iButton_R5.csv",5
"2024-03-09","00:30:00",6.5,"iButton_R5.csv",5
"2024-03-09","04:45:00",6.5,"iButton_R5.csv",5
"2024-03-09","09:00:00",6.5,"iButton_R5.csv",5
"2024-03-09","13:15:00",6.5,"iButton_R5.csv",5
"2024-03-09","17:30:00",6.5,"iButton_R5.csv",5
"2024-03-09","21:45:00",6.5,"iButton_R5.csv",5
"2024-03-10","02:00:00",6.5,"iButton_R5.csv",5
"2024-03-10","06:15:00",6.5,"iButton_R5.csv",5
"2024-03-10","10:30:00",6.5,"iButton_R5.csv",5
"2024-03-10","14:45:00",6.5,"iButton_R5.csv",5
"2024-03-10","19:00:00",6.5,"iButton_R5.csv",5
"2024-03-10","23:15:00",6.5,"iButton_R5.csv",5
"2024-03-11","03:30:00",6.5,"iButton_R5.csv",5
"2024-03-11","07:45:00",6.5,"iButton_R5.csv",5
"2024-03-11","12:00:00",6.5,"iButton_R5.csv",5
"2024-03-11","16:15:00",6.5,"iButton_R5.csv",5
"2024-03-11","20:30:00",6.5,"iButton_R5.csv",5
"2024-03-12","00:45:00",6.5,"iButton_R5.csv",5
"2024-03-12","05:00:00",6.5,"iButton_R5.csv",5
"2024-03-12","09:15:00",6.5,"iButton_R5.csv",5
"2024-03-12","13:30:00",6.5,"iButton_R5.csv",5
"2024-03-12","17:45:00",6.5,"iButton_R5.csv",5
"2024-03-12","22:00:00",6.5,"iButton_R5.csv",5
"2024-03-13","02:15:00",6.5,"iButton_R5.csv",5
"2024-03-13","06:30:00",6.5,"iButton_R5.csv",5
"2024-03-13","10:45:00",6.5,"iButton_R5.csv",5
"2024-03-13","15:00:00",6.5,"iButton_R5.csv",5
"2024-03-13","19:15:00",6.5,"iButton_R5.csv",5
"2024-03-13","23:30:00",6.5,"iButton_R5.csv",5
"2024-03-14","03:45:00",6.5,"iButton_R5.csv",5
"2024-03-14","08:00:00",6.5,"iButton_R5.csv",5
"2024-03-14","12:15:00",6.5,"iButton_R5.csv",5
"2024-03-14","16:30:00",6.5,"iButton_R5.csv",5
"2024-03-14","20:45:00",6.5,"iButton_R5.csv",5
"2024-03-15","01:00:00",6.5,"iButton_R5.csv",5
"2024-03-15","05:15:00",6.5,"iButton_R5.csv",5
"2024-03-15","09:30:00",6.5,"iButton_R5.csv",5
"2024-03-15","13:45:00",6.5,"iButton_R5.csv",5
"2024-03-15","18:00:00",6.5,"iButton_R5.csv",5
"2024-03-15","22:15:00",6.5,"iButton_R5.csv",5
"2024-03-16","02:30:00",6.5,"iButton_R5.csv",5
"2024-03-16","06:45:00",6.5,"iButton_R5.csv",5
"2024-03-16","11:00:00",6.5,"iButton_R5.csv",5
"2024-03-16","15:15:00",6.5,"iButton_R5.csv",5
"2024-03-16","19:30:00",6.5,"iButton_R5.csv",5
"2024-03-16","23:45:00",6.5,"iButton_R5.csv",5
"2024-03-17","04:00:00",6.5,"iButton_R5.csv",5
"2024-03-17","08:15:00",6.5,"iButton_R5.csv",5
"2024-03-17","12:30:00",6.5,"iButton_R5.csv",5
"2024-03-17","16:45:00",6.5,"iButton_R5.csv",5
"2024-03-17","21:00:00",6.5,"iButton_R5.csv",5
"2024-03-18","01:15:00",6.5,"iButton_R5.csv",5
"2024-03-18","05:30:00",6.5,"iButton_R5.csv",5
"2024-03-18","09:45:00",6.5,"iButton_R5.csv",5
"2024-03-18","14:00:00",6.5,"iButton_R5.csv",5
"2024-03-18","18:15:00",6.5,"iButton_R5.csv",5
"2024-03-18","22:30:00",6.5,"iButton_R5.csv",5
"2024-03-19","02:45:00",6.5,"iButton_R5.csv",5
"2024-03-19","07:00:00",6.5,"iButton_R5.csv",5
"2024-03-19","11:15:00",6.5,"iButton_R5.csv",5
"2024-03-19","15:30:00",6.5,"iButton_R5.csv",5
"2024-03-19","19:45:00",6.5,"iButton_R5.csv",5
"2024-03-20","00:00:00",6.5,"iButton_R5.csv",5
"2024-03-20","04:15:00",6.5,"iButton_R5.csv",5
"2024-03-20","08:30:00",6.5,"iButton_R5.csv",5
"2024-03-20","12:45:00",6.5,"iButton_R5.csv",5
"2024-03-20","17:00:00",6.5,"iButton_R5.csv",5
"2024-03-20","21:15:00",6.5,"iButton_R5.csv",5
"2024-03-21","01:30:00",6.5,"iButton_R5.csv",5
"2024-03-21","05:45:00",6.5,"iButton_R5.csv",5
"2024-03-21","10:00:00",6.5,"iButton_R5.csv",5
"2024-03-21","14:15:00",6.5,"iButton_R5.csv",5
"2024-03-21","18:30:00",6.5,"iButton_R5.csv",5
"2024-03-21","22:45:00",6.5,"iButton_R5.csv",5
"2024-03-22","03:00:00",6.5,"iButton_R5.csv",5
"2024-03-22","07:15:00",6.5,"iButton_R5.csv",5
"2024-03-22","11:30:00",6.5,"iButton_R5.csv",5
"2024-03-22","15:45:00",6.5,"iButton_R5.csv",5
"2024-03-22","20:00:00",6.5,"iButton_R5.csv",5
"2024-03-23","00:15:00",6.5,"iButton_R5.csv",5
"2024-03-23","04:30:00",6.5,"iButton_R5.csv",5
"2024-03-23","08:45:00",6.5,"iButton_R5.csv",5
"2024-03-23","13:00:00",6.5,"iButton_R5.csv",5
"2024-03-23","17:15:00",6.5,"iButton_R5.csv",5
"2024-03-23","21:30:00",6.5,"iButton_R5.csv",5
"2024-03-24","01:45:00",6.5,"iButton_R5.csv",5
"2024-03-24","06:00:00",6.5,"iButton_R5.csv",5
"2024-03-24","10:15:00",6.5,"iButton_R5.csv",5
"2024-03-24","14:30:00",6.5,"iButton_R5.csv",5
"2024-03-24","18:45:00",6.5,"iButton_R5.csv",5
"2024-03-24","23:00:00",6.5,"iButton_R5.csv",5
"2024-03-25","03:15:00",6.5,"iButton_R5.csv",5
"2024-03-25","07:30:00",6.5,"iButton_R5.csv",5
"2024-03-25","11:45:00",6.5,"iButton_R5.csv",5
"2024-03-25","16:00:00",6.5,"iButton_R5.csv",5
"2024-03-25","20:15:00",6.5,"iButton_R5.csv",5
"2024-03-26","00:30:00",6.5,"iButton_R5.csv",5
"2024-03-26","04:45:00",6.5,"iButton_R5.csv",5
"2024-03-26","09:00:00",6.5,"iButton_R5.csv",5
"2024-03-26","13:15:00",6.5,"iButton_R5.csv",5
"2024-03-26","17:30:00",6.5,"iButton_R5.csv",5
"2024-03-26","21:45:00",6.5,"iButton_R5.csv",5
"2024-03-27","02:00:00",6.5,"iButton_R5.csv",5
"2024-03-27","06:15:00",6.5,"iButton_R5.csv",5
"2024-03-27","10:30:00",7,"iButton_R5.csv",5
"2024-03-27","14:45:00",7,"iButton_R5.csv",5
"2024-03-27","19:00:00",7,"iButton_R5.csv",5
"2024-03-27","23:15:00",7,"iButton_R5.csv",5
"2024-03-28","03:30:00",7,"iButton_R5.csv",5
"2024-03-28","07:45:00",7,"iButton_R5.csv",5
"2024-03-28","12:00:00",7,"iButton_R5.csv",5
"2024-03-28","16:15:00",7,"iButton_R5.csv",5
"2024-03-28","20:30:00",7,"iButton_R5.csv",5
"2024-03-29","00:45:00",7,"iButton_R5.csv",5
"2024-03-29","05:00:00",7,"iButton_R5.csv",5
"2024-03-29","09:15:00",7,"iButton_R5.csv",5
"2024-03-29","13:30:00",7,"iButton_R5.csv",5
"2024-03-29","17:45:00",7,"iButton_R5.csv",5
"2023-11-03","22:30:00",11,"iButton_R6.csv",6
"2023-11-04","02:45:00",11,"iButton_R6.csv",6
"2023-11-04","07:00:00",11,"iButton_R6.csv",6
"2023-11-04","11:15:00",11,"iButton_R6.csv",6
"2023-11-04","15:30:00",11,"iButton_R6.csv",6
"2023-11-04","19:45:00",11,"iButton_R6.csv",6
"2023-11-05","00:00:00",11,"iButton_R6.csv",6
"2023-11-05","04:15:00",11,"iButton_R6.csv",6
"2023-11-05","08:30:00",11,"iButton_R6.csv",6
"2023-11-05","12:45:00",11,"iButton_R6.csv",6
"2023-11-05","17:00:00",11,"iButton_R6.csv",6
"2023-11-05","21:15:00",11,"iButton_R6.csv",6
"2023-11-06","01:30:00",11,"iButton_R6.csv",6
"2023-11-06","05:45:00",11,"iButton_R6.csv",6
"2023-11-06","10:00:00",11,"iButton_R6.csv",6
"2023-11-06","14:15:00",11,"iButton_R6.csv",6
"2023-11-06","18:30:00",11,"iButton_R6.csv",6
"2023-11-06","22:45:00",11,"iButton_R6.csv",6
"2023-11-07","03:00:00",11,"iButton_R6.csv",6
"2023-11-07","07:15:00",11,"iButton_R6.csv",6
"2023-11-07","11:30:00",11,"iButton_R6.csv",6
"2023-11-07","15:45:00",11,"iButton_R6.csv",6
"2023-11-07","20:00:00",11,"iButton_R6.csv",6
"2023-11-08","00:15:00",11,"iButton_R6.csv",6
"2023-11-08","04:30:00",11,"iButton_R6.csv",6
"2023-11-08","08:45:00",11,"iButton_R6.csv",6
"2023-11-08","13:00:00",11,"iButton_R6.csv",6
"2023-11-08","17:15:00",11,"iButton_R6.csv",6
"2023-11-08","21:30:00",11,"iButton_R6.csv",6
"2023-11-09","01:45:00",11,"iButton_R6.csv",6
"2023-11-09","06:00:00",11,"iButton_R6.csv",6
"2023-11-09","10:15:00",11,"iButton_R6.csv",6
"2023-11-09","14:30:00",11,"iButton_R6.csv",6
"2023-11-09","18:45:00",11,"iButton_R6.csv",6
"2023-11-09","23:00:00",11,"iButton_R6.csv",6
"2023-11-10","03:15:00",11,"iButton_R6.csv",6
"2023-11-10","07:30:00",11,"iButton_R6.csv",6
"2023-11-10","11:45:00",11,"iButton_R6.csv",6
"2023-11-10","16:00:00",11,"iButton_R6.csv",6
"2023-11-10","20:15:00",11,"iButton_R6.csv",6
"2023-11-11","00:30:00",10.5,"iButton_R6.csv",6
"2023-11-11","04:45:00",10.5,"iButton_R6.csv",6
"2023-11-11","09:00:00",10.5,"iButton_R6.csv",6
"2023-11-11","13:15:00",11,"iButton_R6.csv",6
"2023-11-11","17:30:00",10.5,"iButton_R6.csv",6
"2023-11-11","21:45:00",10.5,"iButton_R6.csv",6
"2023-11-12","02:00:00",10.5,"iButton_R6.csv",6
"2023-11-12","06:15:00",10.5,"iButton_R6.csv",6
"2023-11-12","10:30:00",10.5,"iButton_R6.csv",6
"2023-11-12","14:45:00",10.5,"iButton_R6.csv",6
"2023-11-12","19:00:00",10.5,"iButton_R6.csv",6
"2023-11-12","23:15:00",10.5,"iButton_R6.csv",6
"2023-11-13","03:30:00",10.5,"iButton_R6.csv",6
"2023-11-13","07:45:00",10.5,"iButton_R6.csv",6
"2023-11-13","12:00:00",10.5,"iButton_R6.csv",6
"2023-11-13","16:15:00",10.5,"iButton_R6.csv",6
"2023-11-13","20:30:00",10.5,"iButton_R6.csv",6
"2023-11-14","00:45:00",10.5,"iButton_R6.csv",6
"2023-11-14","05:00:00",10.5,"iButton_R6.csv",6
"2023-11-14","09:15:00",10.5,"iButton_R6.csv",6
"2023-11-14","13:30:00",10.5,"iButton_R6.csv",6
"2023-11-14","17:45:00",10.5,"iButton_R6.csv",6
"2023-11-14","22:00:00",10.5,"iButton_R6.csv",6
"2023-11-15","02:15:00",10.5,"iButton_R6.csv",6
"2023-11-15","06:30:00",10.5,"iButton_R6.csv",6
"2023-11-15","10:45:00",10.5,"iButton_R6.csv",6
"2023-11-15","15:00:00",10.5,"iButton_R6.csv",6
"2023-11-15","19:15:00",10.5,"iButton_R6.csv",6
"2023-11-15","23:30:00",10.5,"iButton_R6.csv",6
"2023-11-16","03:45:00",10.5,"iButton_R6.csv",6
"2023-11-16","08:00:00",10.5,"iButton_R6.csv",6
"2023-11-16","12:15:00",10.5,"iButton_R6.csv",6
"2023-11-16","16:30:00",10.5,"iButton_R6.csv",6
"2023-11-16","20:45:00",10.5,"iButton_R6.csv",6
"2023-11-17","01:00:00",10.5,"iButton_R6.csv",6
"2023-11-17","05:15:00",10.5,"iButton_R6.csv",6
"2023-11-17","09:30:00",10.5,"iButton_R6.csv",6
"2023-11-17","13:45:00",10.5,"iButton_R6.csv",6
"2023-11-17","18:00:00",10.5,"iButton_R6.csv",6
"2023-11-17","22:15:00",10,"iButton_R6.csv",6
"2023-11-18","02:30:00",10,"iButton_R6.csv",6
"2023-11-18","06:45:00",10,"iButton_R6.csv",6
"2023-11-18","11:00:00",10,"iButton_R6.csv",6
"2023-11-18","15:15:00",10,"iButton_R6.csv",6
"2023-11-18","19:30:00",10,"iButton_R6.csv",6
"2023-11-18","23:45:00",10,"iButton_R6.csv",6
"2023-11-19","04:00:00",10,"iButton_R6.csv",6
"2023-11-19","08:15:00",10,"iButton_R6.csv",6
"2023-11-19","12:30:00",10,"iButton_R6.csv",6
"2023-11-19","16:45:00",10,"iButton_R6.csv",6
"2023-11-19","21:00:00",10,"iButton_R6.csv",6
"2023-11-20","01:15:00",10,"iButton_R6.csv",6
"2023-11-20","05:30:00",10,"iButton_R6.csv",6
"2023-11-20","09:45:00",10,"iButton_R6.csv",6
"2023-11-20","14:00:00",10,"iButton_R6.csv",6
"2023-11-20","18:15:00",10,"iButton_R6.csv",6
"2023-11-20","22:30:00",10,"iButton_R6.csv",6
"2023-11-21","02:45:00",10,"iButton_R6.csv",6
"2023-11-21","07:00:00",10,"iButton_R6.csv",6
"2023-11-21","11:15:00",10,"iButton_R6.csv",6
"2023-11-21","15:30:00",10,"iButton_R6.csv",6
"2023-11-21","19:45:00",10,"iButton_R6.csv",6
"2023-11-22","00:00:00",10,"iButton_R6.csv",6
"2023-11-22","04:15:00",10,"iButton_R6.csv",6
"2023-11-22","08:30:00",10,"iButton_R6.csv",6
"2023-11-22","12:45:00",10,"iButton_R6.csv",6
"2023-11-22","17:00:00",10,"iButton_R6.csv",6
"2023-11-22","21:15:00",9.5,"iButton_R6.csv",6
"2023-11-23","01:30:00",9.5,"iButton_R6.csv",6
"2023-11-23","05:45:00",9.5,"iButton_R6.csv",6
"2023-11-23","10:00:00",9.5,"iButton_R6.csv",6
"2023-11-23","14:15:00",9.5,"iButton_R6.csv",6
"2023-11-23","18:30:00",9.5,"iButton_R6.csv",6
"2023-11-23","22:45:00",9.5,"iButton_R6.csv",6
"2023-11-24","03:00:00",9.5,"iButton_R6.csv",6
"2023-11-24","07:15:00",9.5,"iButton_R6.csv",6
"2023-11-24","11:30:00",9.5,"iButton_R6.csv",6
"2023-11-24","15:45:00",9.5,"iButton_R6.csv",6
"2023-11-24","20:00:00",9.5,"iButton_R6.csv",6
"2023-11-25","00:15:00",9.5,"iButton_R6.csv",6
"2023-11-25","04:30:00",9.5,"iButton_R6.csv",6
"2023-11-25","08:45:00",9.5,"iButton_R6.csv",6
"2023-11-25","13:00:00",9.5,"iButton_R6.csv",6
"2023-11-25","17:15:00",9.5,"iButton_R6.csv",6
"2023-11-25","21:30:00",9.5,"iButton_R6.csv",6
"2023-11-26","01:45:00",9.5,"iButton_R6.csv",6
"2023-11-26","06:00:00",9,"iButton_R6.csv",6
"2023-11-26","10:15:00",9,"iButton_R6.csv",6
"2023-11-26","14:30:00",9,"iButton_R6.csv",6
"2023-11-26","18:45:00",9,"iButton_R6.csv",6
"2023-11-26","23:00:00",9,"iButton_R6.csv",6
"2023-11-27","03:15:00",9,"iButton_R6.csv",6
"2023-11-27","07:30:00",9,"iButton_R6.csv",6
"2023-11-27","11:45:00",9,"iButton_R6.csv",6
"2023-11-27","16:00:00",9,"iButton_R6.csv",6
"2023-11-27","20:15:00",9,"iButton_R6.csv",6
"2023-11-28","00:30:00",9,"iButton_R6.csv",6
"2023-11-28","04:45:00",9,"iButton_R6.csv",6
"2023-11-28","09:00:00",9,"iButton_R6.csv",6
"2023-11-28","13:15:00",9,"iButton_R6.csv",6
"2023-11-28","17:30:00",9,"iButton_R6.csv",6
"2023-11-28","21:45:00",8.5,"iButton_R6.csv",6
"2023-11-29","02:00:00",8.5,"iButton_R6.csv",6
"2023-11-29","06:15:00",8.5,"iButton_R6.csv",6
"2023-11-29","10:30:00",8.5,"iButton_R6.csv",6
"2023-11-29","14:45:00",8.5,"iButton_R6.csv",6
"2023-11-29","19:00:00",8.5,"iButton_R6.csv",6
"2023-11-29","23:15:00",8.5,"iButton_R6.csv",6
"2023-11-30","03:30:00",8.5,"iButton_R6.csv",6
"2023-11-30","07:45:00",8.5,"iButton_R6.csv",6
"2023-11-30","12:00:00",8.5,"iButton_R6.csv",6
"2023-11-30","16:15:00",8.5,"iButton_R6.csv",6
"2023-11-30","20:30:00",8.5,"iButton_R6.csv",6
"2023-12-01","00:45:00",8,"iButton_R6.csv",6
"2023-12-01","05:00:00",8,"iButton_R6.csv",6
"2023-12-01","09:15:00",8,"iButton_R6.csv",6
"2023-12-01","13:30:00",8,"iButton_R6.csv",6
"2023-12-01","17:45:00",8,"iButton_R6.csv",6
"2023-12-01","22:00:00",8,"iButton_R6.csv",6
"2023-12-02","02:15:00",8,"iButton_R6.csv",6
"2023-12-02","06:30:00",8,"iButton_R6.csv",6
"2023-12-02","10:45:00",8,"iButton_R6.csv",6
"2023-12-02","15:00:00",8,"iButton_R6.csv",6
"2023-12-02","19:15:00",8,"iButton_R6.csv",6
"2023-12-02","23:30:00",8,"iButton_R6.csv",6
"2023-12-03","03:45:00",8,"iButton_R6.csv",6
"2023-12-03","08:00:00",7.5,"iButton_R6.csv",6
"2023-12-03","12:15:00",7.5,"iButton_R6.csv",6
"2023-12-03","16:30:00",7.5,"iButton_R6.csv",6
"2023-12-03","20:45:00",7.5,"iButton_R6.csv",6
"2023-12-04","01:00:00",7.5,"iButton_R6.csv",6
"2023-12-04","05:15:00",7.5,"iButton_R6.csv",6
"2023-12-04","09:30:00",7.5,"iButton_R6.csv",6
"2023-12-04","13:45:00",7.5,"iButton_R6.csv",6
"2023-12-04","18:00:00",7.5,"iButton_R6.csv",6
"2023-12-04","22:15:00",7.5,"iButton_R6.csv",6
"2023-12-05","02:30:00",7.5,"iButton_R6.csv",6
"2023-12-05","06:45:00",7.5,"iButton_R6.csv",6
"2023-12-05","11:00:00",7.5,"iButton_R6.csv",6
"2023-12-05","15:15:00",7.5,"iButton_R6.csv",6
"2023-12-05","19:30:00",7.5,"iButton_R6.csv",6
"2023-12-05","23:45:00",7.5,"iButton_R6.csv",6
"2023-12-06","04:00:00",7.5,"iButton_R6.csv",6
"2023-12-06","08:15:00",7.5,"iButton_R6.csv",6
"2023-12-06","12:30:00",7.5,"iButton_R6.csv",6
"2023-12-06","16:45:00",7.5,"iButton_R6.csv",6
"2023-12-06","21:00:00",7.5,"iButton_R6.csv",6
"2023-12-07","01:15:00",7.5,"iButton_R6.csv",6
"2023-12-07","05:30:00",7.5,"iButton_R6.csv",6
"2023-12-07","09:45:00",7.5,"iButton_R6.csv",6
"2023-12-07","14:00:00",7.5,"iButton_R6.csv",6
"2023-12-07","18:15:00",7.5,"iButton_R6.csv",6
"2023-12-07","22:30:00",7.5,"iButton_R6.csv",6
"2023-12-08","02:45:00",7.5,"iButton_R6.csv",6
"2023-12-08","07:00:00",7.5,"iButton_R6.csv",6
"2023-12-08","11:15:00",7.5,"iButton_R6.csv",6
"2023-12-08","15:30:00",7.5,"iButton_R6.csv",6
"2023-12-08","19:45:00",7.5,"iButton_R6.csv",6
"2023-12-09","00:00:00",7.5,"iButton_R6.csv",6
"2023-12-09","04:15:00",7.5,"iButton_R6.csv",6
"2023-12-09","08:30:00",7.5,"iButton_R6.csv",6
"2023-12-09","12:45:00",7.5,"iButton_R6.csv",6
"2023-12-09","17:00:00",7.5,"iButton_R6.csv",6
"2023-12-09","21:15:00",7.5,"iButton_R6.csv",6
"2023-12-10","01:30:00",7.5,"iButton_R6.csv",6
"2023-12-10","05:45:00",7.5,"iButton_R6.csv",6
"2023-12-10","10:00:00",7.5,"iButton_R6.csv",6
"2023-12-10","14:15:00",7.5,"iButton_R6.csv",6
"2023-12-10","18:30:00",7.5,"iButton_R6.csv",6
"2023-12-10","22:45:00",7.5,"iButton_R6.csv",6
"2023-12-11","03:00:00",7.5,"iButton_R6.csv",6
"2023-12-11","07:15:00",7.5,"iButton_R6.csv",6
"2023-12-11","11:30:00",7.5,"iButton_R6.csv",6
"2023-12-11","15:45:00",7.5,"iButton_R6.csv",6
"2023-12-11","20:00:00",7.5,"iButton_R6.csv",6
"2023-12-12","00:15:00",7,"iButton_R6.csv",6
"2023-12-12","04:30:00",7,"iButton_R6.csv",6
"2023-12-12","08:45:00",7,"iButton_R6.csv",6
"2023-12-12","13:00:00",7,"iButton_R6.csv",6
"2023-12-12","17:15:00",7,"iButton_R6.csv",6
"2023-12-12","21:30:00",7,"iButton_R6.csv",6
"2023-12-13","01:45:00",7,"iButton_R6.csv",6
"2023-12-13","06:00:00",7.5,"iButton_R6.csv",6
"2023-12-13","10:15:00",7.5,"iButton_R6.csv",6
"2023-12-13","14:30:00",7.5,"iButton_R6.csv",6
"2023-12-13","18:45:00",7.5,"iButton_R6.csv",6
"2023-12-13","23:00:00",7.5,"iButton_R6.csv",6
"2023-12-14","03:15:00",7.5,"iButton_R6.csv",6
"2023-12-14","07:30:00",7.5,"iButton_R6.csv",6
"2023-12-14","11:45:00",7.5,"iButton_R6.csv",6
"2023-12-14","16:00:00",7.5,"iButton_R6.csv",6
"2023-12-14","20:15:00",7,"iButton_R6.csv",6
"2023-12-15","00:30:00",7,"iButton_R6.csv",6
"2023-12-15","04:45:00",7,"iButton_R6.csv",6
"2023-12-15","09:00:00",7,"iButton_R6.csv",6
"2023-12-15","13:15:00",7,"iButton_R6.csv",6
"2023-12-15","17:30:00",7,"iButton_R6.csv",6
"2023-12-15","21:45:00",7,"iButton_R6.csv",6
"2023-12-16","02:00:00",7,"iButton_R6.csv",6
"2023-12-16","06:15:00",7,"iButton_R6.csv",6
"2023-12-16","10:30:00",7,"iButton_R6.csv",6
"2023-12-16","14:45:00",7,"iButton_R6.csv",6
"2023-12-16","19:00:00",7,"iButton_R6.csv",6
"2023-12-16","23:15:00",7,"iButton_R6.csv",6
"2023-12-17","03:30:00",7,"iButton_R6.csv",6
"2023-12-17","07:45:00",7,"iButton_R6.csv",6
"2023-12-17","12:00:00",7,"iButton_R6.csv",6
"2023-12-17","16:15:00",7,"iButton_R6.csv",6
"2023-12-17","20:30:00",7,"iButton_R6.csv",6
"2023-12-18","00:45:00",7,"iButton_R6.csv",6
"2023-12-18","05:00:00",7,"iButton_R6.csv",6
"2023-12-18","09:15:00",7,"iButton_R6.csv",6
"2023-12-18","13:30:00",7,"iButton_R6.csv",6
"2023-12-18","17:45:00",7,"iButton_R6.csv",6
"2023-12-18","22:00:00",7,"iButton_R6.csv",6
"2023-12-19","02:15:00",7,"iButton_R6.csv",6
"2023-12-19","06:30:00",7,"iButton_R6.csv",6
"2023-12-19","10:45:00",7,"iButton_R6.csv",6
"2023-12-19","15:00:00",7,"iButton_R6.csv",6
"2023-12-19","19:15:00",7,"iButton_R6.csv",6
"2023-12-19","23:30:00",7,"iButton_R6.csv",6
"2023-12-20","03:45:00",7,"iButton_R6.csv",6
"2023-12-20","08:00:00",7,"iButton_R6.csv",6
"2023-12-20","12:15:00",7,"iButton_R6.csv",6
"2023-12-20","16:30:00",7,"iButton_R6.csv",6
"2023-12-20","20:45:00",7,"iButton_R6.csv",6
"2023-12-21","01:00:00",7,"iButton_R6.csv",6
"2023-12-21","05:15:00",7,"iButton_R6.csv",6
"2023-12-21","09:30:00",7,"iButton_R6.csv",6
"2023-12-21","13:45:00",7,"iButton_R6.csv",6
"2023-12-21","18:00:00",7,"iButton_R6.csv",6
"2023-12-21","22:15:00",7,"iButton_R6.csv",6
"2023-12-22","02:30:00",7,"iButton_R6.csv",6
"2023-12-22","06:45:00",7,"iButton_R6.csv",6
"2023-12-22","11:00:00",7,"iButton_R6.csv",6
"2023-12-22","15:15:00",7,"iButton_R6.csv",6
"2023-12-22","19:30:00",7,"iButton_R6.csv",6
"2023-12-22","23:45:00",7,"iButton_R6.csv",6
"2023-12-23","04:00:00",7,"iButton_R6.csv",6
"2023-12-23","08:15:00",7,"iButton_R6.csv",6
"2023-12-23","12:30:00",7,"iButton_R6.csv",6
"2023-12-23","16:45:00",7,"iButton_R6.csv",6
"2023-12-23","21:00:00",7,"iButton_R6.csv",6
"2023-12-24","01:15:00",7,"iButton_R6.csv",6
"2023-12-24","05:30:00",7,"iButton_R6.csv",6
"2023-12-24","09:45:00",7,"iButton_R6.csv",6
"2023-12-24","14:00:00",7,"iButton_R6.csv",6
"2023-12-24","18:15:00",7.5,"iButton_R6.csv",6
"2023-12-24","22:30:00",7.5,"iButton_R6.csv",6
"2023-12-25","02:45:00",7.5,"iButton_R6.csv",6
"2023-12-25","07:00:00",7.5,"iButton_R6.csv",6
"2023-12-25","11:15:00",7.5,"iButton_R6.csv",6
"2023-12-25","15:30:00",7.5,"iButton_R6.csv",6
"2023-12-25","19:45:00",7,"iButton_R6.csv",6
"2023-12-26","00:00:00",7.5,"iButton_R6.csv",6
"2023-12-26","04:15:00",7.5,"iButton_R6.csv",6
"2023-12-26","08:30:00",7.5,"iButton_R6.csv",6
"2023-12-26","12:45:00",7.5,"iButton_R6.csv",6
"2023-12-26","17:00:00",7.5,"iButton_R6.csv",6
"2023-12-26","21:15:00",7.5,"iButton_R6.csv",6
"2023-12-27","01:30:00",7,"iButton_R6.csv",6
"2023-12-27","05:45:00",7,"iButton_R6.csv",6
"2023-12-27","10:00:00",7,"iButton_R6.csv",6
"2023-12-27","14:15:00",7,"iButton_R6.csv",6
"2023-12-27","18:30:00",7,"iButton_R6.csv",6
"2023-12-27","22:45:00",7,"iButton_R6.csv",6
"2023-12-28","03:00:00",7,"iButton_R6.csv",6
"2023-12-28","07:15:00",7.5,"iButton_R6.csv",6
"2023-12-28","11:30:00",7.5,"iButton_R6.csv",6
"2023-12-28","15:45:00",7.5,"iButton_R6.csv",6
"2023-12-28","20:00:00",7.5,"iButton_R6.csv",6
"2023-12-29","00:15:00",7.5,"iButton_R6.csv",6
"2023-12-29","04:30:00",7.5,"iButton_R6.csv",6
"2023-12-29","08:45:00",7.5,"iButton_R6.csv",6
"2023-12-29","13:00:00",7.5,"iButton_R6.csv",6
"2023-12-29","17:15:00",7.5,"iButton_R6.csv",6
"2023-12-29","21:30:00",7.5,"iButton_R6.csv",6
"2023-12-30","01:45:00",7.5,"iButton_R6.csv",6
"2023-12-30","06:00:00",7.5,"iButton_R6.csv",6
"2023-12-30","10:15:00",7.5,"iButton_R6.csv",6
"2023-12-30","14:30:00",7.5,"iButton_R6.csv",6
"2023-12-30","18:45:00",7.5,"iButton_R6.csv",6
"2023-12-30","23:00:00",7.5,"iButton_R6.csv",6
"2023-12-31","03:15:00",7.5,"iButton_R6.csv",6
"2023-12-31","07:30:00",7.5,"iButton_R6.csv",6
"2023-12-31","11:45:00",7.5,"iButton_R6.csv",6
"2023-12-31","16:00:00",7.5,"iButton_R6.csv",6
"2023-12-31","20:15:00",7.5,"iButton_R6.csv",6
"2024-01-01","00:30:00",7.5,"iButton_R6.csv",6
"2024-01-01","04:45:00",7.5,"iButton_R6.csv",6
"2024-01-01","09:00:00",7.5,"iButton_R6.csv",6
"2024-01-01","13:15:00",7.5,"iButton_R6.csv",6
"2024-01-01","17:30:00",7.5,"iButton_R6.csv",6
"2024-01-01","21:45:00",7.5,"iButton_R6.csv",6
"2024-01-02","02:00:00",7.5,"iButton_R6.csv",6
"2024-01-02","06:15:00",7.5,"iButton_R6.csv",6
"2024-01-02","10:30:00",7.5,"iButton_R6.csv",6
"2024-01-02","14:45:00",7.5,"iButton_R6.csv",6
"2024-01-02","19:00:00",7.5,"iButton_R6.csv",6
"2024-01-02","23:15:00",7.5,"iButton_R6.csv",6
"2024-01-03","03:30:00",7.5,"iButton_R6.csv",6
"2024-01-03","07:45:00",7.5,"iButton_R6.csv",6
"2024-01-03","12:00:00",7.5,"iButton_R6.csv",6
"2024-01-03","16:15:00",7.5,"iButton_R6.csv",6
"2024-01-03","20:30:00",7.5,"iButton_R6.csv",6
"2024-01-04","00:45:00",7.5,"iButton_R6.csv",6
"2024-01-04","05:00:00",7.5,"iButton_R6.csv",6
"2024-01-04","09:15:00",7.5,"iButton_R6.csv",6
"2024-01-04","13:30:00",7.5,"iButton_R6.csv",6
"2024-01-04","17:45:00",7.5,"iButton_R6.csv",6
"2024-01-04","22:00:00",7.5,"iButton_R6.csv",6
"2024-01-05","02:15:00",7,"iButton_R6.csv",6
"2024-01-05","06:30:00",7,"iButton_R6.csv",6
"2024-01-05","10:45:00",7,"iButton_R6.csv",6
"2024-01-05","15:00:00",7,"iButton_R6.csv",6
"2024-01-05","19:15:00",7,"iButton_R6.csv",6
"2024-01-05","23:30:00",7,"iButton_R6.csv",6
"2024-01-06","03:45:00",7.5,"iButton_R6.csv",6
"2024-01-06","08:00:00",7,"iButton_R6.csv",6
"2024-01-06","12:15:00",7.5,"iButton_R6.csv",6
"2024-01-06","16:30:00",7.5,"iButton_R6.csv",6
"2024-01-06","20:45:00",7,"iButton_R6.csv",6
"2024-01-07","01:00:00",7,"iButton_R6.csv",6
"2024-01-07","05:15:00",7,"iButton_R6.csv",6
"2024-01-07","09:30:00",7,"iButton_R6.csv",6
"2024-01-07","13:45:00",7,"iButton_R6.csv",6
"2024-01-07","18:00:00",7,"iButton_R6.csv",6
"2024-01-07","22:15:00",7.5,"iButton_R6.csv",6
"2024-01-08","02:30:00",7,"iButton_R6.csv",6
"2024-01-08","06:45:00",7,"iButton_R6.csv",6
"2024-01-08","11:00:00",7,"iButton_R6.csv",6
"2024-01-08","15:15:00",7,"iButton_R6.csv",6
"2024-01-08","19:30:00",7,"iButton_R6.csv",6
"2024-01-08","23:45:00",6.5,"iButton_R6.csv",6
"2024-01-09","04:00:00",6.5,"iButton_R6.csv",6
"2024-01-09","08:15:00",6.5,"iButton_R6.csv",6
"2024-01-09","12:30:00",6.5,"iButton_R6.csv",6
"2024-01-09","16:45:00",6.5,"iButton_R6.csv",6
"2024-01-09","21:00:00",6.5,"iButton_R6.csv",6
"2024-01-10","01:15:00",6.5,"iButton_R6.csv",6
"2024-01-10","05:30:00",6.5,"iButton_R6.csv",6
"2024-01-10","09:45:00",6.5,"iButton_R6.csv",6
"2024-01-10","14:00:00",6.5,"iButton_R6.csv",6
"2024-01-10","18:15:00",6.5,"iButton_R6.csv",6
"2024-01-10","22:30:00",6.5,"iButton_R6.csv",6
"2024-01-11","02:45:00",6.5,"iButton_R6.csv",6
"2024-01-11","07:00:00",6.5,"iButton_R6.csv",6
"2024-01-11","11:15:00",6.5,"iButton_R6.csv",6
"2024-01-11","15:30:00",6.5,"iButton_R6.csv",6
"2024-01-11","19:45:00",6.5,"iButton_R6.csv",6
"2024-01-12","00:00:00",6.5,"iButton_R6.csv",6
"2024-01-12","04:15:00",6.5,"iButton_R6.csv",6
"2024-01-12","08:30:00",6.5,"iButton_R6.csv",6
"2024-01-12","12:45:00",6,"iButton_R6.csv",6
"2024-01-12","17:00:00",6,"iButton_R6.csv",6
"2024-01-12","21:15:00",6.5,"iButton_R6.csv",6
"2024-01-13","01:30:00",6.5,"iButton_R6.csv",6
"2024-01-13","05:45:00",6.5,"iButton_R6.csv",6
"2024-01-13","10:00:00",6,"iButton_R6.csv",6
"2024-01-13","14:15:00",6,"iButton_R6.csv",6
"2024-01-13","18:30:00",6.5,"iButton_R6.csv",6
"2024-01-13","22:45:00",6.5,"iButton_R6.csv",6
"2024-01-14","03:00:00",6.5,"iButton_R6.csv",6
"2024-01-14","07:15:00",6,"iButton_R6.csv",6
"2024-01-14","11:30:00",6,"iButton_R6.csv",6
"2024-01-14","15:45:00",6,"iButton_R6.csv",6
"2024-01-14","20:00:00",6,"iButton_R6.csv",6
"2024-01-15","00:15:00",6,"iButton_R6.csv",6
"2024-01-15","04:30:00",6,"iButton_R6.csv",6
"2024-01-15","08:45:00",6,"iButton_R6.csv",6
"2024-01-15","13:00:00",6,"iButton_R6.csv",6
"2024-01-15","17:15:00",6,"iButton_R6.csv",6
"2024-01-15","21:30:00",6,"iButton_R6.csv",6
"2024-01-16","01:45:00",6,"iButton_R6.csv",6
"2024-01-16","06:00:00",6,"iButton_R6.csv",6
"2024-01-16","10:15:00",6,"iButton_R6.csv",6
"2024-01-16","14:30:00",6,"iButton_R6.csv",6
"2024-01-16","18:45:00",6,"iButton_R6.csv",6
"2024-01-16","23:00:00",6,"iButton_R6.csv",6
"2024-01-17","03:15:00",6,"iButton_R6.csv",6
"2024-01-17","07:30:00",6,"iButton_R6.csv",6
"2024-01-17","11:45:00",6,"iButton_R6.csv",6
"2024-01-17","16:00:00",6,"iButton_R6.csv",6
"2024-01-17","20:15:00",6,"iButton_R6.csv",6
"2024-01-18","00:30:00",6,"iButton_R6.csv",6
"2024-01-18","04:45:00",6,"iButton_R6.csv",6
"2024-01-18","09:00:00",6,"iButton_R6.csv",6
"2024-01-18","13:15:00",6,"iButton_R6.csv",6
"2024-01-18","17:30:00",6,"iButton_R6.csv",6
"2024-01-18","21:45:00",6,"iButton_R6.csv",6
"2024-01-19","02:00:00",5.5,"iButton_R6.csv",6
"2024-01-19","06:15:00",6,"iButton_R6.csv",6
"2024-01-19","10:30:00",5.5,"iButton_R6.csv",6
"2024-01-19","14:45:00",6,"iButton_R6.csv",6
"2024-01-19","19:00:00",6,"iButton_R6.csv",6
"2024-01-19","23:15:00",6,"iButton_R6.csv",6
"2024-01-20","03:30:00",6,"iButton_R6.csv",6
"2024-01-20","07:45:00",6,"iButton_R6.csv",6
"2024-01-20","12:00:00",6,"iButton_R6.csv",6
"2024-01-20","16:15:00",6,"iButton_R6.csv",6
"2024-01-20","20:30:00",6,"iButton_R6.csv",6
"2024-01-21","00:45:00",6,"iButton_R6.csv",6
"2024-01-21","05:00:00",5.5,"iButton_R6.csv",6
"2024-01-21","09:15:00",5.5,"iButton_R6.csv",6
"2024-01-21","13:30:00",5.5,"iButton_R6.csv",6
"2024-01-21","17:45:00",6,"iButton_R6.csv",6
"2024-01-21","22:00:00",6,"iButton_R6.csv",6
"2024-01-22","02:15:00",6,"iButton_R6.csv",6
"2024-01-22","06:30:00",6,"iButton_R6.csv",6
"2024-01-22","10:45:00",6,"iButton_R6.csv",6
"2024-01-22","15:00:00",6,"iButton_R6.csv",6
"2024-01-22","19:15:00",6,"iButton_R6.csv",6
"2024-01-22","23:30:00",6,"iButton_R6.csv",6
"2024-01-23","03:45:00",6,"iButton_R6.csv",6
"2024-01-23","08:00:00",6,"iButton_R6.csv",6
"2024-01-23","12:15:00",6,"iButton_R6.csv",6
"2024-01-23","16:30:00",6,"iButton_R6.csv",6
"2024-01-23","20:45:00",6,"iButton_R6.csv",6
"2024-01-24","01:00:00",6,"iButton_R6.csv",6
"2024-01-24","05:15:00",6,"iButton_R6.csv",6
"2024-01-24","09:30:00",6,"iButton_R6.csv",6
"2024-01-24","13:45:00",6,"iButton_R6.csv",6
"2024-01-24","18:00:00",6,"iButton_R6.csv",6
"2024-01-24","22:15:00",6,"iButton_R6.csv",6
"2024-01-25","02:30:00",6,"iButton_R6.csv",6
"2024-01-25","06:45:00",6,"iButton_R6.csv",6
"2024-01-25","11:00:00",6,"iButton_R6.csv",6
"2024-01-25","15:15:00",6,"iButton_R6.csv",6
"2024-01-25","19:30:00",6,"iButton_R6.csv",6
"2024-01-25","23:45:00",6,"iButton_R6.csv",6
"2024-01-26","04:00:00",6,"iButton_R6.csv",6
"2024-01-26","08:15:00",6,"iButton_R6.csv",6
"2024-01-26","12:30:00",6,"iButton_R6.csv",6
"2024-01-26","16:45:00",6,"iButton_R6.csv",6
"2024-01-26","21:00:00",6,"iButton_R6.csv",6
"2024-01-27","01:15:00",6,"iButton_R6.csv",6
"2024-01-27","05:30:00",6,"iButton_R6.csv",6
"2024-01-27","09:45:00",6,"iButton_R6.csv",6
"2024-01-27","14:00:00",6,"iButton_R6.csv",6
"2024-01-27","18:15:00",6,"iButton_R6.csv",6
"2024-01-27","22:30:00",6,"iButton_R6.csv",6
"2024-01-28","02:45:00",6,"iButton_R6.csv",6
"2024-01-28","07:00:00",6,"iButton_R6.csv",6
"2024-01-28","11:15:00",6,"iButton_R6.csv",6
"2024-01-28","15:30:00",6,"iButton_R6.csv",6
"2024-01-28","19:45:00",6,"iButton_R6.csv",6
"2024-01-29","00:00:00",6,"iButton_R6.csv",6
"2024-01-29","04:15:00",6,"iButton_R6.csv",6
"2024-01-29","08:30:00",6,"iButton_R6.csv",6
"2024-01-29","12:45:00",6,"iButton_R6.csv",6
"2024-01-29","17:00:00",6,"iButton_R6.csv",6
"2024-01-29","21:15:00",6,"iButton_R6.csv",6
"2024-01-30","01:30:00",6,"iButton_R6.csv",6
"2024-01-30","05:45:00",6,"iButton_R6.csv",6
"2024-01-30","10:00:00",6,"iButton_R6.csv",6
"2024-01-30","14:15:00",6,"iButton_R6.csv",6
"2024-01-30","18:30:00",6,"iButton_R6.csv",6
"2024-01-30","22:45:00",6,"iButton_R6.csv",6
"2024-01-31","03:00:00",6,"iButton_R6.csv",6
"2024-01-31","07:15:00",6,"iButton_R6.csv",6
"2024-01-31","11:30:00",6,"iButton_R6.csv",6
"2024-01-31","15:45:00",6,"iButton_R6.csv",6
"2024-01-31","20:00:00",6,"iButton_R6.csv",6
"2024-02-01","00:15:00",6,"iButton_R6.csv",6
"2024-02-01","04:30:00",6,"iButton_R6.csv",6
"2024-02-01","08:45:00",6,"iButton_R6.csv",6
"2024-02-01","13:00:00",6,"iButton_R6.csv",6
"2024-02-01","17:15:00",6,"iButton_R6.csv",6
"2024-02-01","21:30:00",6,"iButton_R6.csv",6
"2024-02-02","01:45:00",6,"iButton_R6.csv",6
"2024-02-02","06:00:00",6,"iButton_R6.csv",6
"2024-02-02","10:15:00",6,"iButton_R6.csv",6
"2024-02-02","14:30:00",6,"iButton_R6.csv",6
"2024-02-02","18:45:00",6,"iButton_R6.csv",6
"2024-02-02","23:00:00",6,"iButton_R6.csv",6
"2024-02-03","03:15:00",6,"iButton_R6.csv",6
"2024-02-03","07:30:00",6,"iButton_R6.csv",6
"2024-02-03","11:45:00",6,"iButton_R6.csv",6
"2024-02-03","16:00:00",6,"iButton_R6.csv",6
"2024-02-03","20:15:00",6,"iButton_R6.csv",6
"2024-02-04","00:30:00",6,"iButton_R6.csv",6
"2024-02-04","04:45:00",6,"iButton_R6.csv",6
"2024-02-04","09:00:00",6,"iButton_R6.csv",6
"2024-02-04","13:15:00",6,"iButton_R6.csv",6
"2024-02-04","17:30:00",6,"iButton_R6.csv",6
"2024-02-04","21:45:00",6,"iButton_R6.csv",6
"2024-02-05","02:00:00",6,"iButton_R6.csv",6
"2024-02-05","06:15:00",6,"iButton_R6.csv",6
"2024-02-05","10:30:00",6.5,"iButton_R6.csv",6
"2024-02-05","14:45:00",6.5,"iButton_R6.csv",6
"2024-02-05","19:00:00",6.5,"iButton_R6.csv",6
"2024-02-05","23:15:00",6,"iButton_R6.csv",6
"2024-02-06","03:30:00",6.5,"iButton_R6.csv",6
"2024-02-06","07:45:00",6.5,"iButton_R6.csv",6
"2024-02-06","12:00:00",6.5,"iButton_R6.csv",6
"2024-02-06","16:15:00",6.5,"iButton_R6.csv",6
"2024-02-06","20:30:00",6.5,"iButton_R6.csv",6
"2024-02-07","00:45:00",6.5,"iButton_R6.csv",6
"2024-02-07","05:00:00",6.5,"iButton_R6.csv",6
"2024-02-07","09:15:00",6,"iButton_R6.csv",6
"2024-02-07","13:30:00",6,"iButton_R6.csv",6
"2024-02-07","17:45:00",6,"iButton_R6.csv",6
"2024-02-07","22:00:00",6,"iButton_R6.csv",6
"2024-02-08","02:15:00",6,"iButton_R6.csv",6
"2024-02-08","06:30:00",6,"iButton_R6.csv",6
"2024-02-08","10:45:00",6,"iButton_R6.csv",6
"2024-02-08","15:00:00",6,"iButton_R6.csv",6
"2024-02-08","19:15:00",6,"iButton_R6.csv",6
"2024-02-08","23:30:00",6,"iButton_R6.csv",6
"2024-02-09","03:45:00",6,"iButton_R6.csv",6
"2024-02-09","08:00:00",6,"iButton_R6.csv",6
"2024-02-09","12:15:00",6,"iButton_R6.csv",6
"2024-02-09","16:30:00",6,"iButton_R6.csv",6
"2024-02-09","20:45:00",6,"iButton_R6.csv",6
"2024-02-10","01:00:00",6,"iButton_R6.csv",6
"2024-02-10","05:15:00",6,"iButton_R6.csv",6
"2024-02-10","09:30:00",6.5,"iButton_R6.csv",6
"2024-02-10","13:45:00",6.5,"iButton_R6.csv",6
"2024-02-10","18:00:00",6.5,"iButton_R6.csv",6
"2024-02-10","22:15:00",6.5,"iButton_R6.csv",6
"2024-02-11","02:30:00",6.5,"iButton_R6.csv",6
"2024-02-11","06:45:00",6.5,"iButton_R6.csv",6
"2024-02-11","11:00:00",6.5,"iButton_R6.csv",6
"2024-02-11","15:15:00",6.5,"iButton_R6.csv",6
"2024-02-11","19:30:00",6.5,"iButton_R6.csv",6
"2024-02-11","23:45:00",6.5,"iButton_R6.csv",6
"2024-02-12","04:00:00",6.5,"iButton_R6.csv",6
"2024-02-12","08:15:00",6,"iButton_R6.csv",6
"2024-02-12","12:30:00",6,"iButton_R6.csv",6
"2024-02-12","16:45:00",6,"iButton_R6.csv",6
"2024-02-12","21:00:00",6,"iButton_R6.csv",6
"2024-02-13","01:15:00",6,"iButton_R6.csv",6
"2024-02-13","05:30:00",6,"iButton_R6.csv",6
"2024-02-13","09:45:00",6,"iButton_R6.csv",6
"2024-02-13","14:00:00",6,"iButton_R6.csv",6
"2024-02-13","18:15:00",6,"iButton_R6.csv",6
"2024-02-13","22:30:00",6,"iButton_R6.csv",6
"2024-02-14","02:45:00",6,"iButton_R6.csv",6
"2024-02-14","07:00:00",6,"iButton_R6.csv",6
"2024-02-14","11:15:00",6,"iButton_R6.csv",6
"2024-02-14","15:30:00",6,"iButton_R6.csv",6
"2024-02-14","19:45:00",6,"iButton_R6.csv",6
"2024-02-15","00:00:00",6.5,"iButton_R6.csv",6
"2024-02-15","04:15:00",6.5,"iButton_R6.csv",6
"2024-02-15","08:30:00",6.5,"iButton_R6.csv",6
"2024-02-15","12:45:00",6.5,"iButton_R6.csv",6
"2024-02-15","17:00:00",6.5,"iButton_R6.csv",6
"2024-02-15","21:15:00",6.5,"iButton_R6.csv",6
"2024-02-16","01:30:00",6.5,"iButton_R6.csv",6
"2024-02-16","05:45:00",6.5,"iButton_R6.csv",6
"2024-02-16","10:00:00",6.5,"iButton_R6.csv",6
"2024-02-16","14:15:00",6.5,"iButton_R6.csv",6
"2024-02-16","18:30:00",6.5,"iButton_R6.csv",6
"2024-02-16","22:45:00",6.5,"iButton_R6.csv",6
"2024-02-17","03:00:00",6.5,"iButton_R6.csv",6
"2024-02-17","07:15:00",6.5,"iButton_R6.csv",6
"2024-02-17","11:30:00",6.5,"iButton_R6.csv",6
"2024-02-17","15:45:00",6.5,"iButton_R6.csv",6
"2024-02-17","20:00:00",6.5,"iButton_R6.csv",6
"2024-02-18","00:15:00",6.5,"iButton_R6.csv",6
"2024-02-18","04:30:00",6,"iButton_R6.csv",6
"2024-02-18","08:45:00",6,"iButton_R6.csv",6
"2024-02-18","13:00:00",6.5,"iButton_R6.csv",6
"2024-02-18","17:15:00",6.5,"iButton_R6.csv",6
"2024-02-18","21:30:00",6.5,"iButton_R6.csv",6
"2024-02-19","01:45:00",6.5,"iButton_R6.csv",6
"2024-02-19","06:00:00",6.5,"iButton_R6.csv",6
"2024-02-19","10:15:00",6.5,"iButton_R6.csv",6
"2024-02-19","14:30:00",6.5,"iButton_R6.csv",6
"2024-02-19","18:45:00",6.5,"iButton_R6.csv",6
"2024-02-19","23:00:00",6.5,"iButton_R6.csv",6
"2024-02-20","03:15:00",6.5,"iButton_R6.csv",6
"2024-02-20","07:30:00",6.5,"iButton_R6.csv",6
"2024-02-20","11:45:00",6.5,"iButton_R6.csv",6
"2024-02-20","16:00:00",6.5,"iButton_R6.csv",6
"2024-02-20","20:15:00",6.5,"iButton_R6.csv",6
"2024-02-21","00:30:00",6.5,"iButton_R6.csv",6
"2024-02-21","04:45:00",6.5,"iButton_R6.csv",6
"2024-02-21","09:00:00",6.5,"iButton_R6.csv",6
"2024-02-21","13:15:00",6.5,"iButton_R6.csv",6
"2024-02-21","17:30:00",6.5,"iButton_R6.csv",6
"2024-02-21","21:45:00",6.5,"iButton_R6.csv",6
"2024-02-22","02:00:00",6.5,"iButton_R6.csv",6
"2024-02-22","06:15:00",6.5,"iButton_R6.csv",6
"2024-02-22","10:30:00",6.5,"iButton_R6.csv",6
"2024-02-22","14:45:00",6.5,"iButton_R6.csv",6
"2024-02-22","19:00:00",6.5,"iButton_R6.csv",6
"2024-02-22","23:15:00",6.5,"iButton_R6.csv",6
"2024-02-23","03:30:00",6.5,"iButton_R6.csv",6
"2024-02-23","07:45:00",6.5,"iButton_R6.csv",6
"2024-02-23","12:00:00",6.5,"iButton_R6.csv",6
"2024-02-23","16:15:00",6.5,"iButton_R6.csv",6
"2024-02-23","20:30:00",6.5,"iButton_R6.csv",6
"2024-02-24","00:45:00",6.5,"iButton_R6.csv",6
"2024-02-24","05:00:00",6.5,"iButton_R6.csv",6
"2024-02-24","09:15:00",6.5,"iButton_R6.csv",6
"2024-02-24","13:30:00",6.5,"iButton_R6.csv",6
"2024-02-24","17:45:00",6.5,"iButton_R6.csv",6
"2024-02-24","22:00:00",6.5,"iButton_R6.csv",6
"2024-02-25","02:15:00",6.5,"iButton_R6.csv",6
"2024-02-25","06:30:00",6.5,"iButton_R6.csv",6
"2024-02-25","10:45:00",6.5,"iButton_R6.csv",6
"2024-02-25","15:00:00",6.5,"iButton_R6.csv",6
"2024-02-25","19:15:00",6.5,"iButton_R6.csv",6
"2024-02-25","23:30:00",6.5,"iButton_R6.csv",6
"2024-02-26","03:45:00",6.5,"iButton_R6.csv",6
"2024-02-26","08:00:00",6.5,"iButton_R6.csv",6
"2024-02-26","12:15:00",6.5,"iButton_R6.csv",6
"2024-02-26","16:30:00",6.5,"iButton_R6.csv",6
"2024-02-26","20:45:00",6.5,"iButton_R6.csv",6
"2024-02-27","01:00:00",6.5,"iButton_R6.csv",6
"2024-02-27","05:15:00",6.5,"iButton_R6.csv",6
"2024-02-27","09:30:00",6.5,"iButton_R6.csv",6
"2024-02-27","13:45:00",6.5,"iButton_R6.csv",6
"2024-02-27","18:00:00",6.5,"iButton_R6.csv",6
"2024-02-27","22:15:00",6.5,"iButton_R6.csv",6
"2024-02-28","02:30:00",6.5,"iButton_R6.csv",6
"2024-02-28","06:45:00",6.5,"iButton_R6.csv",6
"2024-02-28","11:00:00",6.5,"iButton_R6.csv",6
"2024-02-28","15:15:00",6.5,"iButton_R6.csv",6
"2024-02-28","19:30:00",6.5,"iButton_R6.csv",6
"2024-02-28","23:45:00",6.5,"iButton_R6.csv",6
"2024-02-29","04:00:00",6.5,"iButton_R6.csv",6
"2024-02-29","08:15:00",6.5,"iButton_R6.csv",6
"2024-02-29","12:30:00",6.5,"iButton_R6.csv",6
"2024-02-29","16:45:00",6.5,"iButton_R6.csv",6
"2024-02-29","21:00:00",6.5,"iButton_R6.csv",6
"2024-03-01","01:15:00",6.5,"iButton_R6.csv",6
"2024-03-01","05:30:00",6.5,"iButton_R6.csv",6
"2024-03-01","09:45:00",6.5,"iButton_R6.csv",6
"2024-03-01","14:00:00",6.5,"iButton_R6.csv",6
"2024-03-01","18:15:00",6.5,"iButton_R6.csv",6
"2024-03-01","22:30:00",6.5,"iButton_R6.csv",6
"2024-03-02","02:45:00",6.5,"iButton_R6.csv",6
"2024-03-02","07:00:00",6.5,"iButton_R6.csv",6
"2024-03-02","11:15:00",6.5,"iButton_R6.csv",6
"2024-03-02","15:30:00",6.5,"iButton_R6.csv",6
"2024-03-02","19:45:00",6.5,"iButton_R6.csv",6
"2024-03-03","00:00:00",6.5,"iButton_R6.csv",6
"2024-03-03","04:15:00",6.5,"iButton_R6.csv",6
"2024-03-03","08:30:00",6.5,"iButton_R6.csv",6
"2024-03-03","12:45:00",6.5,"iButton_R6.csv",6
"2024-03-03","17:00:00",6.5,"iButton_R6.csv",6
"2024-03-03","21:15:00",6.5,"iButton_R6.csv",6
"2024-03-04","01:30:00",6.5,"iButton_R6.csv",6
"2024-03-04","05:45:00",6.5,"iButton_R6.csv",6
"2024-03-04","10:00:00",6.5,"iButton_R6.csv",6
"2024-03-04","14:15:00",6.5,"iButton_R6.csv",6
"2024-03-04","18:30:00",6.5,"iButton_R6.csv",6
"2024-03-04","22:45:00",6.5,"iButton_R6.csv",6
"2024-03-05","03:00:00",6.5,"iButton_R6.csv",6
"2024-03-05","07:15:00",6.5,"iButton_R6.csv",6
"2024-03-05","11:30:00",6.5,"iButton_R6.csv",6
"2024-03-05","15:45:00",6.5,"iButton_R6.csv",6
"2024-03-05","20:00:00",6.5,"iButton_R6.csv",6
"2024-03-06","00:15:00",6.5,"iButton_R6.csv",6
"2024-03-06","04:30:00",6.5,"iButton_R6.csv",6
"2024-03-06","08:45:00",6.5,"iButton_R6.csv",6
"2024-03-06","13:00:00",6.5,"iButton_R6.csv",6
"2024-03-06","17:15:00",6.5,"iButton_R6.csv",6
"2024-03-06","21:30:00",6.5,"iButton_R6.csv",6
"2024-03-07","01:45:00",6.5,"iButton_R6.csv",6
"2024-03-07","06:00:00",6.5,"iButton_R6.csv",6
"2024-03-07","10:15:00",6.5,"iButton_R6.csv",6
"2024-03-07","14:30:00",6.5,"iButton_R6.csv",6
"2024-03-07","18:45:00",6.5,"iButton_R6.csv",6
"2024-03-07","23:00:00",6.5,"iButton_R6.csv",6
"2024-03-08","03:15:00",6.5,"iButton_R6.csv",6
"2024-03-08","07:30:00",6.5,"iButton_R6.csv",6
"2024-03-08","11:45:00",6.5,"iButton_R6.csv",6
"2024-03-08","16:00:00",6.5,"iButton_R6.csv",6
"2024-03-08","20:15:00",6.5,"iButton_R6.csv",6
"2024-03-09","00:30:00",6.5,"iButton_R6.csv",6
"2024-03-09","04:45:00",6.5,"iButton_R6.csv",6
"2024-03-09","09:00:00",6.5,"iButton_R6.csv",6
"2024-03-09","13:15:00",6.5,"iButton_R6.csv",6
"2024-03-09","17:30:00",6.5,"iButton_R6.csv",6
"2024-03-09","21:45:00",6.5,"iButton_R6.csv",6
"2024-03-10","02:00:00",6.5,"iButton_R6.csv",6
"2024-03-10","06:15:00",6.5,"iButton_R6.csv",6
"2024-03-10","10:30:00",6.5,"iButton_R6.csv",6
"2024-03-10","14:45:00",6.5,"iButton_R6.csv",6
"2024-03-10","19:00:00",6.5,"iButton_R6.csv",6
"2024-03-10","23:15:00",6.5,"iButton_R6.csv",6
"2024-03-11","03:30:00",6.5,"iButton_R6.csv",6
"2024-03-11","07:45:00",6.5,"iButton_R6.csv",6
"2024-03-11","12:00:00",6.5,"iButton_R6.csv",6
"2024-03-11","16:15:00",6.5,"iButton_R6.csv",6
"2024-03-11","20:30:00",6.5,"iButton_R6.csv",6
"2024-03-12","00:45:00",6.5,"iButton_R6.csv",6
"2024-03-12","05:00:00",6.5,"iButton_R6.csv",6
"2024-03-12","09:15:00",6.5,"iButton_R6.csv",6
"2024-03-12","13:30:00",6.5,"iButton_R6.csv",6
"2024-03-12","17:45:00",6.5,"iButton_R6.csv",6
"2024-03-12","22:00:00",6.5,"iButton_R6.csv",6
"2024-03-13","02:15:00",6.5,"iButton_R6.csv",6
"2024-03-13","06:30:00",6.5,"iButton_R6.csv",6
"2024-03-13","10:45:00",6.5,"iButton_R6.csv",6
"2024-03-13","15:00:00",6.5,"iButton_R6.csv",6
"2024-03-13","19:15:00",6.5,"iButton_R6.csv",6
"2024-03-13","23:30:00",6.5,"iButton_R6.csv",6
"2024-03-14","03:45:00",6.5,"iButton_R6.csv",6
"2024-03-14","08:00:00",6.5,"iButton_R6.csv",6
"2024-03-14","12:15:00",6.5,"iButton_R6.csv",6
"2024-03-14","16:30:00",6.5,"iButton_R6.csv",6
"2024-03-14","20:45:00",6.5,"iButton_R6.csv",6
"2024-03-15","01:00:00",6.5,"iButton_R6.csv",6
"2024-03-15","05:15:00",6.5,"iButton_R6.csv",6
"2024-03-15","09:30:00",6.5,"iButton_R6.csv",6
"2024-03-15","13:45:00",6.5,"iButton_R6.csv",6
"2024-03-15","18:00:00",6.5,"iButton_R6.csv",6
"2024-03-15","22:15:00",6.5,"iButton_R6.csv",6
"2024-03-16","02:30:00",6.5,"iButton_R6.csv",6
"2024-03-16","06:45:00",7,"iButton_R6.csv",6
"2024-03-16","11:00:00",7,"iButton_R6.csv",6
"2024-03-16","15:15:00",7,"iButton_R6.csv",6
"2024-03-16","19:30:00",6.5,"iButton_R6.csv",6
"2024-03-16","23:45:00",6.5,"iButton_R6.csv",6
"2024-03-17","04:00:00",6.5,"iButton_R6.csv",6
"2024-03-17","08:15:00",6.5,"iButton_R6.csv",6
"2024-03-17","12:30:00",6.5,"iButton_R6.csv",6
"2024-03-17","16:45:00",6.5,"iButton_R6.csv",6
"2024-03-17","21:00:00",6.5,"iButton_R6.csv",6
"2024-03-18","01:15:00",6.5,"iButton_R6.csv",6
"2024-03-18","05:30:00",6.5,"iButton_R6.csv",6
"2024-03-18","09:45:00",6.5,"iButton_R6.csv",6
"2024-03-18","14:00:00",6.5,"iButton_R6.csv",6
"2024-03-18","18:15:00",6.5,"iButton_R6.csv",6
"2024-03-18","22:30:00",6.5,"iButton_R6.csv",6
"2024-03-19","02:45:00",6.5,"iButton_R6.csv",6
"2024-03-19","07:00:00",6.5,"iButton_R6.csv",6
"2024-03-19","11:15:00",6.5,"iButton_R6.csv",6
"2024-03-19","15:30:00",6.5,"iButton_R6.csv",6
"2024-03-19","19:45:00",6.5,"iButton_R6.csv",6
"2024-03-20","00:00:00",6.5,"iButton_R6.csv",6
"2024-03-20","04:15:00",6.5,"iButton_R6.csv",6
"2024-03-20","08:30:00",6.5,"iButton_R6.csv",6
"2024-03-20","12:45:00",6.5,"iButton_R6.csv",6
"2024-03-20","17:00:00",6.5,"iButton_R6.csv",6
"2024-03-20","21:15:00",6.5,"iButton_R6.csv",6
"2024-03-21","01:30:00",6.5,"iButton_R6.csv",6
"2024-03-21","05:45:00",6.5,"iButton_R6.csv",6
"2024-03-21","10:00:00",6.5,"iButton_R6.csv",6
"2024-03-21","14:15:00",7,"iButton_R6.csv",6
"2024-03-21","18:30:00",7,"iButton_R6.csv",6
"2024-03-21","22:45:00",6.5,"iButton_R6.csv",6
"2024-03-22","03:00:00",6.5,"iButton_R6.csv",6
"2024-03-22","07:15:00",6.5,"iButton_R6.csv",6
"2024-03-22","11:30:00",7,"iButton_R6.csv",6
"2024-03-22","15:45:00",7,"iButton_R6.csv",6
"2024-03-22","20:00:00",7,"iButton_R6.csv",6
"2024-03-23","00:15:00",7,"iButton_R6.csv",6
"2024-03-23","04:30:00",7,"iButton_R6.csv",6
"2024-03-23","08:45:00",7,"iButton_R6.csv",6
"2024-03-23","13:00:00",7,"iButton_R6.csv",6
"2024-03-23","17:15:00",7,"iButton_R6.csv",6
"2024-03-23","21:30:00",7,"iButton_R6.csv",6
"2024-03-24","01:45:00",6.5,"iButton_R6.csv",6
"2024-03-24","06:00:00",6.5,"iButton_R6.csv",6
"2024-03-24","10:15:00",6.5,"iButton_R6.csv",6
"2024-03-24","14:30:00",7,"iButton_R6.csv",6
"2024-03-24","18:45:00",7,"iButton_R6.csv",6
"2024-03-24","23:00:00",7,"iButton_R6.csv",6
"2024-03-25","03:15:00",7,"iButton_R6.csv",6
"2024-03-25","07:30:00",7,"iButton_R6.csv",6
"2024-03-25","11:45:00",7,"iButton_R6.csv",6
"2024-03-25","16:00:00",7,"iButton_R6.csv",6
"2024-03-25","20:15:00",7,"iButton_R6.csv",6
"2024-03-26","00:30:00",6.5,"iButton_R6.csv",6
"2024-03-26","04:45:00",6.5,"iButton_R6.csv",6
"2024-03-26","09:00:00",6.5,"iButton_R6.csv",6
"2024-03-26","13:15:00",7,"iButton_R6.csv",6
"2024-03-26","17:30:00",7,"iButton_R6.csv",6
"2024-03-26","21:45:00",7,"iButton_R6.csv",6
"2024-03-27","02:00:00",7,"iButton_R6.csv",6
"2024-03-27","06:15:00",7,"iButton_R6.csv",6
"2024-03-27","10:30:00",7,"iButton_R6.csv",6
"2024-03-27","14:45:00",7,"iButton_R6.csv",6
"2024-03-27","19:00:00",7,"iButton_R6.csv",6
"2024-03-27","23:15:00",7,"iButton_R6.csv",6
"2024-03-28","03:30:00",7,"iButton_R6.csv",6
"2024-03-28","07:45:00",7,"iButton_R6.csv",6
"2024-03-28","12:00:00",7,"iButton_R6.csv",6
"2024-03-28","16:15:00",7,"iButton_R6.csv",6
"2024-03-28","20:30:00",7,"iButton_R6.csv",6
"2024-03-29","00:45:00",7,"iButton_R6.csv",6
"2024-03-29","05:00:00",7,"iButton_R6.csv",6
"2024-03-29","09:15:00",7,"iButton_R6.csv",6
"2024-03-29","13:30:00",7,"iButton_R6.csv",6
"2024-03-29","17:45:00",7,"iButton_R6.csv",6
"2023-11-03","22:30:00",10.5,"iButton_R7.csv",7
"2023-11-04","02:45:00",10.5,"iButton_R7.csv",7
"2023-11-04","07:00:00",10.5,"iButton_R7.csv",7
"2023-11-04","11:15:00",10.5,"iButton_R7.csv",7
"2023-11-04","15:30:00",10.5,"iButton_R7.csv",7
"2023-11-04","19:45:00",10.5,"iButton_R7.csv",7
"2023-11-05","00:00:00",10,"iButton_R7.csv",7
"2023-11-05","04:15:00",10,"iButton_R7.csv",7
"2023-11-05","08:30:00",10.5,"iButton_R7.csv",7
"2023-11-05","12:45:00",10.5,"iButton_R7.csv",7
"2023-11-05","17:00:00",10.5,"iButton_R7.csv",7
"2023-11-05","21:15:00",10.5,"iButton_R7.csv",7
"2023-11-06","01:30:00",10.5,"iButton_R7.csv",7
"2023-11-06","05:45:00",10.5,"iButton_R7.csv",7
"2023-11-06","10:00:00",10.5,"iButton_R7.csv",7
"2023-11-06","14:15:00",10.5,"iButton_R7.csv",7
"2023-11-06","18:30:00",10.5,"iButton_R7.csv",7
"2023-11-06","22:45:00",10.5,"iButton_R7.csv",7
"2023-11-07","03:00:00",10.5,"iButton_R7.csv",7
"2023-11-07","07:15:00",10,"iButton_R7.csv",7
"2023-11-07","11:30:00",10.5,"iButton_R7.csv",7
"2023-11-07","15:45:00",10.5,"iButton_R7.csv",7
"2023-11-07","20:00:00",10.5,"iButton_R7.csv",7
"2023-11-08","00:15:00",10.5,"iButton_R7.csv",7
"2023-11-08","04:30:00",10,"iButton_R7.csv",7
"2023-11-08","08:45:00",10,"iButton_R7.csv",7
"2023-11-08","13:00:00",10.5,"iButton_R7.csv",7
"2023-11-08","17:15:00",10,"iButton_R7.csv",7
"2023-11-08","21:30:00",10,"iButton_R7.csv",7
"2023-11-09","01:45:00",10,"iButton_R7.csv",7
"2023-11-09","06:00:00",10,"iButton_R7.csv",7
"2023-11-09","10:15:00",10,"iButton_R7.csv",7
"2023-11-09","14:30:00",10,"iButton_R7.csv",7
"2023-11-09","18:45:00",10,"iButton_R7.csv",7
"2023-11-09","23:00:00",10,"iButton_R7.csv",7
"2023-11-10","03:15:00",10,"iButton_R7.csv",7
"2023-11-10","07:30:00",10,"iButton_R7.csv",7
"2023-11-10","11:45:00",10,"iButton_R7.csv",7
"2023-11-10","16:00:00",10,"iButton_R7.csv",7
"2023-11-10","20:15:00",10,"iButton_R7.csv",7
"2023-11-11","00:30:00",10,"iButton_R7.csv",7
"2023-11-11","04:45:00",10,"iButton_R7.csv",7
"2023-11-11","09:00:00",10,"iButton_R7.csv",7
"2023-11-11","13:15:00",10,"iButton_R7.csv",7
"2023-11-11","17:30:00",10,"iButton_R7.csv",7
"2023-11-11","21:45:00",10,"iButton_R7.csv",7
"2023-11-12","02:00:00",9.5,"iButton_R7.csv",7
"2023-11-12","06:15:00",9.5,"iButton_R7.csv",7
"2023-11-12","10:30:00",9.5,"iButton_R7.csv",7
"2023-11-12","14:45:00",10,"iButton_R7.csv",7
"2023-11-12","19:00:00",9.5,"iButton_R7.csv",7
"2023-11-12","23:15:00",9.5,"iButton_R7.csv",7
"2023-11-13","03:30:00",9.5,"iButton_R7.csv",7
"2023-11-13","07:45:00",9.5,"iButton_R7.csv",7
"2023-11-13","12:00:00",9.5,"iButton_R7.csv",7
"2023-11-13","16:15:00",9.5,"iButton_R7.csv",7
"2023-11-13","20:30:00",9.5,"iButton_R7.csv",7
"2023-11-14","00:45:00",9.5,"iButton_R7.csv",7
"2023-11-14","05:00:00",10,"iButton_R7.csv",7
"2023-11-14","09:15:00",10,"iButton_R7.csv",7
"2023-11-14","13:30:00",10,"iButton_R7.csv",7
"2023-11-14","17:45:00",10,"iButton_R7.csv",7
"2023-11-14","22:00:00",10,"iButton_R7.csv",7
"2023-11-15","02:15:00",9.5,"iButton_R7.csv",7
"2023-11-15","06:30:00",9.5,"iButton_R7.csv",7
"2023-11-15","10:45:00",10,"iButton_R7.csv",7
"2023-11-15","15:00:00",9.5,"iButton_R7.csv",7
"2023-11-15","19:15:00",9.5,"iButton_R7.csv",7
"2023-11-15","23:30:00",9.5,"iButton_R7.csv",7
"2023-11-16","03:45:00",9.5,"iButton_R7.csv",7
"2023-11-16","08:00:00",9.5,"iButton_R7.csv",7
"2023-11-16","12:15:00",9.5,"iButton_R7.csv",7
"2023-11-16","16:30:00",9.5,"iButton_R7.csv",7
"2023-11-16","20:45:00",9.5,"iButton_R7.csv",7
"2023-11-17","01:00:00",9.5,"iButton_R7.csv",7
"2023-11-17","05:15:00",9.5,"iButton_R7.csv",7
"2023-11-17","09:30:00",9.5,"iButton_R7.csv",7
"2023-11-17","13:45:00",9.5,"iButton_R7.csv",7
"2023-11-17","18:00:00",9,"iButton_R7.csv",7
"2023-11-17","22:15:00",9,"iButton_R7.csv",7
"2023-11-18","02:30:00",9,"iButton_R7.csv",7
"2023-11-18","06:45:00",9,"iButton_R7.csv",7
"2023-11-18","11:00:00",9,"iButton_R7.csv",7
"2023-11-18","15:15:00",9,"iButton_R7.csv",7
"2023-11-18","19:30:00",9,"iButton_R7.csv",7
"2023-11-18","23:45:00",9,"iButton_R7.csv",7
"2023-11-19","04:00:00",9,"iButton_R7.csv",7
"2023-11-19","08:15:00",9,"iButton_R7.csv",7
"2023-11-19","12:30:00",9,"iButton_R7.csv",7
"2023-11-19","16:45:00",9,"iButton_R7.csv",7
"2023-11-19","21:00:00",9,"iButton_R7.csv",7
"2023-11-20","01:15:00",9,"iButton_R7.csv",7
"2023-11-20","05:30:00",9,"iButton_R7.csv",7
"2023-11-20","09:45:00",9,"iButton_R7.csv",7
"2023-11-20","14:00:00",9.5,"iButton_R7.csv",7
"2023-11-20","18:15:00",9,"iButton_R7.csv",7
"2023-11-20","22:30:00",9,"iButton_R7.csv",7
"2023-11-21","02:45:00",9,"iButton_R7.csv",7
"2023-11-21","07:00:00",9.5,"iButton_R7.csv",7
"2023-11-21","11:15:00",9.5,"iButton_R7.csv",7
"2023-11-21","15:30:00",9,"iButton_R7.csv",7
"2023-11-21","19:45:00",9,"iButton_R7.csv",7
"2023-11-22","00:00:00",8.5,"iButton_R7.csv",7
"2023-11-22","04:15:00",8.5,"iButton_R7.csv",7
"2023-11-22","08:30:00",8.5,"iButton_R7.csv",7
"2023-11-22","12:45:00",8.5,"iButton_R7.csv",7
"2023-11-22","17:00:00",8.5,"iButton_R7.csv",7
"2023-11-22","21:15:00",8,"iButton_R7.csv",7
"2023-11-23","01:30:00",8,"iButton_R7.csv",7
"2023-11-23","05:45:00",8.5,"iButton_R7.csv",7
"2023-11-23","10:00:00",8.5,"iButton_R7.csv",7
"2023-11-23","14:15:00",9,"iButton_R7.csv",7
"2023-11-23","18:30:00",8.5,"iButton_R7.csv",7
"2023-11-23","22:45:00",8.5,"iButton_R7.csv",7
"2023-11-24","03:00:00",8,"iButton_R7.csv",7
"2023-11-24","07:15:00",8,"iButton_R7.csv",7
"2023-11-24","11:30:00",8,"iButton_R7.csv",7
"2023-11-24","15:45:00",8,"iButton_R7.csv",7
"2023-11-24","20:00:00",8,"iButton_R7.csv",7
"2023-11-25","00:15:00",8,"iButton_R7.csv",7
"2023-11-25","04:30:00",8,"iButton_R7.csv",7
"2023-11-25","08:45:00",8,"iButton_R7.csv",7
"2023-11-25","13:00:00",8,"iButton_R7.csv",7
"2023-11-25","17:15:00",8,"iButton_R7.csv",7
"2023-11-25","21:30:00",8,"iButton_R7.csv",7
"2023-11-26","01:45:00",7.5,"iButton_R7.csv",7
"2023-11-26","06:00:00",7,"iButton_R7.csv",7
"2023-11-26","10:15:00",7.5,"iButton_R7.csv",7
"2023-11-26","14:30:00",7.5,"iButton_R7.csv",7
"2023-11-26","18:45:00",7.5,"iButton_R7.csv",7
"2023-11-26","23:00:00",7,"iButton_R7.csv",7
"2023-11-27","03:15:00",7,"iButton_R7.csv",7
"2023-11-27","07:30:00",7,"iButton_R7.csv",7
"2023-11-27","11:45:00",7.5,"iButton_R7.csv",7
"2023-11-27","16:00:00",7,"iButton_R7.csv",7
"2023-11-27","20:15:00",7,"iButton_R7.csv",7
"2023-11-28","00:30:00",7,"iButton_R7.csv",7
"2023-11-28","04:45:00",6.5,"iButton_R7.csv",7
"2023-11-28","09:00:00",7.5,"iButton_R7.csv",7
"2023-11-28","13:15:00",7,"iButton_R7.csv",7
"2023-11-28","17:30:00",6.5,"iButton_R7.csv",7
"2023-11-28","21:45:00",6,"iButton_R7.csv",7
"2023-11-29","02:00:00",6.5,"iButton_R7.csv",7
"2023-11-29","06:15:00",6.5,"iButton_R7.csv",7
"2023-11-29","10:30:00",6.5,"iButton_R7.csv",7
"2023-11-29","14:45:00",6.5,"iButton_R7.csv",7
"2023-11-29","19:00:00",6.5,"iButton_R7.csv",7
"2023-11-29","23:15:00",6.5,"iButton_R7.csv",7
"2023-11-30","03:30:00",6.5,"iButton_R7.csv",7
"2023-11-30","07:45:00",6,"iButton_R7.csv",7
"2023-11-30","12:00:00",6.5,"iButton_R7.csv",7
"2023-11-30","16:15:00",6,"iButton_R7.csv",7
"2023-11-30","20:30:00",6,"iButton_R7.csv",7
"2023-12-01","00:45:00",5.5,"iButton_R7.csv",7
"2023-12-01","05:00:00",5.5,"iButton_R7.csv",7
"2023-12-01","09:15:00",5.5,"iButton_R7.csv",7
"2023-12-01","13:30:00",6,"iButton_R7.csv",7
"2023-12-01","17:45:00",5.5,"iButton_R7.csv",7
"2023-12-01","22:00:00",5.5,"iButton_R7.csv",7
"2023-12-02","02:15:00",5.5,"iButton_R7.csv",7
"2023-12-02","06:30:00",5.5,"iButton_R7.csv",7
"2023-12-02","10:45:00",5.5,"iButton_R7.csv",7
"2023-12-02","15:00:00",6,"iButton_R7.csv",7
"2023-12-02","19:15:00",5.5,"iButton_R7.csv",7
"2023-12-02","23:30:00",5.5,"iButton_R7.csv",7
"2023-12-03","03:45:00",5.5,"iButton_R7.csv",7
"2023-12-03","08:00:00",5.5,"iButton_R7.csv",7
"2023-12-03","12:15:00",5.5,"iButton_R7.csv",7
"2023-12-03","16:30:00",5.5,"iButton_R7.csv",7
"2023-12-03","20:45:00",5.5,"iButton_R7.csv",7
"2023-12-04","01:00:00",5.5,"iButton_R7.csv",7
"2023-12-04","05:15:00",5.5,"iButton_R7.csv",7
"2023-12-04","09:30:00",5.5,"iButton_R7.csv",7
"2023-12-04","13:45:00",5.5,"iButton_R7.csv",7
"2023-12-04","18:00:00",6,"iButton_R7.csv",7
"2023-12-04","22:15:00",5.5,"iButton_R7.csv",7
"2023-12-05","02:30:00",5.5,"iButton_R7.csv",7
"2023-12-05","06:45:00",5.5,"iButton_R7.csv",7
"2023-12-05","11:00:00",6,"iButton_R7.csv",7
"2023-12-05","15:15:00",6,"iButton_R7.csv",7
"2023-12-05","19:30:00",6,"iButton_R7.csv",7
"2023-12-05","23:45:00",6,"iButton_R7.csv",7
"2023-12-06","04:00:00",6,"iButton_R7.csv",7
"2023-12-06","08:15:00",6,"iButton_R7.csv",7
"2023-12-06","12:30:00",5.5,"iButton_R7.csv",7
"2023-12-06","16:45:00",5.5,"iButton_R7.csv",7
"2023-12-06","21:00:00",5.5,"iButton_R7.csv",7
"2023-12-07","01:15:00",5.5,"iButton_R7.csv",7
"2023-12-07","05:30:00",5.5,"iButton_R7.csv",7
"2023-12-07","09:45:00",5.5,"iButton_R7.csv",7
"2023-12-07","14:00:00",5.5,"iButton_R7.csv",7
"2023-12-07","18:15:00",5.5,"iButton_R7.csv",7
"2023-12-07","22:30:00",5.5,"iButton_R7.csv",7
"2023-12-08","02:45:00",6,"iButton_R7.csv",7
"2023-12-08","07:00:00",5.5,"iButton_R7.csv",7
"2023-12-08","11:15:00",6,"iButton_R7.csv",7
"2023-12-08","15:30:00",6,"iButton_R7.csv",7
"2023-12-08","19:45:00",5.5,"iButton_R7.csv",7
"2023-12-09","00:00:00",5.5,"iButton_R7.csv",7
"2023-12-09","04:15:00",5.5,"iButton_R7.csv",7
"2023-12-09","08:30:00",5.5,"iButton_R7.csv",7
"2023-12-09","12:45:00",6,"iButton_R7.csv",7
"2023-12-09","17:00:00",6,"iButton_R7.csv",7
"2023-12-09","21:15:00",6,"iButton_R7.csv",7
"2023-12-10","01:30:00",6,"iButton_R7.csv",7
"2023-12-10","05:45:00",6,"iButton_R7.csv",7
"2023-12-10","10:00:00",6,"iButton_R7.csv",7
"2023-12-10","14:15:00",6,"iButton_R7.csv",7
"2023-12-10","18:30:00",6,"iButton_R7.csv",7
"2023-12-10","22:45:00",6,"iButton_R7.csv",7
"2023-12-11","03:00:00",6,"iButton_R7.csv",7
"2023-12-11","07:15:00",6,"iButton_R7.csv",7
"2023-12-11","11:30:00",6,"iButton_R7.csv",7
"2023-12-11","15:45:00",6,"iButton_R7.csv",7
"2023-12-11","20:00:00",6,"iButton_R7.csv",7
"2023-12-12","00:15:00",6,"iButton_R7.csv",7
"2023-12-12","04:30:00",6,"iButton_R7.csv",7
"2023-12-12","08:45:00",6,"iButton_R7.csv",7
"2023-12-12","13:00:00",6,"iButton_R7.csv",7
"2023-12-12","17:15:00",6,"iButton_R7.csv",7
"2023-12-12","21:30:00",6,"iButton_R7.csv",7
"2023-12-13","01:45:00",6,"iButton_R7.csv",7
"2023-12-13","06:00:00",6,"iButton_R7.csv",7
"2023-12-13","10:15:00",6,"iButton_R7.csv",7
"2023-12-13","14:30:00",6.5,"iButton_R7.csv",7
"2023-12-13","18:45:00",6.5,"iButton_R7.csv",7
"2023-12-13","23:00:00",6.5,"iButton_R7.csv",7
"2023-12-14","03:15:00",6.5,"iButton_R7.csv",7
"2023-12-14","07:30:00",6.5,"iButton_R7.csv",7
"2023-12-14","11:45:00",6.5,"iButton_R7.csv",7
"2023-12-14","16:00:00",6,"iButton_R7.csv",7
"2023-12-14","20:15:00",6,"iButton_R7.csv",7
"2023-12-15","00:30:00",6,"iButton_R7.csv",7
"2023-12-15","04:45:00",6,"iButton_R7.csv",7
"2023-12-15","09:00:00",6,"iButton_R7.csv",7
"2023-12-15","13:15:00",6,"iButton_R7.csv",7
"2023-12-15","17:30:00",6,"iButton_R7.csv",7
"2023-12-15","21:45:00",6,"iButton_R7.csv",7
"2023-12-16","02:00:00",6,"iButton_R7.csv",7
"2023-12-16","06:15:00",6,"iButton_R7.csv",7
"2023-12-16","10:30:00",6,"iButton_R7.csv",7
"2023-12-16","14:45:00",6.5,"iButton_R7.csv",7
"2023-12-16","19:00:00",6.5,"iButton_R7.csv",7
"2023-12-16","23:15:00",6.5,"iButton_R7.csv",7
"2023-12-17","03:30:00",6.5,"iButton_R7.csv",7
"2023-12-17","07:45:00",6.5,"iButton_R7.csv",7
"2023-12-17","12:00:00",6.5,"iButton_R7.csv",7
"2023-12-17","16:15:00",6.5,"iButton_R7.csv",7
"2023-12-17","20:30:00",6.5,"iButton_R7.csv",7
"2023-12-18","00:45:00",6.5,"iButton_R7.csv",7
"2023-12-18","05:00:00",6.5,"iButton_R7.csv",7
"2023-12-18","09:15:00",6.5,"iButton_R7.csv",7
"2023-12-18","13:30:00",6.5,"iButton_R7.csv",7
"2023-12-18","17:45:00",6.5,"iButton_R7.csv",7
"2023-12-18","22:00:00",6.5,"iButton_R7.csv",7
"2023-12-19","02:15:00",6.5,"iButton_R7.csv",7
"2023-12-19","06:30:00",6.5,"iButton_R7.csv",7
"2023-12-19","10:45:00",6.5,"iButton_R7.csv",7
"2023-12-19","15:00:00",6.5,"iButton_R7.csv",7
"2023-12-19","19:15:00",6.5,"iButton_R7.csv",7
"2023-12-19","23:30:00",6.5,"iButton_R7.csv",7
"2023-12-20","03:45:00",6.5,"iButton_R7.csv",7
"2023-12-20","08:00:00",6.5,"iButton_R7.csv",7
"2023-12-20","12:15:00",6.5,"iButton_R7.csv",7
"2023-12-20","16:30:00",6.5,"iButton_R7.csv",7
"2023-12-20","20:45:00",6.5,"iButton_R7.csv",7
"2023-12-21","01:00:00",6.5,"iButton_R7.csv",7
"2023-12-21","05:15:00",6.5,"iButton_R7.csv",7
"2023-12-21","09:30:00",6.5,"iButton_R7.csv",7
"2023-12-21","13:45:00",7,"iButton_R7.csv",7
"2023-12-21","18:00:00",6.5,"iButton_R7.csv",7
"2023-12-21","22:15:00",6,"iButton_R7.csv",7
"2023-12-22","02:30:00",6,"iButton_R7.csv",7
"2023-12-22","06:45:00",5.5,"iButton_R7.csv",7
"2023-12-22","11:00:00",5.5,"iButton_R7.csv",7
"2023-12-22","15:15:00",5.5,"iButton_R7.csv",7
"2023-12-22","19:30:00",5.5,"iButton_R7.csv",7
"2023-12-22","23:45:00",5.5,"iButton_R7.csv",7
"2023-12-23","04:00:00",5.5,"iButton_R7.csv",7
"2023-12-23","08:15:00",5.5,"iButton_R7.csv",7
"2023-12-23","12:30:00",5.5,"iButton_R7.csv",7
"2023-12-23","16:45:00",5.5,"iButton_R7.csv",7
"2023-12-23","21:00:00",5.5,"iButton_R7.csv",7
"2023-12-24","01:15:00",5.5,"iButton_R7.csv",7
"2023-12-24","05:30:00",5.5,"iButton_R7.csv",7
"2023-12-24","09:45:00",6,"iButton_R7.csv",7
"2023-12-24","14:00:00",6,"iButton_R7.csv",7
"2023-12-24","18:15:00",6.5,"iButton_R7.csv",7
"2023-12-24","22:30:00",6.5,"iButton_R7.csv",7
"2023-12-25","02:45:00",6.5,"iButton_R7.csv",7
"2023-12-25","07:00:00",6.5,"iButton_R7.csv",7
"2023-12-25","11:15:00",6,"iButton_R7.csv",7
"2023-12-25","15:30:00",6,"iButton_R7.csv",7
"2023-12-25","19:45:00",6,"iButton_R7.csv",7
"2023-12-26","00:00:00",6,"iButton_R7.csv",7
"2023-12-26","04:15:00",6.5,"iButton_R7.csv",7
"2023-12-26","08:30:00",6.5,"iButton_R7.csv",7
"2023-12-26","12:45:00",6.5,"iButton_R7.csv",7
"2023-12-26","17:00:00",6,"iButton_R7.csv",7
"2023-12-26","21:15:00",6,"iButton_R7.csv",7
"2023-12-27","01:30:00",6,"iButton_R7.csv",7
"2023-12-27","05:45:00",6,"iButton_R7.csv",7
"2023-12-27","10:00:00",6,"iButton_R7.csv",7
"2023-12-27","14:15:00",6,"iButton_R7.csv",7
"2023-12-27","18:30:00",6,"iButton_R7.csv",7
"2023-12-27","22:45:00",6,"iButton_R7.csv",7
"2023-12-28","03:00:00",6,"iButton_R7.csv",7
"2023-12-28","07:15:00",6,"iButton_R7.csv",7
"2023-12-28","11:30:00",6.5,"iButton_R7.csv",7
"2023-12-28","15:45:00",6.5,"iButton_R7.csv",7
"2023-12-28","20:00:00",6.5,"iButton_R7.csv",7
"2023-12-29","00:15:00",6.5,"iButton_R7.csv",7
"2023-12-29","04:30:00",6.5,"iButton_R7.csv",7
"2023-12-29","08:45:00",6.5,"iButton_R7.csv",7
"2023-12-29","13:00:00",6.5,"iButton_R7.csv",7
"2023-12-29","17:15:00",6.5,"iButton_R7.csv",7
"2023-12-29","21:30:00",6,"iButton_R7.csv",7
"2023-12-30","01:45:00",6,"iButton_R7.csv",7
"2023-12-30","06:00:00",6,"iButton_R7.csv",7
"2023-12-30","10:15:00",6,"iButton_R7.csv",7
"2023-12-30","14:30:00",6,"iButton_R7.csv",7
"2023-12-30","18:45:00",6,"iButton_R7.csv",7
"2023-12-30","23:00:00",6,"iButton_R7.csv",7
"2023-12-31","03:15:00",6,"iButton_R7.csv",7
"2023-12-31","07:30:00",6,"iButton_R7.csv",7
"2023-12-31","11:45:00",6.5,"iButton_R7.csv",7
"2023-12-31","16:00:00",6.5,"iButton_R7.csv",7
"2023-12-31","20:15:00",6.5,"iButton_R7.csv",7
"2024-01-01","00:30:00",6.5,"iButton_R7.csv",7
"2024-01-01","04:45:00",6.5,"iButton_R7.csv",7
"2024-01-01","09:00:00",6.5,"iButton_R7.csv",7
"2024-01-01","13:15:00",6.5,"iButton_R7.csv",7
"2024-01-01","17:30:00",6.5,"iButton_R7.csv",7
"2024-01-01","21:45:00",6.5,"iButton_R7.csv",7
"2024-01-02","02:00:00",6.5,"iButton_R7.csv",7
"2024-01-02","06:15:00",6,"iButton_R7.csv",7
"2024-01-02","10:30:00",6,"iButton_R7.csv",7
"2024-01-02","14:45:00",6.5,"iButton_R7.csv",7
"2024-01-02","19:00:00",6.5,"iButton_R7.csv",7
"2024-01-02","23:15:00",6.5,"iButton_R7.csv",7
"2024-01-03","03:30:00",6.5,"iButton_R7.csv",7
"2024-01-03","07:45:00",6.5,"iButton_R7.csv",7
"2024-01-03","12:00:00",6.5,"iButton_R7.csv",7
"2024-01-03","16:15:00",6.5,"iButton_R7.csv",7
"2024-01-03","20:30:00",6.5,"iButton_R7.csv",7
"2024-01-04","00:45:00",6.5,"iButton_R7.csv",7
"2024-01-04","05:00:00",6.5,"iButton_R7.csv",7
"2024-01-04","09:15:00",6.5,"iButton_R7.csv",7
"2024-01-04","13:30:00",6.5,"iButton_R7.csv",7
"2024-01-04","17:45:00",6.5,"iButton_R7.csv",7
"2024-01-04","22:00:00",6,"iButton_R7.csv",7
"2024-01-05","02:15:00",5.5,"iButton_R7.csv",7
"2024-01-05","06:30:00",5.5,"iButton_R7.csv",7
"2024-01-05","10:45:00",6,"iButton_R7.csv",7
"2024-01-05","15:00:00",6,"iButton_R7.csv",7
"2024-01-05","19:15:00",6,"iButton_R7.csv",7
"2024-01-05","23:30:00",6,"iButton_R7.csv",7
"2024-01-06","03:45:00",6,"iButton_R7.csv",7
"2024-01-06","08:00:00",6,"iButton_R7.csv",7
"2024-01-06","12:15:00",6,"iButton_R7.csv",7
"2024-01-06","16:30:00",6,"iButton_R7.csv",7
"2024-01-06","20:45:00",6,"iButton_R7.csv",7
"2024-01-07","01:00:00",5.5,"iButton_R7.csv",7
"2024-01-07","05:15:00",6,"iButton_R7.csv",7
"2024-01-07","09:30:00",6,"iButton_R7.csv",7
"2024-01-07","13:45:00",6,"iButton_R7.csv",7
"2024-01-07","18:00:00",6,"iButton_R7.csv",7
"2024-01-07","22:15:00",6,"iButton_R7.csv",7
"2024-01-08","02:30:00",5.5,"iButton_R7.csv",7
"2024-01-08","06:45:00",6,"iButton_R7.csv",7
"2024-01-08","11:00:00",6,"iButton_R7.csv",7
"2024-01-08","15:15:00",6,"iButton_R7.csv",7
"2024-01-08","19:30:00",5,"iButton_R7.csv",7
"2024-01-08","23:45:00",5,"iButton_R7.csv",7
"2024-01-09","04:00:00",4.5,"iButton_R7.csv",7
"2024-01-09","08:15:00",4.5,"iButton_R7.csv",7
"2024-01-09","12:30:00",5,"iButton_R7.csv",7
"2024-01-09","16:45:00",5,"iButton_R7.csv",7
"2024-01-09","21:00:00",4.5,"iButton_R7.csv",7
"2024-01-10","01:15:00",4.5,"iButton_R7.csv",7
"2024-01-10","05:30:00",4.5,"iButton_R7.csv",7
"2024-01-10","09:45:00",4.5,"iButton_R7.csv",7
"2024-01-10","14:00:00",4.5,"iButton_R7.csv",7
"2024-01-10","18:15:00",4.5,"iButton_R7.csv",7
"2024-01-10","22:30:00",5,"iButton_R7.csv",7
"2024-01-11","02:45:00",5,"iButton_R7.csv",7
"2024-01-11","07:00:00",5,"iButton_R7.csv",7
"2024-01-11","11:15:00",5,"iButton_R7.csv",7
"2024-01-11","15:30:00",5,"iButton_R7.csv",7
"2024-01-11","19:45:00",5,"iButton_R7.csv",7
"2024-01-12","00:00:00",4.5,"iButton_R7.csv",7
"2024-01-12","04:15:00",4.5,"iButton_R7.csv",7
"2024-01-12","08:30:00",4.5,"iButton_R7.csv",7
"2024-01-12","12:45:00",4.5,"iButton_R7.csv",7
"2024-01-12","17:00:00",4.5,"iButton_R7.csv",7
"2024-01-12","21:15:00",4.5,"iButton_R7.csv",7
"2024-01-13","01:30:00",4.5,"iButton_R7.csv",7
"2024-01-13","05:45:00",4.5,"iButton_R7.csv",7
"2024-01-13","10:00:00",4.5,"iButton_R7.csv",7
"2024-01-13","14:15:00",4.5,"iButton_R7.csv",7
"2024-01-13","18:30:00",4.5,"iButton_R7.csv",7
"2024-01-13","22:45:00",4.5,"iButton_R7.csv",7
"2024-01-14","03:00:00",4.5,"iButton_R7.csv",7
"2024-01-14","07:15:00",4.5,"iButton_R7.csv",7
"2024-01-14","11:30:00",4.5,"iButton_R7.csv",7
"2024-01-14","15:45:00",4.5,"iButton_R7.csv",7
"2024-01-14","20:00:00",4.5,"iButton_R7.csv",7
"2024-01-15","00:15:00",4.5,"iButton_R7.csv",7
"2024-01-15","04:30:00",4.5,"iButton_R7.csv",7
"2024-01-15","08:45:00",4.5,"iButton_R7.csv",7
"2024-01-15","13:00:00",4,"iButton_R7.csv",7
"2024-01-15","17:15:00",4.5,"iButton_R7.csv",7
"2024-01-15","21:30:00",4.5,"iButton_R7.csv",7
"2024-01-16","01:45:00",4.5,"iButton_R7.csv",7
"2024-01-16","06:00:00",4,"iButton_R7.csv",7
"2024-01-16","10:15:00",4,"iButton_R7.csv",7
"2024-01-16","14:30:00",4.5,"iButton_R7.csv",7
"2024-01-16","18:45:00",4.5,"iButton_R7.csv",7
"2024-01-16","23:00:00",4.5,"iButton_R7.csv",7
"2024-01-17","03:15:00",4.5,"iButton_R7.csv",7
"2024-01-17","07:30:00",4,"iButton_R7.csv",7
"2024-01-17","11:45:00",4,"iButton_R7.csv",7
"2024-01-17","16:00:00",4,"iButton_R7.csv",7
"2024-01-17","20:15:00",4,"iButton_R7.csv",7
"2024-01-18","00:30:00",4,"iButton_R7.csv",7
"2024-01-18","04:45:00",4,"iButton_R7.csv",7
"2024-01-18","09:00:00",4,"iButton_R7.csv",7
"2024-01-18","13:15:00",4,"iButton_R7.csv",7
"2024-01-18","17:30:00",4,"iButton_R7.csv",7
"2024-01-18","21:45:00",4,"iButton_R7.csv",7
"2024-01-19","02:00:00",4,"iButton_R7.csv",7
"2024-01-19","06:15:00",4,"iButton_R7.csv",7
"2024-01-19","10:30:00",4,"iButton_R7.csv",7
"2024-01-19","14:45:00",4,"iButton_R7.csv",7
"2024-01-19","19:00:00",4,"iButton_R7.csv",7
"2024-01-19","23:15:00",4,"iButton_R7.csv",7
"2024-01-20","03:30:00",4,"iButton_R7.csv",7
"2024-01-20","07:45:00",4,"iButton_R7.csv",7
"2024-01-20","12:00:00",4,"iButton_R7.csv",7
"2024-01-20","16:15:00",4,"iButton_R7.csv",7
"2024-01-20","20:30:00",4,"iButton_R7.csv",7
"2024-01-21","00:45:00",4,"iButton_R7.csv",7
"2024-01-21","05:00:00",4,"iButton_R7.csv",7
"2024-01-21","09:15:00",4,"iButton_R7.csv",7
"2024-01-21","13:30:00",4,"iButton_R7.csv",7
"2024-01-21","17:45:00",4,"iButton_R7.csv",7
"2024-01-21","22:00:00",4,"iButton_R7.csv",7
"2024-01-22","02:15:00",4.5,"iButton_R7.csv",7
"2024-01-22","06:30:00",4.5,"iButton_R7.csv",7
"2024-01-22","10:45:00",4.5,"iButton_R7.csv",7
"2024-01-22","15:00:00",4.5,"iButton_R7.csv",7
"2024-01-22","19:15:00",4.5,"iButton_R7.csv",7
"2024-01-22","23:30:00",4.5,"iButton_R7.csv",7
"2024-01-23","03:45:00",4.5,"iButton_R7.csv",7
"2024-01-23","08:00:00",4.5,"iButton_R7.csv",7
"2024-01-23","12:15:00",4.5,"iButton_R7.csv",7
"2024-01-23","16:30:00",4.5,"iButton_R7.csv",7
"2024-01-23","20:45:00",4.5,"iButton_R7.csv",7
"2024-01-24","01:00:00",4.5,"iButton_R7.csv",7
"2024-01-24","05:15:00",5,"iButton_R7.csv",7
"2024-01-24","09:30:00",5,"iButton_R7.csv",7
"2024-01-24","13:45:00",5.5,"iButton_R7.csv",7
"2024-01-24","18:00:00",5,"iButton_R7.csv",7
"2024-01-24","22:15:00",5.5,"iButton_R7.csv",7
"2024-01-25","02:30:00",5,"iButton_R7.csv",7
"2024-01-25","06:45:00",5,"iButton_R7.csv",7
"2024-01-25","11:00:00",5,"iButton_R7.csv",7
"2024-01-25","15:15:00",5,"iButton_R7.csv",7
"2024-01-25","19:30:00",5,"iButton_R7.csv",7
"2024-01-25","23:45:00",5,"iButton_R7.csv",7
"2024-01-26","04:00:00",5,"iButton_R7.csv",7
"2024-01-26","08:15:00",5,"iButton_R7.csv",7
"2024-01-26","12:30:00",5,"iButton_R7.csv",7
"2024-01-26","16:45:00",5,"iButton_R7.csv",7
"2024-01-26","21:00:00",4.5,"iButton_R7.csv",7
"2024-01-27","01:15:00",4.5,"iButton_R7.csv",7
"2024-01-27","05:30:00",4.5,"iButton_R7.csv",7
"2024-01-27","09:45:00",4.5,"iButton_R7.csv",7
"2024-01-27","14:00:00",5,"iButton_R7.csv",7
"2024-01-27","18:15:00",5,"iButton_R7.csv",7
"2024-01-27","22:30:00",5,"iButton_R7.csv",7
"2024-01-28","02:45:00",5,"iButton_R7.csv",7
"2024-01-28","07:00:00",4.5,"iButton_R7.csv",7
"2024-01-28","11:15:00",5,"iButton_R7.csv",7
"2024-01-28","15:30:00",5,"iButton_R7.csv",7
"2024-01-28","19:45:00",5,"iButton_R7.csv",7
"2024-01-29","00:00:00",5,"iButton_R7.csv",7
"2024-01-29","04:15:00",4.5,"iButton_R7.csv",7
"2024-01-29","08:30:00",4.5,"iButton_R7.csv",7
"2024-01-29","12:45:00",5,"iButton_R7.csv",7
"2024-01-29","17:00:00",5,"iButton_R7.csv",7
"2024-01-29","21:15:00",5,"iButton_R7.csv",7
"2024-01-30","01:30:00",4.5,"iButton_R7.csv",7
"2024-01-30","05:45:00",4.5,"iButton_R7.csv",7
"2024-01-30","10:00:00",4.5,"iButton_R7.csv",7
"2024-01-30","14:15:00",5,"iButton_R7.csv",7
"2024-01-30","18:30:00",5,"iButton_R7.csv",7
"2024-01-30","22:45:00",5,"iButton_R7.csv",7
"2024-01-31","03:00:00",5,"iButton_R7.csv",7
"2024-01-31","07:15:00",4.5,"iButton_R7.csv",7
"2024-01-31","11:30:00",4.5,"iButton_R7.csv",7
"2024-01-31","15:45:00",4.5,"iButton_R7.csv",7
"2024-01-31","20:00:00",4.5,"iButton_R7.csv",7
"2024-02-01","00:15:00",4.5,"iButton_R7.csv",7
"2024-02-01","04:30:00",5,"iButton_R7.csv",7
"2024-02-01","08:45:00",4.5,"iButton_R7.csv",7
"2024-02-01","13:00:00",4.5,"iButton_R7.csv",7
"2024-02-01","17:15:00",4.5,"iButton_R7.csv",7
"2024-02-01","21:30:00",4.5,"iButton_R7.csv",7
"2024-02-02","01:45:00",5,"iButton_R7.csv",7
"2024-02-02","06:00:00",5,"iButton_R7.csv",7
"2024-02-02","10:15:00",5,"iButton_R7.csv",7
"2024-02-02","14:30:00",5,"iButton_R7.csv",7
"2024-02-02","18:45:00",5,"iButton_R7.csv",7
"2024-02-02","23:00:00",5.5,"iButton_R7.csv",7
"2024-02-03","03:15:00",5.5,"iButton_R7.csv",7
"2024-02-03","07:30:00",5.5,"iButton_R7.csv",7
"2024-02-03","11:45:00",5.5,"iButton_R7.csv",7
"2024-02-03","16:00:00",5.5,"iButton_R7.csv",7
"2024-02-03","20:15:00",5.5,"iButton_R7.csv",7
"2024-02-04","00:30:00",5,"iButton_R7.csv",7
"2024-02-04","04:45:00",5,"iButton_R7.csv",7
"2024-02-04","09:00:00",5,"iButton_R7.csv",7
"2024-02-04","13:15:00",5.5,"iButton_R7.csv",7
"2024-02-04","17:30:00",5.5,"iButton_R7.csv",7
"2024-02-04","21:45:00",5.5,"iButton_R7.csv",7
"2024-02-05","02:00:00",5.5,"iButton_R7.csv",7
"2024-02-05","06:15:00",5.5,"iButton_R7.csv",7
"2024-02-05","10:30:00",5.5,"iButton_R7.csv",7
"2024-02-05","14:45:00",5.5,"iButton_R7.csv",7
"2024-02-05","19:00:00",5.5,"iButton_R7.csv",7
"2024-02-05","23:15:00",6,"iButton_R7.csv",7
"2024-02-06","03:30:00",6,"iButton_R7.csv",7
"2024-02-06","07:45:00",5.5,"iButton_R7.csv",7
"2024-02-06","12:00:00",6,"iButton_R7.csv",7
"2024-02-06","16:15:00",6,"iButton_R7.csv",7
"2024-02-06","20:30:00",6,"iButton_R7.csv",7
"2024-02-07","00:45:00",5.5,"iButton_R7.csv",7
"2024-02-07","05:00:00",5.5,"iButton_R7.csv",7
"2024-02-07","09:15:00",5,"iButton_R7.csv",7
"2024-02-07","13:30:00",5,"iButton_R7.csv",7
"2024-02-07","17:45:00",5,"iButton_R7.csv",7
"2024-02-07","22:00:00",5,"iButton_R7.csv",7
"2024-02-08","02:15:00",5,"iButton_R7.csv",7
"2024-02-08","06:30:00",5,"iButton_R7.csv",7
"2024-02-08","10:45:00",5,"iButton_R7.csv",7
"2024-02-08","15:00:00",5,"iButton_R7.csv",7
"2024-02-08","19:15:00",5,"iButton_R7.csv",7
"2024-02-08","23:30:00",5,"iButton_R7.csv",7
"2024-02-09","03:45:00",5,"iButton_R7.csv",7
"2024-02-09","08:00:00",5,"iButton_R7.csv",7
"2024-02-09","12:15:00",5.5,"iButton_R7.csv",7
"2024-02-09","16:30:00",5,"iButton_R7.csv",7
"2024-02-09","20:45:00",5.5,"iButton_R7.csv",7
"2024-02-10","01:00:00",5.5,"iButton_R7.csv",7
"2024-02-10","05:15:00",5.5,"iButton_R7.csv",7
"2024-02-10","09:30:00",5.5,"iButton_R7.csv",7
"2024-02-10","13:45:00",5.5,"iButton_R7.csv",7
"2024-02-10","18:00:00",5.5,"iButton_R7.csv",7
"2024-02-10","22:15:00",5.5,"iButton_R7.csv",7
"2024-02-11","02:30:00",5.5,"iButton_R7.csv",7
"2024-02-11","06:45:00",5.5,"iButton_R7.csv",7
"2024-02-11","11:00:00",5.5,"iButton_R7.csv",7
"2024-02-11","15:15:00",5.5,"iButton_R7.csv",7
"2024-02-11","19:30:00",5.5,"iButton_R7.csv",7
"2024-02-11","23:45:00",5.5,"iButton_R7.csv",7
"2024-02-12","04:00:00",5.5,"iButton_R7.csv",7
"2024-02-12","08:15:00",5.5,"iButton_R7.csv",7
"2024-02-12","12:30:00",5.5,"iButton_R7.csv",7
"2024-02-12","16:45:00",5,"iButton_R7.csv",7
"2024-02-12","21:00:00",5.5,"iButton_R7.csv",7
"2024-02-13","01:15:00",5.5,"iButton_R7.csv",7
"2024-02-13","05:30:00",5,"iButton_R7.csv",7
"2024-02-13","09:45:00",5,"iButton_R7.csv",7
"2024-02-13","14:00:00",5.5,"iButton_R7.csv",7
"2024-02-13","18:15:00",5.5,"iButton_R7.csv",7
"2024-02-13","22:30:00",5.5,"iButton_R7.csv",7
"2024-02-14","02:45:00",5.5,"iButton_R7.csv",7
"2024-02-14","07:00:00",5,"iButton_R7.csv",7
"2024-02-14","11:15:00",5.5,"iButton_R7.csv",7
"2024-02-14","15:30:00",5.5,"iButton_R7.csv",7
"2024-02-14","19:45:00",5.5,"iButton_R7.csv",7
"2024-02-15","00:00:00",5.5,"iButton_R7.csv",7
"2024-02-15","04:15:00",5.5,"iButton_R7.csv",7
"2024-02-15","08:30:00",5.5,"iButton_R7.csv",7
"2024-02-15","12:45:00",5.5,"iButton_R7.csv",7
"2024-02-15","17:00:00",5.5,"iButton_R7.csv",7
"2024-02-15","21:15:00",5.5,"iButton_R7.csv",7
"2024-02-16","01:30:00",5.5,"iButton_R7.csv",7
"2024-02-16","05:45:00",5.5,"iButton_R7.csv",7
"2024-02-16","10:00:00",6,"iButton_R7.csv",7
"2024-02-16","14:15:00",6,"iButton_R7.csv",7
"2024-02-16","18:30:00",6,"iButton_R7.csv",7
"2024-02-16","22:45:00",6,"iButton_R7.csv",7
"2024-02-17","03:00:00",6,"iButton_R7.csv",7
"2024-02-17","07:15:00",6,"iButton_R7.csv",7
"2024-02-17","11:30:00",6,"iButton_R7.csv",7
"2024-02-17","15:45:00",5.5,"iButton_R7.csv",7
"2024-02-17","20:00:00",5.5,"iButton_R7.csv",7
"2024-02-18","00:15:00",5.5,"iButton_R7.csv",7
"2024-02-18","04:30:00",5,"iButton_R7.csv",7
"2024-02-18","08:45:00",5.5,"iButton_R7.csv",7
"2024-02-18","13:00:00",5.5,"iButton_R7.csv",7
"2024-02-18","17:15:00",5.5,"iButton_R7.csv",7
"2024-02-18","21:30:00",6,"iButton_R7.csv",7
"2024-02-19","01:45:00",6,"iButton_R7.csv",7
"2024-02-19","06:00:00",6,"iButton_R7.csv",7
"2024-02-19","10:15:00",5.5,"iButton_R7.csv",7
"2024-02-19","14:30:00",5.5,"iButton_R7.csv",7
"2024-02-19","18:45:00",6,"iButton_R7.csv",7
"2024-02-19","23:00:00",6,"iButton_R7.csv",7
"2024-02-20","03:15:00",6,"iButton_R7.csv",7
"2024-02-20","07:30:00",6,"iButton_R7.csv",7
"2024-02-20","11:45:00",5.5,"iButton_R7.csv",7
"2024-02-20","16:00:00",6,"iButton_R7.csv",7
"2024-02-20","20:15:00",6,"iButton_R7.csv",7
"2024-02-21","00:30:00",6,"iButton_R7.csv",7
"2024-02-21","04:45:00",6,"iButton_R7.csv",7
"2024-02-21","09:00:00",6,"iButton_R7.csv",7
"2024-02-21","13:15:00",6,"iButton_R7.csv",7
"2024-02-21","17:30:00",6,"iButton_R7.csv",7
"2024-02-21","21:45:00",6,"iButton_R7.csv",7
"2024-02-22","02:00:00",6,"iButton_R7.csv",7
"2024-02-22","06:15:00",6,"iButton_R7.csv",7
"2024-02-22","10:30:00",6,"iButton_R7.csv",7
"2024-02-22","14:45:00",6,"iButton_R7.csv",7
"2024-02-22","19:00:00",6,"iButton_R7.csv",7
"2024-02-22","23:15:00",6,"iButton_R7.csv",7
"2024-02-23","03:30:00",6.5,"iButton_R7.csv",7
"2024-02-23","07:45:00",6,"iButton_R7.csv",7
"2024-02-23","12:00:00",6,"iButton_R7.csv",7
"2024-02-23","16:15:00",6,"iButton_R7.csv",7
"2024-02-23","20:30:00",6,"iButton_R7.csv",7
"2024-02-24","00:45:00",6,"iButton_R7.csv",7
"2024-02-24","05:00:00",6,"iButton_R7.csv",7
"2024-02-24","09:15:00",6,"iButton_R7.csv",7
"2024-02-24","13:30:00",6,"iButton_R7.csv",7
"2024-02-24","17:45:00",6,"iButton_R7.csv",7
"2024-02-24","22:00:00",6,"iButton_R7.csv",7
"2024-02-25","02:15:00",6,"iButton_R7.csv",7
"2024-02-25","06:30:00",5.5,"iButton_R7.csv",7
"2024-02-25","10:45:00",6,"iButton_R7.csv",7
"2024-02-25","15:00:00",6,"iButton_R7.csv",7
"2024-02-25","19:15:00",6,"iButton_R7.csv",7
"2024-02-25","23:30:00",6,"iButton_R7.csv",7
"2024-02-26","03:45:00",5.5,"iButton_R7.csv",7
"2024-02-26","08:00:00",5.5,"iButton_R7.csv",7
"2024-02-26","12:15:00",6,"iButton_R7.csv",7
"2024-02-26","16:30:00",6,"iButton_R7.csv",7
"2024-02-26","20:45:00",6,"iButton_R7.csv",7
"2024-02-27","01:00:00",6,"iButton_R7.csv",7
"2024-02-27","05:15:00",6,"iButton_R7.csv",7
"2024-02-27","09:30:00",6,"iButton_R7.csv",7
"2024-02-27","13:45:00",6,"iButton_R7.csv",7
"2024-02-27","18:00:00",6,"iButton_R7.csv",7
"2024-02-27","22:15:00",6,"iButton_R7.csv",7
"2024-02-28","02:30:00",5.5,"iButton_R7.csv",7
"2024-02-28","06:45:00",5.5,"iButton_R7.csv",7
"2024-02-28","11:00:00",5.5,"iButton_R7.csv",7
"2024-02-28","15:15:00",5.5,"iButton_R7.csv",7
"2024-02-28","19:30:00",5.5,"iButton_R7.csv",7
"2024-02-28","23:45:00",5.5,"iButton_R7.csv",7
"2024-02-29","04:00:00",5.5,"iButton_R7.csv",7
"2024-02-29","08:15:00",5.5,"iButton_R7.csv",7
"2024-02-29","12:30:00",5.5,"iButton_R7.csv",7
"2024-02-29","16:45:00",6,"iButton_R7.csv",7
"2024-02-29","21:00:00",5.5,"iButton_R7.csv",7
"2024-03-01","01:15:00",6,"iButton_R7.csv",7
"2024-03-01","05:30:00",6,"iButton_R7.csv",7
"2024-03-01","09:45:00",6,"iButton_R7.csv",7
"2024-03-01","14:00:00",6,"iButton_R7.csv",7
"2024-03-01","18:15:00",6,"iButton_R7.csv",7
"2024-03-01","22:30:00",6,"iButton_R7.csv",7
"2024-03-02","02:45:00",5.5,"iButton_R7.csv",7
"2024-03-02","07:00:00",6,"iButton_R7.csv",7
"2024-03-02","11:15:00",6,"iButton_R7.csv",7
"2024-03-02","15:30:00",6,"iButton_R7.csv",7
"2024-03-02","19:45:00",6,"iButton_R7.csv",7
"2024-03-03","00:00:00",6,"iButton_R7.csv",7
"2024-03-03","04:15:00",6,"iButton_R7.csv",7
"2024-03-03","08:30:00",6,"iButton_R7.csv",7
"2024-03-03","12:45:00",6,"iButton_R7.csv",7
"2024-03-03","17:00:00",6,"iButton_R7.csv",7
"2024-03-03","21:15:00",6,"iButton_R7.csv",7
"2024-03-04","01:30:00",6,"iButton_R7.csv",7
"2024-03-04","05:45:00",6,"iButton_R7.csv",7
"2024-03-04","10:00:00",6,"iButton_R7.csv",7
"2024-03-04","14:15:00",6,"iButton_R7.csv",7
"2024-03-04","18:30:00",6,"iButton_R7.csv",7
"2024-03-04","22:45:00",6,"iButton_R7.csv",7
"2024-03-05","03:00:00",6,"iButton_R7.csv",7
"2024-03-05","07:15:00",6,"iButton_R7.csv",7
"2024-03-05","11:30:00",6,"iButton_R7.csv",7
"2024-03-05","15:45:00",6,"iButton_R7.csv",7
"2024-03-05","20:00:00",6,"iButton_R7.csv",7
"2024-03-06","00:15:00",6,"iButton_R7.csv",7
"2024-03-06","04:30:00",6,"iButton_R7.csv",7
"2024-03-06","08:45:00",6,"iButton_R7.csv",7
"2024-03-06","13:00:00",6,"iButton_R7.csv",7
"2024-03-06","17:15:00",6,"iButton_R7.csv",7
"2024-03-06","21:30:00",6,"iButton_R7.csv",7
"2024-03-07","01:45:00",6,"iButton_R7.csv",7
"2024-03-07","06:00:00",5.5,"iButton_R7.csv",7
"2024-03-07","10:15:00",6,"iButton_R7.csv",7
"2024-03-07","14:30:00",6,"iButton_R7.csv",7
"2024-03-07","18:45:00",6,"iButton_R7.csv",7
"2024-03-07","23:00:00",6,"iButton_R7.csv",7
"2024-03-08","03:15:00",6,"iButton_R7.csv",7
"2024-03-08","07:30:00",6,"iButton_R7.csv",7
"2024-03-08","11:45:00",6,"iButton_R7.csv",7
"2024-03-08","16:00:00",6,"iButton_R7.csv",7
"2024-03-08","20:15:00",6,"iButton_R7.csv",7
"2024-03-09","00:30:00",5.5,"iButton_R7.csv",7
"2024-03-09","04:45:00",5.5,"iButton_R7.csv",7
"2024-03-09","09:00:00",5.5,"iButton_R7.csv",7
"2024-03-09","13:15:00",6,"iButton_R7.csv",7
"2024-03-09","17:30:00",6,"iButton_R7.csv",7
"2024-03-09","21:45:00",6,"iButton_R7.csv",7
"2024-03-10","02:00:00",6,"iButton_R7.csv",7
"2024-03-10","06:15:00",6,"iButton_R7.csv",7
"2024-03-10","10:30:00",6,"iButton_R7.csv",7
"2024-03-10","14:45:00",6,"iButton_R7.csv",7
"2024-03-10","19:00:00",6,"iButton_R7.csv",7
"2024-03-10","23:15:00",6,"iButton_R7.csv",7
"2024-03-11","03:30:00",6,"iButton_R7.csv",7
"2024-03-11","07:45:00",6,"iButton_R7.csv",7
"2024-03-11","12:00:00",6,"iButton_R7.csv",7
"2024-03-11","16:15:00",6,"iButton_R7.csv",7
"2024-03-11","20:30:00",6,"iButton_R7.csv",7
"2024-03-12","00:45:00",6,"iButton_R7.csv",7
"2024-03-12","05:00:00",6,"iButton_R7.csv",7
"2024-03-12","09:15:00",6,"iButton_R7.csv",7
"2024-03-12","13:30:00",6,"iButton_R7.csv",7
"2024-03-12","17:45:00",6,"iButton_R7.csv",7
"2024-03-12","22:00:00",6,"iButton_R7.csv",7
"2024-03-13","02:15:00",6,"iButton_R7.csv",7
"2024-03-13","06:30:00",6,"iButton_R7.csv",7
"2024-03-13","10:45:00",6,"iButton_R7.csv",7
"2024-03-13","15:00:00",6,"iButton_R7.csv",7
"2024-03-13","19:15:00",6,"iButton_R7.csv",7
"2024-03-13","23:30:00",6,"iButton_R7.csv",7
"2024-03-14","03:45:00",6,"iButton_R7.csv",7
"2024-03-14","08:00:00",6,"iButton_R7.csv",7
"2024-03-14","12:15:00",6.5,"iButton_R7.csv",7
"2024-03-14","16:30:00",6.5,"iButton_R7.csv",7
"2024-03-14","20:45:00",6.5,"iButton_R7.csv",7
"2024-03-15","01:00:00",6.5,"iButton_R7.csv",7
"2024-03-15","05:15:00",6.5,"iButton_R7.csv",7
"2024-03-15","09:30:00",6.5,"iButton_R7.csv",7
"2024-03-15","13:45:00",6.5,"iButton_R7.csv",7
"2024-03-15","18:00:00",6.5,"iButton_R7.csv",7
"2024-03-15","22:15:00",6.5,"iButton_R7.csv",7
"2024-03-16","02:30:00",6.5,"iButton_R7.csv",7
"2024-03-16","06:45:00",6.5,"iButton_R7.csv",7
"2024-03-16","11:00:00",6.5,"iButton_R7.csv",7
"2024-03-16","15:15:00",7,"iButton_R7.csv",7
"2024-03-16","19:30:00",6.5,"iButton_R7.csv",7
"2024-03-16","23:45:00",6,"iButton_R7.csv",7
"2024-03-17","04:00:00",6,"iButton_R7.csv",7
"2024-03-17","08:15:00",6,"iButton_R7.csv",7
"2024-03-17","12:30:00",6,"iButton_R7.csv",7
"2024-03-17","16:45:00",6,"iButton_R7.csv",7
"2024-03-17","21:00:00",6,"iButton_R7.csv",7
"2024-03-18","01:15:00",5.5,"iButton_R7.csv",7
"2024-03-18","05:30:00",5.5,"iButton_R7.csv",7
"2024-03-18","09:45:00",6,"iButton_R7.csv",7
"2024-03-18","14:00:00",6,"iButton_R7.csv",7
"2024-03-18","18:15:00",6,"iButton_R7.csv",7
"2024-03-18","22:30:00",6,"iButton_R7.csv",7
"2024-03-19","02:45:00",5.5,"iButton_R7.csv",7
"2024-03-19","07:00:00",5.5,"iButton_R7.csv",7
"2024-03-19","11:15:00",6,"iButton_R7.csv",7
"2024-03-19","15:30:00",6,"iButton_R7.csv",7
"2024-03-19","19:45:00",6,"iButton_R7.csv",7
"2024-03-20","00:00:00",6,"iButton_R7.csv",7
"2024-03-20","04:15:00",6,"iButton_R7.csv",7
"2024-03-20","08:30:00",6,"iButton_R7.csv",7
"2024-03-20","12:45:00",6,"iButton_R7.csv",7
"2024-03-20","17:00:00",6,"iButton_R7.csv",7
"2024-03-20","21:15:00",6,"iButton_R7.csv",7
"2024-03-21","01:30:00",6,"iButton_R7.csv",7
"2024-03-21","05:45:00",6,"iButton_R7.csv",7
"2024-03-21","10:00:00",6,"iButton_R7.csv",7
"2024-03-21","14:15:00",6.5,"iButton_R7.csv",7
"2024-03-21","18:30:00",6,"iButton_R7.csv",7
"2024-03-21","22:45:00",6,"iButton_R7.csv",7
"2024-03-22","03:00:00",6,"iButton_R7.csv",7
"2024-03-22","07:15:00",6.5,"iButton_R7.csv",7
"2024-03-22","11:30:00",6.5,"iButton_R7.csv",7
"2024-03-22","15:45:00",6.5,"iButton_R7.csv",7
"2024-03-22","20:00:00",6.5,"iButton_R7.csv",7
"2024-03-23","00:15:00",6.5,"iButton_R7.csv",7
"2024-03-23","04:30:00",6.5,"iButton_R7.csv",7
"2024-03-23","08:45:00",6.5,"iButton_R7.csv",7
"2024-03-23","13:00:00",6.5,"iButton_R7.csv",7
"2024-03-23","17:15:00",6.5,"iButton_R7.csv",7
"2024-03-23","21:30:00",6,"iButton_R7.csv",7
"2024-03-24","01:45:00",6,"iButton_R7.csv",7
"2024-03-24","06:00:00",6,"iButton_R7.csv",7
"2024-03-24","10:15:00",6,"iButton_R7.csv",7
"2024-03-24","14:30:00",6,"iButton_R7.csv",7
"2024-03-24","18:45:00",6.5,"iButton_R7.csv",7
"2024-03-24","23:00:00",6,"iButton_R7.csv",7
"2024-03-25","03:15:00",6,"iButton_R7.csv",7
"2024-03-25","07:30:00",6,"iButton_R7.csv",7
"2024-03-25","11:45:00",6.5,"iButton_R7.csv",7
"2024-03-25","16:00:00",6.5,"iButton_R7.csv",7
"2024-03-25","20:15:00",6,"iButton_R7.csv",7
"2024-03-26","00:30:00",6,"iButton_R7.csv",7
"2024-03-26","04:45:00",6,"iButton_R7.csv",7
"2024-03-26","09:00:00",6,"iButton_R7.csv",7
"2024-03-26","13:15:00",6,"iButton_R7.csv",7
"2024-03-26","17:30:00",6.5,"iButton_R7.csv",7
"2024-03-26","21:45:00",6.5,"iButton_R7.csv",7
"2024-03-27","02:00:00",6,"iButton_R7.csv",7
"2024-03-27","06:15:00",6,"iButton_R7.csv",7
"2024-03-27","10:30:00",6.5,"iButton_R7.csv",7
"2024-03-27","14:45:00",6.5,"iButton_R7.csv",7
"2024-03-27","19:00:00",6.5,"iButton_R7.csv",7
"2024-03-27","23:15:00",6.5,"iButton_R7.csv",7
"2024-03-28","03:30:00",6.5,"iButton_R7.csv",7
"2024-03-28","07:45:00",6.5,"iButton_R7.csv",7
"2024-03-28","12:00:00",6.5,"iButton_R7.csv",7
"2024-03-28","16:15:00",6.5,"iButton_R7.csv",7
"2024-03-28","20:30:00",6.5,"iButton_R7.csv",7
"2024-03-29","00:45:00",6.5,"iButton_R7.csv",7
"2024-03-29","05:00:00",6.5,"iButton_R7.csv",7
"2024-03-29","09:15:00",6.5,"iButton_R7.csv",7
"2024-03-29","13:30:00",6.5,"iButton_R7.csv",7
"2024-03-29","17:45:00",6.5,"iButton_R7.csv",7
"2023-11-03","22:31:00",11,"iButton_R8.csv",8
"2023-11-04","02:46:00",10.5,"iButton_R8.csv",8
"2023-11-04","07:01:00",10.5,"iButton_R8.csv",8
"2023-11-04","11:16:00",10.5,"iButton_R8.csv",8
"2023-11-04","15:31:00",10.5,"iButton_R8.csv",8
"2023-11-04","19:46:00",10.5,"iButton_R8.csv",8
"2023-11-05","00:01:00",10.5,"iButton_R8.csv",8
"2023-11-05","04:16:00",10.5,"iButton_R8.csv",8
"2023-11-05","08:31:00",10.5,"iButton_R8.csv",8
"2023-11-05","12:46:00",10.5,"iButton_R8.csv",8
"2023-11-05","17:01:00",10.5,"iButton_R8.csv",8
"2023-11-05","21:16:00",10.5,"iButton_R8.csv",8
"2023-11-06","01:31:00",10.5,"iButton_R8.csv",8
"2023-11-06","05:46:00",10.5,"iButton_R8.csv",8
"2023-11-06","10:01:00",10.5,"iButton_R8.csv",8
"2023-11-06","14:16:00",10.5,"iButton_R8.csv",8
"2023-11-06","18:31:00",10.5,"iButton_R8.csv",8
"2023-11-06","22:46:00",10.5,"iButton_R8.csv",8
"2023-11-07","03:01:00",10.5,"iButton_R8.csv",8
"2023-11-07","07:16:00",10.5,"iButton_R8.csv",8
"2023-11-07","11:31:00",10.5,"iButton_R8.csv",8
"2023-11-07","15:46:00",10.5,"iButton_R8.csv",8
"2023-11-07","20:01:00",10.5,"iButton_R8.csv",8
"2023-11-08","00:16:00",10.5,"iButton_R8.csv",8
"2023-11-08","04:31:00",10.5,"iButton_R8.csv",8
"2023-11-08","08:46:00",10.5,"iButton_R8.csv",8
"2023-11-08","13:01:00",10.5,"iButton_R8.csv",8
"2023-11-08","17:16:00",10.5,"iButton_R8.csv",8
"2023-11-08","21:31:00",10.5,"iButton_R8.csv",8
"2023-11-09","01:46:00",10.5,"iButton_R8.csv",8
"2023-11-09","06:01:00",10.5,"iButton_R8.csv",8
"2023-11-09","10:16:00",10.5,"iButton_R8.csv",8
"2023-11-09","14:31:00",10.5,"iButton_R8.csv",8
"2023-11-09","18:46:00",10.5,"iButton_R8.csv",8
"2023-11-09","23:01:00",10.5,"iButton_R8.csv",8
"2023-11-10","03:16:00",10.5,"iButton_R8.csv",8
"2023-11-10","07:31:00",10.5,"iButton_R8.csv",8
"2023-11-10","11:46:00",10.5,"iButton_R8.csv",8
"2023-11-10","16:01:00",10.5,"iButton_R8.csv",8
"2023-11-10","20:16:00",10.5,"iButton_R8.csv",8
"2023-11-11","00:31:00",10.5,"iButton_R8.csv",8
"2023-11-11","04:46:00",10.5,"iButton_R8.csv",8
"2023-11-11","09:01:00",10.5,"iButton_R8.csv",8
"2023-11-11","13:16:00",10.5,"iButton_R8.csv",8
"2023-11-11","17:31:00",10.5,"iButton_R8.csv",8
"2023-11-11","21:46:00",10.5,"iButton_R8.csv",8
"2023-11-12","02:01:00",10,"iButton_R8.csv",8
"2023-11-12","06:16:00",10,"iButton_R8.csv",8
"2023-11-12","10:31:00",10,"iButton_R8.csv",8
"2023-11-12","14:46:00",10,"iButton_R8.csv",8
"2023-11-12","19:01:00",10,"iButton_R8.csv",8
"2023-11-12","23:16:00",10,"iButton_R8.csv",8
"2023-11-13","03:31:00",10,"iButton_R8.csv",8
"2023-11-13","07:46:00",10,"iButton_R8.csv",8
"2023-11-13","12:01:00",10,"iButton_R8.csv",8
"2023-11-13","16:16:00",10,"iButton_R8.csv",8
"2023-11-13","20:31:00",10,"iButton_R8.csv",8
"2023-11-14","00:46:00",10,"iButton_R8.csv",8
"2023-11-14","05:01:00",10,"iButton_R8.csv",8
"2023-11-14","09:16:00",10,"iButton_R8.csv",8
"2023-11-14","13:31:00",10,"iButton_R8.csv",8
"2023-11-14","17:46:00",10,"iButton_R8.csv",8
"2023-11-14","22:01:00",10,"iButton_R8.csv",8
"2023-11-15","02:16:00",10,"iButton_R8.csv",8
"2023-11-15","06:31:00",10,"iButton_R8.csv",8
"2023-11-15","10:46:00",10,"iButton_R8.csv",8
"2023-11-15","15:01:00",10,"iButton_R8.csv",8
"2023-11-15","19:16:00",10,"iButton_R8.csv",8
"2023-11-15","23:31:00",10,"iButton_R8.csv",8
"2023-11-16","03:46:00",10,"iButton_R8.csv",8
"2023-11-16","08:01:00",10,"iButton_R8.csv",8
"2023-11-16","12:16:00",10,"iButton_R8.csv",8
"2023-11-16","16:31:00",10,"iButton_R8.csv",8
"2023-11-16","20:46:00",10,"iButton_R8.csv",8
"2023-11-17","01:01:00",10,"iButton_R8.csv",8
"2023-11-17","05:16:00",10,"iButton_R8.csv",8
"2023-11-17","09:31:00",10,"iButton_R8.csv",8
"2023-11-17","13:46:00",10,"iButton_R8.csv",8
"2023-11-17","18:01:00",10,"iButton_R8.csv",8
"2023-11-17","22:16:00",9.5,"iButton_R8.csv",8
"2023-11-18","02:31:00",9.5,"iButton_R8.csv",8
"2023-11-18","06:46:00",9.5,"iButton_R8.csv",8
"2023-11-18","11:01:00",9.5,"iButton_R8.csv",8
"2023-11-18","15:16:00",9.5,"iButton_R8.csv",8
"2023-11-18","19:31:00",9.5,"iButton_R8.csv",8
"2023-11-18","23:46:00",9.5,"iButton_R8.csv",8
"2023-11-19","04:01:00",9.5,"iButton_R8.csv",8
"2023-11-19","08:16:00",9.5,"iButton_R8.csv",8
"2023-11-19","12:31:00",9.5,"iButton_R8.csv",8
"2023-11-19","16:46:00",9.5,"iButton_R8.csv",8
"2023-11-19","21:01:00",9.5,"iButton_R8.csv",8
"2023-11-20","01:16:00",9.5,"iButton_R8.csv",8
"2023-11-20","05:31:00",9.5,"iButton_R8.csv",8
"2023-11-20","09:46:00",9.5,"iButton_R8.csv",8
"2023-11-20","14:01:00",9.5,"iButton_R8.csv",8
"2023-11-20","18:16:00",9.5,"iButton_R8.csv",8
"2023-11-20","22:31:00",9.5,"iButton_R8.csv",8
"2023-11-21","02:46:00",9.5,"iButton_R8.csv",8
"2023-11-21","07:01:00",9.5,"iButton_R8.csv",8
"2023-11-21","11:16:00",9.5,"iButton_R8.csv",8
"2023-11-21","15:31:00",9.5,"iButton_R8.csv",8
"2023-11-21","19:46:00",9.5,"iButton_R8.csv",8
"2023-11-22","00:01:00",9.5,"iButton_R8.csv",8
"2023-11-22","04:16:00",9.5,"iButton_R8.csv",8
"2023-11-22","08:31:00",9,"iButton_R8.csv",8
"2023-11-22","12:46:00",9,"iButton_R8.csv",8
"2023-11-22","17:01:00",9,"iButton_R8.csv",8
"2023-11-22","21:16:00",9,"iButton_R8.csv",8
"2023-11-23","01:31:00",9,"iButton_R8.csv",8
"2023-11-23","05:46:00",9,"iButton_R8.csv",8
"2023-11-23","10:01:00",9,"iButton_R8.csv",8
"2023-11-23","14:16:00",9,"iButton_R8.csv",8
"2023-11-23","18:31:00",9,"iButton_R8.csv",8
"2023-11-23","22:46:00",9,"iButton_R8.csv",8
"2023-11-24","03:01:00",9,"iButton_R8.csv",8
"2023-11-24","07:16:00",9,"iButton_R8.csv",8
"2023-11-24","11:31:00",9,"iButton_R8.csv",8
"2023-11-24","15:46:00",9,"iButton_R8.csv",8
"2023-11-24","20:01:00",9,"iButton_R8.csv",8
"2023-11-25","00:16:00",9,"iButton_R8.csv",8
"2023-11-25","04:31:00",9,"iButton_R8.csv",8
"2023-11-25","08:46:00",9,"iButton_R8.csv",8
"2023-11-25","13:01:00",9,"iButton_R8.csv",8
"2023-11-25","17:16:00",9,"iButton_R8.csv",8
"2023-11-25","21:31:00",8.5,"iButton_R8.csv",8
"2023-11-26","01:46:00",8.5,"iButton_R8.csv",8
"2023-11-26","06:01:00",8.5,"iButton_R8.csv",8
"2023-11-26","10:16:00",8.5,"iButton_R8.csv",8
"2023-11-26","14:31:00",8.5,"iButton_R8.csv",8
"2023-11-26","18:46:00",8.5,"iButton_R8.csv",8
"2023-11-26","23:01:00",8.5,"iButton_R8.csv",8
"2023-11-27","03:16:00",8.5,"iButton_R8.csv",8
"2023-11-27","07:31:00",8.5,"iButton_R8.csv",8
"2023-11-27","11:46:00",8.5,"iButton_R8.csv",8
"2023-11-27","16:01:00",8,"iButton_R8.csv",8
"2023-11-27","20:16:00",8,"iButton_R8.csv",8
"2023-11-28","00:31:00",8,"iButton_R8.csv",8
"2023-11-28","04:46:00",8,"iButton_R8.csv",8
"2023-11-28","09:01:00",8,"iButton_R8.csv",8
"2023-11-28","13:16:00",8,"iButton_R8.csv",8
"2023-11-28","17:31:00",8,"iButton_R8.csv",8
"2023-11-28","21:46:00",8,"iButton_R8.csv",8
"2023-11-29","02:01:00",7.5,"iButton_R8.csv",8
"2023-11-29","06:16:00",7.5,"iButton_R8.csv",8
"2023-11-29","10:31:00",7.5,"iButton_R8.csv",8
"2023-11-29","14:46:00",7.5,"iButton_R8.csv",8
"2023-11-29","19:01:00",7.5,"iButton_R8.csv",8
"2023-11-29","23:16:00",7.5,"iButton_R8.csv",8
"2023-11-30","03:31:00",7.5,"iButton_R8.csv",8
"2023-11-30","07:46:00",7.5,"iButton_R8.csv",8
"2023-11-30","12:01:00",7.5,"iButton_R8.csv",8
"2023-11-30","16:16:00",7.5,"iButton_R8.csv",8
"2023-11-30","20:31:00",7.5,"iButton_R8.csv",8
"2023-12-01","00:46:00",7.5,"iButton_R8.csv",8
"2023-12-01","05:01:00",7,"iButton_R8.csv",8
"2023-12-01","09:16:00",7,"iButton_R8.csv",8
"2023-12-01","13:31:00",7,"iButton_R8.csv",8
"2023-12-01","17:46:00",7,"iButton_R8.csv",8
"2023-12-01","22:01:00",7,"iButton_R8.csv",8
"2023-12-02","02:16:00",7,"iButton_R8.csv",8
"2023-12-02","06:31:00",7,"iButton_R8.csv",8
"2023-12-02","10:46:00",7,"iButton_R8.csv",8
"2023-12-02","15:01:00",7,"iButton_R8.csv",8
"2023-12-02","19:16:00",7,"iButton_R8.csv",8
"2023-12-02","23:31:00",7,"iButton_R8.csv",8
"2023-12-03","03:46:00",7,"iButton_R8.csv",8
"2023-12-03","08:01:00",7,"iButton_R8.csv",8
"2023-12-03","12:16:00",7,"iButton_R8.csv",8
"2023-12-03","16:31:00",7,"iButton_R8.csv",8
"2023-12-03","20:46:00",6.5,"iButton_R8.csv",8
"2023-12-04","01:01:00",6.5,"iButton_R8.csv",8
"2023-12-04","05:16:00",6.5,"iButton_R8.csv",8
"2023-12-04","09:31:00",6.5,"iButton_R8.csv",8
"2023-12-04","13:46:00",6.5,"iButton_R8.csv",8
"2023-12-04","18:01:00",6.5,"iButton_R8.csv",8
"2023-12-04","22:16:00",6.5,"iButton_R8.csv",8
"2023-12-05","02:31:00",6.5,"iButton_R8.csv",8
"2023-12-05","06:46:00",6.5,"iButton_R8.csv",8
"2023-12-05","11:01:00",6.5,"iButton_R8.csv",8
"2023-12-05","15:16:00",6.5,"iButton_R8.csv",8
"2023-12-05","19:31:00",6.5,"iButton_R8.csv",8
"2023-12-05","23:46:00",6.5,"iButton_R8.csv",8
"2023-12-06","04:01:00",6.5,"iButton_R8.csv",8
"2023-12-06","08:16:00",6.5,"iButton_R8.csv",8
"2023-12-06","12:31:00",6.5,"iButton_R8.csv",8
"2023-12-06","16:46:00",6.5,"iButton_R8.csv",8
"2023-12-06","21:01:00",6.5,"iButton_R8.csv",8
"2023-12-07","01:16:00",6.5,"iButton_R8.csv",8
"2023-12-07","05:31:00",6.5,"iButton_R8.csv",8
"2023-12-07","09:46:00",6.5,"iButton_R8.csv",8
"2023-12-07","14:01:00",6.5,"iButton_R8.csv",8
"2023-12-07","18:16:00",6.5,"iButton_R8.csv",8
"2023-12-07","22:31:00",6.5,"iButton_R8.csv",8
"2023-12-08","02:46:00",6.5,"iButton_R8.csv",8
"2023-12-08","07:01:00",6.5,"iButton_R8.csv",8
"2023-12-08","11:16:00",6.5,"iButton_R8.csv",8
"2023-12-08","15:31:00",6.5,"iButton_R8.csv",8
"2023-12-08","19:46:00",6.5,"iButton_R8.csv",8
"2023-12-09","00:01:00",6.5,"iButton_R8.csv",8
"2023-12-09","04:16:00",6.5,"iButton_R8.csv",8
"2023-12-09","08:31:00",6.5,"iButton_R8.csv",8
"2023-12-09","12:46:00",6.5,"iButton_R8.csv",8
"2023-12-09","17:01:00",6.5,"iButton_R8.csv",8
"2023-12-09","21:16:00",6.5,"iButton_R8.csv",8
"2023-12-10","01:31:00",6.5,"iButton_R8.csv",8
"2023-12-10","05:46:00",6,"iButton_R8.csv",8
"2023-12-10","10:01:00",6,"iButton_R8.csv",8
"2023-12-10","14:16:00",6,"iButton_R8.csv",8
"2023-12-10","18:31:00",6,"iButton_R8.csv",8
"2023-12-10","22:46:00",6,"iButton_R8.csv",8
"2023-12-11","03:01:00",6,"iButton_R8.csv",8
"2023-12-11","07:16:00",6,"iButton_R8.csv",8
"2023-12-11","11:31:00",6.5,"iButton_R8.csv",8
"2023-12-11","15:46:00",6.5,"iButton_R8.csv",8
"2023-12-11","20:01:00",6.5,"iButton_R8.csv",8
"2023-12-12","00:16:00",6.5,"iButton_R8.csv",8
"2023-12-12","04:31:00",6.5,"iButton_R8.csv",8
"2023-12-12","08:46:00",6.5,"iButton_R8.csv",8
"2023-12-12","13:01:00",6.5,"iButton_R8.csv",8
"2023-12-12","17:16:00",6.5,"iButton_R8.csv",8
"2023-12-12","21:31:00",6.5,"iButton_R8.csv",8
"2023-12-13","01:46:00",6.5,"iButton_R8.csv",8
"2023-12-13","06:01:00",6.5,"iButton_R8.csv",8
"2023-12-13","10:16:00",6.5,"iButton_R8.csv",8
"2023-12-13","14:31:00",6.5,"iButton_R8.csv",8
"2023-12-13","18:46:00",6.5,"iButton_R8.csv",8
"2023-12-13","23:01:00",6.5,"iButton_R8.csv",8
"2023-12-14","03:16:00",6.5,"iButton_R8.csv",8
"2023-12-14","07:31:00",6.5,"iButton_R8.csv",8
"2023-12-14","11:46:00",6.5,"iButton_R8.csv",8
"2023-12-14","16:01:00",6.5,"iButton_R8.csv",8
"2023-12-14","20:16:00",6.5,"iButton_R8.csv",8
"2023-12-15","00:31:00",6.5,"iButton_R8.csv",8
"2023-12-15","04:46:00",6.5,"iButton_R8.csv",8
"2023-12-15","09:01:00",6.5,"iButton_R8.csv",8
"2023-12-15","13:16:00",6.5,"iButton_R8.csv",8
"2023-12-15","17:31:00",6.5,"iButton_R8.csv",8
"2023-12-15","21:46:00",6.5,"iButton_R8.csv",8
"2023-12-16","02:01:00",6.5,"iButton_R8.csv",8
"2023-12-16","06:16:00",6.5,"iButton_R8.csv",8
"2023-12-16","10:31:00",6.5,"iButton_R8.csv",8
"2023-12-16","14:46:00",6.5,"iButton_R8.csv",8
"2023-12-16","19:01:00",6.5,"iButton_R8.csv",8
"2023-12-16","23:16:00",6.5,"iButton_R8.csv",8
"2023-12-17","03:31:00",6.5,"iButton_R8.csv",8
"2023-12-17","07:46:00",6.5,"iButton_R8.csv",8
"2023-12-17","12:01:00",6.5,"iButton_R8.csv",8
"2023-12-17","16:16:00",6.5,"iButton_R8.csv",8
"2023-12-17","20:31:00",6.5,"iButton_R8.csv",8
"2023-12-18","00:46:00",6.5,"iButton_R8.csv",8
"2023-12-18","05:01:00",6.5,"iButton_R8.csv",8
"2023-12-18","09:16:00",6.5,"iButton_R8.csv",8
"2023-12-18","13:31:00",6.5,"iButton_R8.csv",8
"2023-12-18","17:46:00",6.5,"iButton_R8.csv",8
"2023-12-18","22:01:00",6.5,"iButton_R8.csv",8
"2023-12-19","02:16:00",6.5,"iButton_R8.csv",8
"2023-12-19","06:31:00",6.5,"iButton_R8.csv",8
"2023-12-19","10:46:00",6.5,"iButton_R8.csv",8
"2023-12-19","15:01:00",6.5,"iButton_R8.csv",8
"2023-12-19","19:16:00",6.5,"iButton_R8.csv",8
"2023-12-19","23:31:00",6.5,"iButton_R8.csv",8
"2023-12-20","03:46:00",6.5,"iButton_R8.csv",8
"2023-12-20","08:01:00",6.5,"iButton_R8.csv",8
"2023-12-20","12:16:00",6.5,"iButton_R8.csv",8
"2023-12-20","16:31:00",6.5,"iButton_R8.csv",8
"2023-12-20","20:46:00",6.5,"iButton_R8.csv",8
"2023-12-21","01:01:00",6.5,"iButton_R8.csv",8
"2023-12-21","05:16:00",6.5,"iButton_R8.csv",8
"2023-12-21","09:31:00",6.5,"iButton_R8.csv",8
"2023-12-21","13:46:00",7,"iButton_R8.csv",8
"2023-12-21","18:01:00",6.5,"iButton_R8.csv",8
"2023-12-21","22:16:00",6.5,"iButton_R8.csv",8
"2023-12-22","02:31:00",6.5,"iButton_R8.csv",8
"2023-12-22","06:46:00",6.5,"iButton_R8.csv",8
"2023-12-22","11:01:00",6.5,"iButton_R8.csv",8
"2023-12-22","15:16:00",6.5,"iButton_R8.csv",8
"2023-12-22","19:31:00",6.5,"iButton_R8.csv",8
"2023-12-22","23:46:00",6.5,"iButton_R8.csv",8
"2023-12-23","04:01:00",6.5,"iButton_R8.csv",8
"2023-12-23","08:16:00",6.5,"iButton_R8.csv",8
"2023-12-23","12:31:00",6.5,"iButton_R8.csv",8
"2023-12-23","16:46:00",6.5,"iButton_R8.csv",8
"2023-12-23","21:01:00",6.5,"iButton_R8.csv",8
"2023-12-24","01:16:00",6.5,"iButton_R8.csv",8
"2023-12-24","05:31:00",6.5,"iButton_R8.csv",8
"2023-12-24","09:46:00",6.5,"iButton_R8.csv",8
"2023-12-24","14:01:00",6.5,"iButton_R8.csv",8
"2023-12-24","18:16:00",6.5,"iButton_R8.csv",8
"2023-12-24","22:31:00",6.5,"iButton_R8.csv",8
"2023-12-25","02:46:00",6.5,"iButton_R8.csv",8
"2023-12-25","07:01:00",6.5,"iButton_R8.csv",8
"2023-12-25","11:16:00",6.5,"iButton_R8.csv",8
"2023-12-25","15:31:00",6.5,"iButton_R8.csv",8
"2023-12-25","19:46:00",6.5,"iButton_R8.csv",8
"2023-12-26","00:01:00",6.5,"iButton_R8.csv",8
"2023-12-26","04:16:00",6.5,"iButton_R8.csv",8
"2023-12-26","08:31:00",6.5,"iButton_R8.csv",8
"2023-12-26","12:46:00",6.5,"iButton_R8.csv",8
"2023-12-26","17:01:00",6.5,"iButton_R8.csv",8
"2023-12-26","21:16:00",6.5,"iButton_R8.csv",8
"2023-12-27","01:31:00",6.5,"iButton_R8.csv",8
"2023-12-27","05:46:00",6.5,"iButton_R8.csv",8
"2023-12-27","10:01:00",6.5,"iButton_R8.csv",8
"2023-12-27","14:16:00",6.5,"iButton_R8.csv",8
"2023-12-27","18:31:00",6.5,"iButton_R8.csv",8
"2023-12-27","22:46:00",6.5,"iButton_R8.csv",8
"2023-12-28","03:01:00",6.5,"iButton_R8.csv",8
"2023-12-28","07:16:00",6.5,"iButton_R8.csv",8
"2023-12-28","11:31:00",6.5,"iButton_R8.csv",8
"2023-12-28","15:46:00",6.5,"iButton_R8.csv",8
"2023-12-28","20:01:00",6.5,"iButton_R8.csv",8
"2023-12-29","00:16:00",6.5,"iButton_R8.csv",8
"2023-12-29","04:31:00",6.5,"iButton_R8.csv",8
"2023-12-29","08:46:00",6.5,"iButton_R8.csv",8
"2023-12-29","13:01:00",6.5,"iButton_R8.csv",8
"2023-12-29","17:16:00",6.5,"iButton_R8.csv",8
"2023-12-29","21:31:00",6.5,"iButton_R8.csv",8
"2023-12-30","01:46:00",6.5,"iButton_R8.csv",8
"2023-12-30","06:01:00",6.5,"iButton_R8.csv",8
"2023-12-30","10:16:00",6.5,"iButton_R8.csv",8
"2023-12-30","14:31:00",6.5,"iButton_R8.csv",8
"2023-12-30","18:46:00",6.5,"iButton_R8.csv",8
"2023-12-30","23:01:00",6.5,"iButton_R8.csv",8
"2023-12-31","03:16:00",6.5,"iButton_R8.csv",8
"2023-12-31","07:31:00",6.5,"iButton_R8.csv",8
"2023-12-31","11:46:00",6.5,"iButton_R8.csv",8
"2023-12-31","16:01:00",6.5,"iButton_R8.csv",8
"2023-12-31","20:16:00",6.5,"iButton_R8.csv",8
"2024-01-01","00:31:00",6.5,"iButton_R8.csv",8
"2024-01-01","04:46:00",6.5,"iButton_R8.csv",8
"2024-01-01","09:01:00",6.5,"iButton_R8.csv",8
"2024-01-01","13:16:00",6.5,"iButton_R8.csv",8
"2024-01-01","17:31:00",6.5,"iButton_R8.csv",8
"2024-01-01","21:46:00",6.5,"iButton_R8.csv",8
"2024-01-02","02:01:00",6.5,"iButton_R8.csv",8
"2024-01-02","06:16:00",6.5,"iButton_R8.csv",8
"2024-01-02","10:31:00",6.5,"iButton_R8.csv",8
"2024-01-02","14:46:00",6.5,"iButton_R8.csv",8
"2024-01-02","19:01:00",6.5,"iButton_R8.csv",8
"2024-01-02","23:16:00",6.5,"iButton_R8.csv",8
"2024-01-03","03:31:00",6.5,"iButton_R8.csv",8
"2024-01-03","07:46:00",6.5,"iButton_R8.csv",8
"2024-01-03","12:01:00",6.5,"iButton_R8.csv",8
"2024-01-03","16:16:00",6.5,"iButton_R8.csv",8
"2024-01-03","20:31:00",6.5,"iButton_R8.csv",8
"2024-01-04","00:46:00",6.5,"iButton_R8.csv",8
"2024-01-04","05:01:00",6.5,"iButton_R8.csv",8
"2024-01-04","09:16:00",6.5,"iButton_R8.csv",8
"2024-01-04","13:31:00",7,"iButton_R8.csv",8
"2024-01-04","17:46:00",6.5,"iButton_R8.csv",8
"2024-01-04","22:01:00",6.5,"iButton_R8.csv",8
"2024-01-05","02:16:00",6.5,"iButton_R8.csv",8
"2024-01-05","06:31:00",6.5,"iButton_R8.csv",8
"2024-01-05","10:46:00",6.5,"iButton_R8.csv",8
"2024-01-05","15:01:00",6.5,"iButton_R8.csv",8
"2024-01-05","19:16:00",6.5,"iButton_R8.csv",8
"2024-01-05","23:31:00",6.5,"iButton_R8.csv",8
"2024-01-06","03:46:00",6.5,"iButton_R8.csv",8
"2024-01-06","08:01:00",6.5,"iButton_R8.csv",8
"2024-01-06","12:16:00",6.5,"iButton_R8.csv",8
"2024-01-06","16:31:00",6.5,"iButton_R8.csv",8
"2024-01-06","20:46:00",6.5,"iButton_R8.csv",8
"2024-01-07","01:01:00",6.5,"iButton_R8.csv",8
"2024-01-07","05:16:00",6.5,"iButton_R8.csv",8
"2024-01-07","09:31:00",6.5,"iButton_R8.csv",8
"2024-01-07","13:46:00",6.5,"iButton_R8.csv",8
"2024-01-07","18:01:00",6,"iButton_R8.csv",8
"2024-01-07","22:16:00",6,"iButton_R8.csv",8
"2024-01-08","02:31:00",6,"iButton_R8.csv",8
"2024-01-08","06:46:00",6,"iButton_R8.csv",8
"2024-01-08","11:01:00",6,"iButton_R8.csv",8
"2024-01-08","15:16:00",6,"iButton_R8.csv",8
"2024-01-08","19:31:00",6,"iButton_R8.csv",8
"2024-01-08","23:46:00",6,"iButton_R8.csv",8
"2024-01-09","04:01:00",6,"iButton_R8.csv",8
"2024-01-09","08:16:00",6,"iButton_R8.csv",8
"2024-01-09","12:31:00",6,"iButton_R8.csv",8
"2024-01-09","16:46:00",6,"iButton_R8.csv",8
"2024-01-09","21:01:00",6,"iButton_R8.csv",8
"2024-01-10","01:16:00",6,"iButton_R8.csv",8
"2024-01-10","05:31:00",6,"iButton_R8.csv",8
"2024-01-10","09:46:00",5.5,"iButton_R8.csv",8
"2024-01-10","14:01:00",5.5,"iButton_R8.csv",8
"2024-01-10","18:16:00",5.5,"iButton_R8.csv",8
"2024-01-10","22:31:00",5.5,"iButton_R8.csv",8
"2024-01-11","02:46:00",5.5,"iButton_R8.csv",8
"2024-01-11","07:01:00",5.5,"iButton_R8.csv",8
"2024-01-11","11:16:00",5.5,"iButton_R8.csv",8
"2024-01-11","15:31:00",5.5,"iButton_R8.csv",8
"2024-01-11","19:46:00",5.5,"iButton_R8.csv",8
"2024-01-12","00:01:00",5.5,"iButton_R8.csv",8
"2024-01-12","04:16:00",5.5,"iButton_R8.csv",8
"2024-01-12","08:31:00",5.5,"iButton_R8.csv",8
"2024-01-12","12:46:00",5.5,"iButton_R8.csv",8
"2024-01-12","17:01:00",5.5,"iButton_R8.csv",8
"2024-01-12","21:16:00",5.5,"iButton_R8.csv",8
"2024-01-13","01:31:00",5.5,"iButton_R8.csv",8
"2024-01-13","05:46:00",5.5,"iButton_R8.csv",8
"2024-01-13","10:01:00",5.5,"iButton_R8.csv",8
"2024-01-13","14:16:00",5.5,"iButton_R8.csv",8
"2024-01-13","18:31:00",5.5,"iButton_R8.csv",8
"2024-01-13","22:46:00",5.5,"iButton_R8.csv",8
"2024-01-14","03:01:00",5.5,"iButton_R8.csv",8
"2024-01-14","07:16:00",5.5,"iButton_R8.csv",8
"2024-01-14","11:31:00",5.5,"iButton_R8.csv",8
"2024-01-14","15:46:00",5.5,"iButton_R8.csv",8
"2024-01-14","20:01:00",5.5,"iButton_R8.csv",8
"2024-01-15","00:16:00",5.5,"iButton_R8.csv",8
"2024-01-15","04:31:00",5.5,"iButton_R8.csv",8
"2024-01-15","08:46:00",5.5,"iButton_R8.csv",8
"2024-01-15","13:01:00",5.5,"iButton_R8.csv",8
"2024-01-15","17:16:00",5.5,"iButton_R8.csv",8
"2024-01-15","21:31:00",5.5,"iButton_R8.csv",8
"2024-01-16","01:46:00",5.5,"iButton_R8.csv",8
"2024-01-16","06:01:00",5.5,"iButton_R8.csv",8
"2024-01-16","10:16:00",5.5,"iButton_R8.csv",8
"2024-01-16","14:31:00",5.5,"iButton_R8.csv",8
"2024-01-16","18:46:00",5.5,"iButton_R8.csv",8
"2024-01-16","23:01:00",5.5,"iButton_R8.csv",8
"2024-01-17","03:16:00",5.5,"iButton_R8.csv",8
"2024-01-17","07:31:00",5,"iButton_R8.csv",8
"2024-01-17","11:46:00",5,"iButton_R8.csv",8
"2024-01-17","16:01:00",5,"iButton_R8.csv",8
"2024-01-17","20:16:00",5,"iButton_R8.csv",8
"2024-01-18","00:31:00",5,"iButton_R8.csv",8
"2024-01-18","04:46:00",5,"iButton_R8.csv",8
"2024-01-18","09:01:00",5,"iButton_R8.csv",8
"2024-01-18","13:16:00",5,"iButton_R8.csv",8
"2024-01-18","17:31:00",5,"iButton_R8.csv",8
"2024-01-18","21:46:00",5,"iButton_R8.csv",8
"2024-01-19","02:01:00",5,"iButton_R8.csv",8
"2024-01-19","06:16:00",5,"iButton_R8.csv",8
"2024-01-19","10:31:00",5,"iButton_R8.csv",8
"2024-01-19","14:46:00",5,"iButton_R8.csv",8
"2024-01-19","19:01:00",5,"iButton_R8.csv",8
"2024-01-19","23:16:00",5,"iButton_R8.csv",8
"2024-01-20","03:31:00",5,"iButton_R8.csv",8
"2024-01-20","07:46:00",5,"iButton_R8.csv",8
"2024-01-20","12:01:00",5,"iButton_R8.csv",8
"2024-01-20","16:16:00",5,"iButton_R8.csv",8
"2024-01-20","20:31:00",5,"iButton_R8.csv",8
"2024-01-21","00:46:00",5,"iButton_R8.csv",8
"2024-01-21","05:01:00",5,"iButton_R8.csv",8
"2024-01-21","09:16:00",5,"iButton_R8.csv",8
"2024-01-21","13:31:00",5,"iButton_R8.csv",8
"2024-01-21","17:46:00",5,"iButton_R8.csv",8
"2024-01-21","22:01:00",5,"iButton_R8.csv",8
"2024-01-22","02:16:00",5,"iButton_R8.csv",8
"2024-01-22","06:31:00",5,"iButton_R8.csv",8
"2024-01-22","10:46:00",5,"iButton_R8.csv",8
"2024-01-22","15:01:00",5,"iButton_R8.csv",8
"2024-01-22","19:16:00",5,"iButton_R8.csv",8
"2024-01-22","23:31:00",5,"iButton_R8.csv",8
"2024-01-23","03:46:00",5,"iButton_R8.csv",8
"2024-01-23","08:01:00",5,"iButton_R8.csv",8
"2024-01-23","12:16:00",5,"iButton_R8.csv",8
"2024-01-23","16:31:00",5,"iButton_R8.csv",8
"2024-01-23","20:46:00",5,"iButton_R8.csv",8
"2024-01-24","01:01:00",5,"iButton_R8.csv",8
"2024-01-24","05:16:00",5,"iButton_R8.csv",8
"2024-01-24","09:31:00",5,"iButton_R8.csv",8
"2024-01-24","13:46:00",5,"iButton_R8.csv",8
"2024-01-24","18:01:00",5,"iButton_R8.csv",8
"2024-01-24","22:16:00",5,"iButton_R8.csv",8
"2024-01-25","02:31:00",5,"iButton_R8.csv",8
"2024-01-25","06:46:00",5,"iButton_R8.csv",8
"2024-01-25","11:01:00",5,"iButton_R8.csv",8
"2024-01-25","15:16:00",5,"iButton_R8.csv",8
"2024-01-25","19:31:00",5,"iButton_R8.csv",8
"2024-01-25","23:46:00",5,"iButton_R8.csv",8
"2024-01-26","04:01:00",5,"iButton_R8.csv",8
"2024-01-26","08:16:00",5,"iButton_R8.csv",8
"2024-01-26","12:31:00",5,"iButton_R8.csv",8
"2024-01-26","16:46:00",5.5,"iButton_R8.csv",8
"2024-01-26","21:01:00",5.5,"iButton_R8.csv",8
"2024-01-27","01:16:00",5.5,"iButton_R8.csv",8
"2024-01-27","05:31:00",5.5,"iButton_R8.csv",8
"2024-01-27","09:46:00",5.5,"iButton_R8.csv",8
"2024-01-27","14:01:00",5.5,"iButton_R8.csv",8
"2024-01-27","18:16:00",5.5,"iButton_R8.csv",8
"2024-01-27","22:31:00",5.5,"iButton_R8.csv",8
"2024-01-28","02:46:00",5.5,"iButton_R8.csv",8
"2024-01-28","07:01:00",5.5,"iButton_R8.csv",8
"2024-01-28","11:16:00",5.5,"iButton_R8.csv",8
"2024-01-28","15:31:00",5.5,"iButton_R8.csv",8
"2024-01-28","19:46:00",5.5,"iButton_R8.csv",8
"2024-01-29","00:01:00",5.5,"iButton_R8.csv",8
"2024-01-29","04:16:00",5.5,"iButton_R8.csv",8
"2024-01-29","08:31:00",5.5,"iButton_R8.csv",8
"2024-01-29","12:46:00",5.5,"iButton_R8.csv",8
"2024-01-29","17:01:00",5.5,"iButton_R8.csv",8
"2024-01-29","21:16:00",5.5,"iButton_R8.csv",8
"2024-01-30","01:31:00",5.5,"iButton_R8.csv",8
"2024-01-30","05:46:00",5.5,"iButton_R8.csv",8
"2024-01-30","10:01:00",5.5,"iButton_R8.csv",8
"2024-01-30","14:16:00",5.5,"iButton_R8.csv",8
"2024-01-30","18:31:00",5.5,"iButton_R8.csv",8
"2024-01-30","22:46:00",5.5,"iButton_R8.csv",8
"2024-01-31","03:01:00",5.5,"iButton_R8.csv",8
"2024-01-31","07:16:00",5.5,"iButton_R8.csv",8
"2024-01-31","11:31:00",5.5,"iButton_R8.csv",8
"2024-01-31","15:46:00",5.5,"iButton_R8.csv",8
"2024-01-31","20:01:00",5.5,"iButton_R8.csv",8
"2024-02-01","00:16:00",5.5,"iButton_R8.csv",8
"2024-02-01","04:31:00",5.5,"iButton_R8.csv",8
"2024-02-01","08:46:00",5.5,"iButton_R8.csv",8
"2024-02-01","13:01:00",5.5,"iButton_R8.csv",8
"2024-02-01","17:16:00",5.5,"iButton_R8.csv",8
"2024-02-01","21:31:00",5.5,"iButton_R8.csv",8
"2024-02-02","01:46:00",5.5,"iButton_R8.csv",8
"2024-02-02","06:01:00",5.5,"iButton_R8.csv",8
"2024-02-02","10:16:00",5.5,"iButton_R8.csv",8
"2024-02-02","14:31:00",5.5,"iButton_R8.csv",8
"2024-02-02","18:46:00",5.5,"iButton_R8.csv",8
"2024-02-02","23:01:00",5.5,"iButton_R8.csv",8
"2024-02-03","03:16:00",5.5,"iButton_R8.csv",8
"2024-02-03","07:31:00",5.5,"iButton_R8.csv",8
"2024-02-03","11:46:00",5.5,"iButton_R8.csv",8
"2024-02-03","16:01:00",5.5,"iButton_R8.csv",8
"2024-02-03","20:16:00",5.5,"iButton_R8.csv",8
"2024-02-04","00:31:00",5.5,"iButton_R8.csv",8
"2024-02-04","04:46:00",5.5,"iButton_R8.csv",8
"2024-02-04","09:01:00",5.5,"iButton_R8.csv",8
"2024-02-04","13:16:00",5.5,"iButton_R8.csv",8
"2024-02-04","17:31:00",5.5,"iButton_R8.csv",8
"2024-02-04","21:46:00",5.5,"iButton_R8.csv",8
"2024-02-05","02:01:00",5.5,"iButton_R8.csv",8
"2024-02-05","06:16:00",5.5,"iButton_R8.csv",8
"2024-02-05","10:31:00",5.5,"iButton_R8.csv",8
"2024-02-05","14:46:00",5.5,"iButton_R8.csv",8
"2024-02-05","19:01:00",5.5,"iButton_R8.csv",8
"2024-02-05","23:16:00",5.5,"iButton_R8.csv",8
"2024-02-06","03:31:00",5.5,"iButton_R8.csv",8
"2024-02-06","07:46:00",5.5,"iButton_R8.csv",8
"2024-02-06","12:01:00",5.5,"iButton_R8.csv",8
"2024-02-06","16:16:00",6,"iButton_R8.csv",8
"2024-02-06","20:31:00",6,"iButton_R8.csv",8
"2024-02-07","00:46:00",6,"iButton_R8.csv",8
"2024-02-07","05:01:00",6,"iButton_R8.csv",8
"2024-02-07","09:16:00",6,"iButton_R8.csv",8
"2024-02-07","13:31:00",6,"iButton_R8.csv",8
"2024-02-07","17:46:00",6,"iButton_R8.csv",8
"2024-02-07","22:01:00",6,"iButton_R8.csv",8
"2024-02-08","02:16:00",6,"iButton_R8.csv",8
"2024-02-08","06:31:00",6,"iButton_R8.csv",8
"2024-02-08","10:46:00",5.5,"iButton_R8.csv",8
"2024-02-08","15:01:00",5.5,"iButton_R8.csv",8
"2024-02-08","19:16:00",5.5,"iButton_R8.csv",8
"2024-02-08","23:31:00",5.5,"iButton_R8.csv",8
"2024-02-09","03:46:00",5.5,"iButton_R8.csv",8
"2024-02-09","08:01:00",5.5,"iButton_R8.csv",8
"2024-02-09","12:16:00",5.5,"iButton_R8.csv",8
"2024-02-09","16:31:00",5.5,"iButton_R8.csv",8
"2024-02-09","20:46:00",5.5,"iButton_R8.csv",8
"2024-02-10","01:01:00",5.5,"iButton_R8.csv",8
"2024-02-10","05:16:00",5.5,"iButton_R8.csv",8
"2024-02-10","09:31:00",5.5,"iButton_R8.csv",8
"2024-02-10","13:46:00",5.5,"iButton_R8.csv",8
"2024-02-10","18:01:00",5.5,"iButton_R8.csv",8
"2024-02-10","22:16:00",5.5,"iButton_R8.csv",8
"2024-02-11","02:31:00",5.5,"iButton_R8.csv",8
"2024-02-11","06:46:00",5.5,"iButton_R8.csv",8
"2024-02-11","11:01:00",5.5,"iButton_R8.csv",8
"2024-02-11","15:16:00",5.5,"iButton_R8.csv",8
"2024-02-11","19:31:00",5.5,"iButton_R8.csv",8
"2024-02-11","23:46:00",5.5,"iButton_R8.csv",8
"2024-02-12","04:01:00",5.5,"iButton_R8.csv",8
"2024-02-12","08:16:00",5.5,"iButton_R8.csv",8
"2024-02-12","12:31:00",5.5,"iButton_R8.csv",8
"2024-02-12","16:46:00",5.5,"iButton_R8.csv",8
"2024-02-12","21:01:00",5.5,"iButton_R8.csv",8
"2024-02-13","01:16:00",5.5,"iButton_R8.csv",8
"2024-02-13","05:31:00",5.5,"iButton_R8.csv",8
"2024-02-13","09:46:00",5.5,"iButton_R8.csv",8
"2024-02-13","14:01:00",5.5,"iButton_R8.csv",8
"2024-02-13","18:16:00",5.5,"iButton_R8.csv",8
"2024-02-13","22:31:00",5.5,"iButton_R8.csv",8
"2024-02-14","02:46:00",5.5,"iButton_R8.csv",8
"2024-02-14","07:01:00",5.5,"iButton_R8.csv",8
"2024-02-14","11:16:00",5.5,"iButton_R8.csv",8
"2024-02-14","15:31:00",5.5,"iButton_R8.csv",8
"2024-02-14","19:46:00",5.5,"iButton_R8.csv",8
"2024-02-15","00:01:00",5.5,"iButton_R8.csv",8
"2024-02-15","04:16:00",5.5,"iButton_R8.csv",8
"2024-02-15","08:31:00",5.5,"iButton_R8.csv",8
"2024-02-15","12:46:00",5.5,"iButton_R8.csv",8
"2024-02-15","17:01:00",5.5,"iButton_R8.csv",8
"2024-02-15","21:16:00",6,"iButton_R8.csv",8
"2024-02-16","01:31:00",6,"iButton_R8.csv",8
"2024-02-16","05:46:00",6,"iButton_R8.csv",8
"2024-02-16","10:01:00",6,"iButton_R8.csv",8
"2024-02-16","14:16:00",6,"iButton_R8.csv",8
"2024-02-16","18:31:00",6,"iButton_R8.csv",8
"2024-02-16","22:46:00",6,"iButton_R8.csv",8
"2024-02-17","03:01:00",6,"iButton_R8.csv",8
"2024-02-17","07:16:00",6,"iButton_R8.csv",8
"2024-02-17","11:31:00",6,"iButton_R8.csv",8
"2024-02-17","15:46:00",6,"iButton_R8.csv",8
"2024-02-17","20:01:00",6,"iButton_R8.csv",8
"2024-02-18","00:16:00",6,"iButton_R8.csv",8
"2024-02-18","04:31:00",6,"iButton_R8.csv",8
"2024-02-18","08:46:00",6,"iButton_R8.csv",8
"2024-02-18","13:01:00",6,"iButton_R8.csv",8
"2024-02-18","17:16:00",6,"iButton_R8.csv",8
"2024-02-18","21:31:00",6,"iButton_R8.csv",8
"2024-02-19","01:46:00",6,"iButton_R8.csv",8
"2024-02-19","06:01:00",6,"iButton_R8.csv",8
"2024-02-19","10:16:00",6,"iButton_R8.csv",8
"2024-02-19","14:31:00",6,"iButton_R8.csv",8
"2024-02-19","18:46:00",6,"iButton_R8.csv",8
"2024-02-19","23:01:00",6,"iButton_R8.csv",8
"2024-02-20","03:16:00",6,"iButton_R8.csv",8
"2024-02-20","07:31:00",6,"iButton_R8.csv",8
"2024-02-20","11:46:00",6,"iButton_R8.csv",8
"2024-02-20","16:01:00",6,"iButton_R8.csv",8
"2024-02-20","20:16:00",6,"iButton_R8.csv",8
"2024-02-21","00:31:00",6,"iButton_R8.csv",8
"2024-02-21","04:46:00",6,"iButton_R8.csv",8
"2024-02-21","09:01:00",6,"iButton_R8.csv",8
"2024-02-21","13:16:00",6,"iButton_R8.csv",8
"2024-02-21","17:31:00",6,"iButton_R8.csv",8
"2024-02-21","21:46:00",6,"iButton_R8.csv",8
"2024-02-22","02:01:00",6,"iButton_R8.csv",8
"2024-02-22","06:16:00",6,"iButton_R8.csv",8
"2024-02-22","10:31:00",6,"iButton_R8.csv",8
"2024-02-22","14:46:00",6,"iButton_R8.csv",8
"2024-02-22","19:01:00",6,"iButton_R8.csv",8
"2024-02-22","23:16:00",6,"iButton_R8.csv",8
"2024-02-23","03:31:00",6,"iButton_R8.csv",8
"2024-02-23","07:46:00",6,"iButton_R8.csv",8
"2024-02-23","12:01:00",6,"iButton_R8.csv",8
"2024-02-23","16:16:00",6.5,"iButton_R8.csv",8
"2024-02-23","20:31:00",6.5,"iButton_R8.csv",8
"2024-02-24","00:46:00",6.5,"iButton_R8.csv",8
"2024-02-24","05:01:00",6.5,"iButton_R8.csv",8
"2024-02-24","09:16:00",6.5,"iButton_R8.csv",8
"2024-02-24","13:31:00",6.5,"iButton_R8.csv",8
"2024-02-24","17:46:00",6.5,"iButton_R8.csv",8
"2024-02-24","22:01:00",6.5,"iButton_R8.csv",8
"2024-02-25","02:16:00",6.5,"iButton_R8.csv",8
"2024-02-25","06:31:00",6,"iButton_R8.csv",8
"2024-02-25","10:46:00",6,"iButton_R8.csv",8
"2024-02-25","15:01:00",6.5,"iButton_R8.csv",8
"2024-02-25","19:16:00",6,"iButton_R8.csv",8
"2024-02-25","23:31:00",6,"iButton_R8.csv",8
"2024-02-26","03:46:00",6,"iButton_R8.csv",8
"2024-02-26","08:01:00",6,"iButton_R8.csv",8
"2024-02-26","12:16:00",6,"iButton_R8.csv",8
"2024-02-26","16:31:00",6,"iButton_R8.csv",8
"2024-02-26","20:46:00",6,"iButton_R8.csv",8
"2024-02-27","01:01:00",6,"iButton_R8.csv",8
"2024-02-27","05:16:00",6,"iButton_R8.csv",8
"2024-02-27","09:31:00",6,"iButton_R8.csv",8
"2024-02-27","13:46:00",6,"iButton_R8.csv",8
"2024-02-27","18:01:00",6,"iButton_R8.csv",8
"2024-02-27","22:16:00",6,"iButton_R8.csv",8
"2024-02-28","02:31:00",6,"iButton_R8.csv",8
"2024-02-28","06:46:00",6,"iButton_R8.csv",8
"2024-02-28","11:01:00",6,"iButton_R8.csv",8
"2024-02-28","15:16:00",6,"iButton_R8.csv",8
"2024-02-28","19:31:00",6,"iButton_R8.csv",8
"2024-02-28","23:46:00",6,"iButton_R8.csv",8
"2024-02-29","04:01:00",6,"iButton_R8.csv",8
"2024-02-29","08:16:00",6,"iButton_R8.csv",8
"2024-02-29","12:31:00",6,"iButton_R8.csv",8
"2024-02-29","16:46:00",6,"iButton_R8.csv",8
"2024-02-29","21:01:00",6,"iButton_R8.csv",8
"2024-03-01","01:16:00",6,"iButton_R8.csv",8
"2024-03-01","05:31:00",6,"iButton_R8.csv",8
"2024-03-01","09:46:00",6,"iButton_R8.csv",8
"2024-03-01","14:01:00",6,"iButton_R8.csv",8
"2024-03-01","18:16:00",6,"iButton_R8.csv",8
"2024-03-01","22:31:00",6,"iButton_R8.csv",8
"2024-03-02","02:46:00",6,"iButton_R8.csv",8
"2024-03-02","07:01:00",6,"iButton_R8.csv",8
"2024-03-02","11:16:00",6,"iButton_R8.csv",8
"2024-03-02","15:31:00",6,"iButton_R8.csv",8
"2024-03-02","19:46:00",6,"iButton_R8.csv",8
"2024-03-03","00:01:00",6,"iButton_R8.csv",8
"2024-03-03","04:16:00",6,"iButton_R8.csv",8
"2024-03-03","08:31:00",6,"iButton_R8.csv",8
"2024-03-03","12:46:00",6,"iButton_R8.csv",8
"2024-03-03","17:01:00",6,"iButton_R8.csv",8
"2024-03-03","21:16:00",6,"iButton_R8.csv",8
"2024-03-04","01:31:00",6,"iButton_R8.csv",8
"2024-03-04","05:46:00",6,"iButton_R8.csv",8
"2024-03-04","10:01:00",6,"iButton_R8.csv",8
"2024-03-04","14:16:00",6.5,"iButton_R8.csv",8
"2024-03-04","18:31:00",6.5,"iButton_R8.csv",8
"2024-03-04","22:46:00",6.5,"iButton_R8.csv",8
"2024-03-05","03:01:00",6.5,"iButton_R8.csv",8
"2024-03-05","07:16:00",6.5,"iButton_R8.csv",8
"2024-03-05","11:31:00",6.5,"iButton_R8.csv",8
"2024-03-05","15:46:00",6.5,"iButton_R8.csv",8
"2024-03-05","20:01:00",6.5,"iButton_R8.csv",8
"2024-03-06","00:16:00",6.5,"iButton_R8.csv",8
"2024-03-06","04:31:00",6.5,"iButton_R8.csv",8
"2024-03-06","08:46:00",6,"iButton_R8.csv",8
"2024-03-06","13:01:00",6,"iButton_R8.csv",8
"2024-03-06","17:16:00",6,"iButton_R8.csv",8
"2024-03-06","21:31:00",6,"iButton_R8.csv",8
"2024-03-07","01:46:00",6,"iButton_R8.csv",8
"2024-03-07","06:01:00",6,"iButton_R8.csv",8
"2024-03-07","10:16:00",6,"iButton_R8.csv",8
"2024-03-07","14:31:00",6,"iButton_R8.csv",8
"2024-03-07","18:46:00",6,"iButton_R8.csv",8
"2024-03-07","23:01:00",6,"iButton_R8.csv",8
"2024-03-08","03:16:00",6,"iButton_R8.csv",8
"2024-03-08","07:31:00",6,"iButton_R8.csv",8
"2024-03-08","11:46:00",6,"iButton_R8.csv",8
"2024-03-08","16:01:00",6,"iButton_R8.csv",8
"2024-03-08","20:16:00",6,"iButton_R8.csv",8
"2024-03-09","00:31:00",6,"iButton_R8.csv",8
"2024-03-09","04:46:00",6,"iButton_R8.csv",8
"2024-03-09","09:01:00",6,"iButton_R8.csv",8
"2024-03-09","13:16:00",6,"iButton_R8.csv",8
"2024-03-09","17:31:00",6,"iButton_R8.csv",8
"2024-03-09","21:46:00",6,"iButton_R8.csv",8
"2024-03-10","02:01:00",6,"iButton_R8.csv",8
"2024-03-10","06:16:00",6,"iButton_R8.csv",8
"2024-03-10","10:31:00",6,"iButton_R8.csv",8
"2024-03-10","14:46:00",6,"iButton_R8.csv",8
"2024-03-10","19:01:00",6,"iButton_R8.csv",8
"2024-03-10","23:16:00",6,"iButton_R8.csv",8
"2024-03-11","03:31:00",6,"iButton_R8.csv",8
"2024-03-11","07:46:00",6,"iButton_R8.csv",8
"2024-03-11","12:01:00",6,"iButton_R8.csv",8
"2024-03-11","16:16:00",6,"iButton_R8.csv",8
"2024-03-11","20:31:00",6,"iButton_R8.csv",8
"2024-03-12","00:46:00",6,"iButton_R8.csv",8
"2024-03-12","05:01:00",6,"iButton_R8.csv",8
"2024-03-12","09:16:00",6,"iButton_R8.csv",8
"2024-03-12","13:31:00",6,"iButton_R8.csv",8
"2024-03-12","17:46:00",6,"iButton_R8.csv",8
"2024-03-12","22:01:00",6,"iButton_R8.csv",8
"2024-03-13","02:16:00",6,"iButton_R8.csv",8
"2024-03-13","06:31:00",6,"iButton_R8.csv",8
"2024-03-13","10:46:00",6,"iButton_R8.csv",8
"2024-03-13","15:01:00",6,"iButton_R8.csv",8
"2024-03-13","19:16:00",6,"iButton_R8.csv",8
"2024-03-13","23:31:00",6,"iButton_R8.csv",8
"2024-03-14","03:46:00",6,"iButton_R8.csv",8
"2024-03-14","08:01:00",6.5,"iButton_R8.csv",8
"2024-03-14","12:16:00",6.5,"iButton_R8.csv",8
"2024-03-14","16:31:00",6.5,"iButton_R8.csv",8
"2024-03-14","20:46:00",6.5,"iButton_R8.csv",8
"2024-03-15","01:01:00",6.5,"iButton_R8.csv",8
"2024-03-15","05:16:00",6.5,"iButton_R8.csv",8
"2024-03-15","09:31:00",6.5,"iButton_R8.csv",8
"2024-03-15","13:46:00",6.5,"iButton_R8.csv",8
"2024-03-15","18:01:00",6.5,"iButton_R8.csv",8
"2024-03-15","22:16:00",6.5,"iButton_R8.csv",8
"2024-03-16","02:31:00",6.5,"iButton_R8.csv",8
"2024-03-16","06:46:00",6.5,"iButton_R8.csv",8
"2024-03-16","11:01:00",6.5,"iButton_R8.csv",8
"2024-03-16","15:16:00",6.5,"iButton_R8.csv",8
"2024-03-16","19:31:00",6.5,"iButton_R8.csv",8
"2024-03-16","23:46:00",6.5,"iButton_R8.csv",8
"2024-03-17","04:01:00",6.5,"iButton_R8.csv",8
"2024-03-17","08:16:00",6.5,"iButton_R8.csv",8
"2024-03-17","12:31:00",6.5,"iButton_R8.csv",8
"2024-03-17","16:46:00",6.5,"iButton_R8.csv",8
"2024-03-17","21:01:00",6.5,"iButton_R8.csv",8
"2024-03-18","01:16:00",6.5,"iButton_R8.csv",8
"2024-03-18","05:31:00",6.5,"iButton_R8.csv",8
"2024-03-18","09:46:00",6.5,"iButton_R8.csv",8
"2024-03-18","14:01:00",6.5,"iButton_R8.csv",8
"2024-03-18","18:16:00",6.5,"iButton_R8.csv",8
"2024-03-18","22:31:00",6.5,"iButton_R8.csv",8
"2024-03-19","02:46:00",6.5,"iButton_R8.csv",8
"2024-03-19","07:01:00",6.5,"iButton_R8.csv",8
"2024-03-19","11:16:00",6.5,"iButton_R8.csv",8
"2024-03-19","15:31:00",6.5,"iButton_R8.csv",8
"2024-03-19","19:46:00",6.5,"iButton_R8.csv",8
"2024-03-20","00:01:00",6.5,"iButton_R8.csv",8
"2024-03-20","04:16:00",6.5,"iButton_R8.csv",8
"2024-03-20","08:31:00",6.5,"iButton_R8.csv",8
"2024-03-20","12:46:00",6.5,"iButton_R8.csv",8
"2024-03-20","17:01:00",6.5,"iButton_R8.csv",8
"2024-03-20","21:16:00",6.5,"iButton_R8.csv",8
"2024-03-21","01:31:00",6.5,"iButton_R8.csv",8
"2024-03-21","05:46:00",6.5,"iButton_R8.csv",8
"2024-03-21","10:01:00",6.5,"iButton_R8.csv",8
"2024-03-21","14:16:00",6.5,"iButton_R8.csv",8
"2024-03-21","18:31:00",6.5,"iButton_R8.csv",8
"2024-03-21","22:46:00",6.5,"iButton_R8.csv",8
"2024-03-22","03:01:00",6.5,"iButton_R8.csv",8
"2024-03-22","07:16:00",6.5,"iButton_R8.csv",8
"2024-03-22","11:31:00",6.5,"iButton_R8.csv",8
"2024-03-22","15:46:00",6.5,"iButton_R8.csv",8
"2024-03-22","20:01:00",6.5,"iButton_R8.csv",8
"2024-03-23","00:16:00",6.5,"iButton_R8.csv",8
"2024-03-23","04:31:00",6.5,"iButton_R8.csv",8
"2024-03-23","08:46:00",6.5,"iButton_R8.csv",8
"2024-03-23","13:01:00",6.5,"iButton_R8.csv",8
"2024-03-23","17:16:00",6.5,"iButton_R8.csv",8
"2024-03-23","21:31:00",6.5,"iButton_R8.csv",8
"2024-03-24","01:46:00",6.5,"iButton_R8.csv",8
"2024-03-24","06:01:00",6.5,"iButton_R8.csv",8
"2024-03-24","10:16:00",6.5,"iButton_R8.csv",8
"2024-03-24","14:31:00",6.5,"iButton_R8.csv",8
"2024-03-24","18:46:00",6.5,"iButton_R8.csv",8
"2024-03-24","23:01:00",6.5,"iButton_R8.csv",8
"2024-03-25","03:16:00",6.5,"iButton_R8.csv",8
"2024-03-25","07:31:00",6.5,"iButton_R8.csv",8
"2024-03-25","11:46:00",6.5,"iButton_R8.csv",8
"2024-03-25","16:01:00",6.5,"iButton_R8.csv",8
"2024-03-25","20:16:00",6.5,"iButton_R8.csv",8
"2024-03-26","00:31:00",6.5,"iButton_R8.csv",8
"2024-03-26","04:46:00",6.5,"iButton_R8.csv",8
"2024-03-26","09:01:00",6.5,"iButton_R8.csv",8
"2024-03-26","13:16:00",6.5,"iButton_R8.csv",8
"2024-03-26","17:31:00",6.5,"iButton_R8.csv",8
"2024-03-26","21:46:00",6.5,"iButton_R8.csv",8
"2024-03-27","02:01:00",6.5,"iButton_R8.csv",8
"2024-03-27","06:16:00",6.5,"iButton_R8.csv",8
"2024-03-27","10:31:00",6.5,"iButton_R8.csv",8
"2024-03-27","14:46:00",6.5,"iButton_R8.csv",8
"2024-03-27","19:01:00",6.5,"iButton_R8.csv",8
"2024-03-27","23:16:00",6.5,"iButton_R8.csv",8
"2024-03-28","03:31:00",6.5,"iButton_R8.csv",8
"2024-03-28","07:46:00",6.5,"iButton_R8.csv",8
"2024-03-28","12:01:00",6.5,"iButton_R8.csv",8
"2024-03-28","16:16:00",6.5,"iButton_R8.csv",8
"2024-03-28","20:31:00",6.5,"iButton_R8.csv",8
"2024-03-29","00:46:00",6.5,"iButton_R8.csv",8
"2024-03-29","05:01:00",6.5,"iButton_R8.csv",8
"2024-03-29","09:16:00",6.5,"iButton_R8.csv",8
"2024-03-29","13:31:00",6.5,"iButton_R8.csv",8
"2024-03-29","17:46:00",6.5,"iButton_R8.csv",8
"2023-11-03","22:31:00",11,"iButton_R9.csv",9
"2023-11-04","02:46:00",11,"iButton_R9.csv",9
"2023-11-04","07:01:00",10.5,"iButton_R9.csv",9
"2023-11-04","11:16:00",10.5,"iButton_R9.csv",9
"2023-11-04","15:31:00",10.5,"iButton_R9.csv",9
"2023-11-04","19:46:00",10.5,"iButton_R9.csv",9
"2023-11-05","00:01:00",10.5,"iButton_R9.csv",9
"2023-11-05","04:16:00",10.5,"iButton_R9.csv",9
"2023-11-05","08:31:00",10.5,"iButton_R9.csv",9
"2023-11-05","12:46:00",10.5,"iButton_R9.csv",9
"2023-11-05","17:01:00",10.5,"iButton_R9.csv",9
"2023-11-05","21:16:00",10.5,"iButton_R9.csv",9
"2023-11-06","01:31:00",10.5,"iButton_R9.csv",9
"2023-11-06","05:46:00",10.5,"iButton_R9.csv",9
"2023-11-06","10:01:00",10.5,"iButton_R9.csv",9
"2023-11-06","14:16:00",10.5,"iButton_R9.csv",9
"2023-11-06","18:31:00",10.5,"iButton_R9.csv",9
"2023-11-06","22:46:00",10.5,"iButton_R9.csv",9
"2023-11-07","03:01:00",10.5,"iButton_R9.csv",9
"2023-11-07","07:16:00",10.5,"iButton_R9.csv",9
"2023-11-07","11:31:00",10.5,"iButton_R9.csv",9
"2023-11-07","15:46:00",10.5,"iButton_R9.csv",9
"2023-11-07","20:01:00",10.5,"iButton_R9.csv",9
"2023-11-08","00:16:00",10.5,"iButton_R9.csv",9
"2023-11-08","04:31:00",10.5,"iButton_R9.csv",9
"2023-11-08","08:46:00",10.5,"iButton_R9.csv",9
"2023-11-08","13:01:00",10.5,"iButton_R9.csv",9
"2023-11-08","17:16:00",10.5,"iButton_R9.csv",9
"2023-11-08","21:31:00",10.5,"iButton_R9.csv",9
"2023-11-09","01:46:00",10.5,"iButton_R9.csv",9
"2023-11-09","06:01:00",10.5,"iButton_R9.csv",9
"2023-11-09","10:16:00",10.5,"iButton_R9.csv",9
"2023-11-09","14:31:00",10.5,"iButton_R9.csv",9
"2023-11-09","18:46:00",10.5,"iButton_R9.csv",9
"2023-11-09","23:01:00",10.5,"iButton_R9.csv",9
"2023-11-10","03:16:00",10.5,"iButton_R9.csv",9
"2023-11-10","07:31:00",10.5,"iButton_R9.csv",9
"2023-11-10","11:46:00",10.5,"iButton_R9.csv",9
"2023-11-10","16:01:00",10.5,"iButton_R9.csv",9
"2023-11-10","20:16:00",10.5,"iButton_R9.csv",9
"2023-11-11","00:31:00",10.5,"iButton_R9.csv",9
"2023-11-11","04:46:00",10.5,"iButton_R9.csv",9
"2023-11-11","09:01:00",10.5,"iButton_R9.csv",9
"2023-11-11","13:16:00",10.5,"iButton_R9.csv",9
"2023-11-11","17:31:00",10.5,"iButton_R9.csv",9
"2023-11-11","21:46:00",10.5,"iButton_R9.csv",9
"2023-11-12","02:01:00",10.5,"iButton_R9.csv",9
"2023-11-12","06:16:00",10,"iButton_R9.csv",9
"2023-11-12","10:31:00",10,"iButton_R9.csv",9
"2023-11-12","14:46:00",10,"iButton_R9.csv",9
"2023-11-12","19:01:00",10,"iButton_R9.csv",9
"2023-11-12","23:16:00",10,"iButton_R9.csv",9
"2023-11-13","03:31:00",10,"iButton_R9.csv",9
"2023-11-13","07:46:00",10,"iButton_R9.csv",9
"2023-11-13","12:01:00",10,"iButton_R9.csv",9
"2023-11-13","16:16:00",10,"iButton_R9.csv",9
"2023-11-13","20:31:00",10,"iButton_R9.csv",9
"2023-11-14","00:46:00",10,"iButton_R9.csv",9
"2023-11-14","05:01:00",10,"iButton_R9.csv",9
"2023-11-14","09:16:00",10,"iButton_R9.csv",9
"2023-11-14","13:31:00",10,"iButton_R9.csv",9
"2023-11-14","17:46:00",10,"iButton_R9.csv",9
"2023-11-14","22:01:00",10,"iButton_R9.csv",9
"2023-11-15","02:16:00",10,"iButton_R9.csv",9
"2023-11-15","06:31:00",10,"iButton_R9.csv",9
"2023-11-15","10:46:00",10,"iButton_R9.csv",9
"2023-11-15","15:01:00",10,"iButton_R9.csv",9
"2023-11-15","19:16:00",10,"iButton_R9.csv",9
"2023-11-15","23:31:00",10,"iButton_R9.csv",9
"2023-11-16","03:46:00",10,"iButton_R9.csv",9
"2023-11-16","08:01:00",10,"iButton_R9.csv",9
"2023-11-16","12:16:00",10,"iButton_R9.csv",9
"2023-11-16","16:31:00",10,"iButton_R9.csv",9
"2023-11-16","20:46:00",10,"iButton_R9.csv",9
"2023-11-17","01:01:00",10,"iButton_R9.csv",9
"2023-11-17","05:16:00",10,"iButton_R9.csv",9
"2023-11-17","09:31:00",10,"iButton_R9.csv",9
"2023-11-17","13:46:00",10,"iButton_R9.csv",9
"2023-11-17","18:01:00",10,"iButton_R9.csv",9
"2023-11-17","22:16:00",10,"iButton_R9.csv",9
"2023-11-18","02:31:00",10,"iButton_R9.csv",9
"2023-11-18","06:46:00",9.5,"iButton_R9.csv",9
"2023-11-18","11:01:00",9.5,"iButton_R9.csv",9
"2023-11-18","15:16:00",9.5,"iButton_R9.csv",9
"2023-11-18","19:31:00",9.5,"iButton_R9.csv",9
"2023-11-18","23:46:00",9.5,"iButton_R9.csv",9
"2023-11-19","04:01:00",9.5,"iButton_R9.csv",9
"2023-11-19","08:16:00",9.5,"iButton_R9.csv",9
"2023-11-19","12:31:00",9.5,"iButton_R9.csv",9
"2023-11-19","16:46:00",9.5,"iButton_R9.csv",9
"2023-11-19","21:01:00",9.5,"iButton_R9.csv",9
"2023-11-20","01:16:00",9.5,"iButton_R9.csv",9
"2023-11-20","05:31:00",9.5,"iButton_R9.csv",9
"2023-11-20","09:46:00",9.5,"iButton_R9.csv",9
"2023-11-20","14:01:00",9.5,"iButton_R9.csv",9
"2023-11-20","18:16:00",9.5,"iButton_R9.csv",9
"2023-11-20","22:31:00",9.5,"iButton_R9.csv",9
"2023-11-21","02:46:00",9.5,"iButton_R9.csv",9
"2023-11-21","07:01:00",9.5,"iButton_R9.csv",9
"2023-11-21","11:16:00",9.5,"iButton_R9.csv",9
"2023-11-21","15:31:00",9.5,"iButton_R9.csv",9
"2023-11-21","19:46:00",9.5,"iButton_R9.csv",9
"2023-11-22","00:01:00",9.5,"iButton_R9.csv",9
"2023-11-22","04:16:00",9.5,"iButton_R9.csv",9
"2023-11-22","08:31:00",9,"iButton_R9.csv",9
"2023-11-22","12:46:00",9,"iButton_R9.csv",9
"2023-11-22","17:01:00",9,"iButton_R9.csv",9
"2023-11-22","21:16:00",9,"iButton_R9.csv",9
"2023-11-23","01:31:00",9,"iButton_R9.csv",9
"2023-11-23","05:46:00",9,"iButton_R9.csv",9
"2023-11-23","10:01:00",9,"iButton_R9.csv",9
"2023-11-23","14:16:00",9.5,"iButton_R9.csv",9
"2023-11-23","18:31:00",9,"iButton_R9.csv",9
"2023-11-23","22:46:00",9,"iButton_R9.csv",9
"2023-11-24","03:01:00",9,"iButton_R9.csv",9
"2023-11-24","07:16:00",9,"iButton_R9.csv",9
"2023-11-24","11:31:00",9,"iButton_R9.csv",9
"2023-11-24","15:46:00",9,"iButton_R9.csv",9
"2023-11-24","20:01:00",9,"iButton_R9.csv",9
"2023-11-25","00:16:00",9,"iButton_R9.csv",9
"2023-11-25","04:31:00",9,"iButton_R9.csv",9
"2023-11-25","08:46:00",9,"iButton_R9.csv",9
"2023-11-25","13:01:00",9,"iButton_R9.csv",9
"2023-11-25","17:16:00",9,"iButton_R9.csv",9
"2023-11-25","21:31:00",9,"iButton_R9.csv",9
"2023-11-26","01:46:00",8.5,"iButton_R9.csv",9
"2023-11-26","06:01:00",8.5,"iButton_R9.csv",9
"2023-11-26","10:16:00",8.5,"iButton_R9.csv",9
"2023-11-26","14:31:00",8.5,"iButton_R9.csv",9
"2023-11-26","18:46:00",8.5,"iButton_R9.csv",9
"2023-11-26","23:01:00",8.5,"iButton_R9.csv",9
"2023-11-27","03:16:00",8.5,"iButton_R9.csv",9
"2023-11-27","07:31:00",8.5,"iButton_R9.csv",9
"2023-11-27","11:46:00",8.5,"iButton_R9.csv",9
"2023-11-27","16:01:00",8.5,"iButton_R9.csv",9
"2023-11-27","20:16:00",8,"iButton_R9.csv",9
"2023-11-28","00:31:00",8,"iButton_R9.csv",9
"2023-11-28","04:46:00",8,"iButton_R9.csv",9
"2023-11-28","09:01:00",8,"iButton_R9.csv",9
"2023-11-28","13:16:00",8,"iButton_R9.csv",9
"2023-11-28","17:31:00",8,"iButton_R9.csv",9
"2023-11-28","21:46:00",8,"iButton_R9.csv",9
"2023-11-29","02:01:00",7.5,"iButton_R9.csv",9
"2023-11-29","06:16:00",8,"iButton_R9.csv",9
"2023-11-29","10:31:00",8,"iButton_R9.csv",9
"2023-11-29","14:46:00",8,"iButton_R9.csv",9
"2023-11-29","19:01:00",8,"iButton_R9.csv",9
"2023-11-29","23:16:00",7.5,"iButton_R9.csv",9
"2023-11-30","03:31:00",7.5,"iButton_R9.csv",9
"2023-11-30","07:46:00",7.5,"iButton_R9.csv",9
"2023-11-30","12:01:00",7.5,"iButton_R9.csv",9
"2023-11-30","16:16:00",7.5,"iButton_R9.csv",9
"2023-11-30","20:31:00",7.5,"iButton_R9.csv",9
"2023-12-01","00:46:00",7.5,"iButton_R9.csv",9
"2023-12-01","05:01:00",7,"iButton_R9.csv",9
"2023-12-01","09:16:00",7,"iButton_R9.csv",9
"2023-12-01","13:31:00",7,"iButton_R9.csv",9
"2023-12-01","17:46:00",7,"iButton_R9.csv",9
"2023-12-01","22:01:00",7,"iButton_R9.csv",9
"2023-12-02","02:16:00",7,"iButton_R9.csv",9
"2023-12-02","06:31:00",7,"iButton_R9.csv",9
"2023-12-02","10:46:00",7,"iButton_R9.csv",9
"2023-12-02","15:01:00",7,"iButton_R9.csv",9
"2023-12-02","19:16:00",7,"iButton_R9.csv",9
"2023-12-02","23:31:00",7,"iButton_R9.csv",9
"2023-12-03","03:46:00",7,"iButton_R9.csv",9
"2023-12-03","08:01:00",7,"iButton_R9.csv",9
"2023-12-03","12:16:00",7,"iButton_R9.csv",9
"2023-12-03","16:31:00",7,"iButton_R9.csv",9
"2023-12-03","20:46:00",7,"iButton_R9.csv",9
"2023-12-04","01:01:00",7,"iButton_R9.csv",9
"2023-12-04","05:16:00",7,"iButton_R9.csv",9
"2023-12-04","09:31:00",7,"iButton_R9.csv",9
"2023-12-04","13:46:00",7,"iButton_R9.csv",9
"2023-12-04","18:01:00",7,"iButton_R9.csv",9
"2023-12-04","22:16:00",7,"iButton_R9.csv",9
"2023-12-05","02:31:00",7,"iButton_R9.csv",9
"2023-12-05","06:46:00",6.5,"iButton_R9.csv",9
"2023-12-05","11:01:00",6.5,"iButton_R9.csv",9
"2023-12-05","15:16:00",7,"iButton_R9.csv",9
"2023-12-05","19:31:00",7,"iButton_R9.csv",9
"2023-12-05","23:46:00",6.5,"iButton_R9.csv",9
"2023-12-06","04:01:00",6.5,"iButton_R9.csv",9
"2023-12-06","08:16:00",6.5,"iButton_R9.csv",9
"2023-12-06","12:31:00",6.5,"iButton_R9.csv",9
"2023-12-06","16:46:00",6.5,"iButton_R9.csv",9
"2023-12-06","21:01:00",6.5,"iButton_R9.csv",9
"2023-12-07","01:16:00",6.5,"iButton_R9.csv",9
"2023-12-07","05:31:00",6.5,"iButton_R9.csv",9
"2023-12-07","09:46:00",6.5,"iButton_R9.csv",9
"2023-12-07","14:01:00",6.5,"iButton_R9.csv",9
"2023-12-07","18:16:00",6.5,"iButton_R9.csv",9
"2023-12-07","22:31:00",6.5,"iButton_R9.csv",9
"2023-12-08","02:46:00",6.5,"iButton_R9.csv",9
"2023-12-08","07:01:00",6.5,"iButton_R9.csv",9
"2023-12-08","11:16:00",6.5,"iButton_R9.csv",9
"2023-12-08","15:31:00",6.5,"iButton_R9.csv",9
"2023-12-08","19:46:00",6.5,"iButton_R9.csv",9
"2023-12-09","00:01:00",6.5,"iButton_R9.csv",9
"2023-12-09","04:16:00",6.5,"iButton_R9.csv",9
"2023-12-09","08:31:00",6.5,"iButton_R9.csv",9
"2023-12-09","12:46:00",6.5,"iButton_R9.csv",9
"2023-12-09","17:01:00",6.5,"iButton_R9.csv",9
"2023-12-09","21:16:00",6.5,"iButton_R9.csv",9
"2023-12-10","01:31:00",6.5,"iButton_R9.csv",9
"2023-12-10","05:46:00",6.5,"iButton_R9.csv",9
"2023-12-10","10:01:00",6.5,"iButton_R9.csv",9
"2023-12-10","14:16:00",6.5,"iButton_R9.csv",9
"2023-12-10","18:31:00",6.5,"iButton_R9.csv",9
"2023-12-10","22:46:00",6.5,"iButton_R9.csv",9
"2023-12-11","03:01:00",6.5,"iButton_R9.csv",9
"2023-12-11","07:16:00",6.5,"iButton_R9.csv",9
"2023-12-11","11:31:00",6.5,"iButton_R9.csv",9
"2023-12-11","15:46:00",6.5,"iButton_R9.csv",9
"2023-12-11","20:01:00",6.5,"iButton_R9.csv",9
"2023-12-12","00:16:00",6.5,"iButton_R9.csv",9
"2023-12-12","04:31:00",6.5,"iButton_R9.csv",9
"2023-12-12","08:46:00",6.5,"iButton_R9.csv",9
"2023-12-12","13:01:00",6.5,"iButton_R9.csv",9
"2023-12-12","17:16:00",6.5,"iButton_R9.csv",9
"2023-12-12","21:31:00",6.5,"iButton_R9.csv",9
"2023-12-13","01:46:00",6.5,"iButton_R9.csv",9
"2023-12-13","06:01:00",6.5,"iButton_R9.csv",9
"2023-12-13","10:16:00",6.5,"iButton_R9.csv",9
"2023-12-13","14:31:00",6.5,"iButton_R9.csv",9
"2023-12-13","18:46:00",6.5,"iButton_R9.csv",9
"2023-12-13","23:01:00",6.5,"iButton_R9.csv",9
"2023-12-14","03:16:00",6.5,"iButton_R9.csv",9
"2023-12-14","07:31:00",6.5,"iButton_R9.csv",9
"2023-12-14","11:46:00",6.5,"iButton_R9.csv",9
"2023-12-14","16:01:00",6.5,"iButton_R9.csv",9
"2023-12-14","20:16:00",6.5,"iButton_R9.csv",9
"2023-12-15","00:31:00",6.5,"iButton_R9.csv",9
"2023-12-15","04:46:00",6.5,"iButton_R9.csv",9
"2023-12-15","09:01:00",6.5,"iButton_R9.csv",9
"2023-12-15","13:16:00",6.5,"iButton_R9.csv",9
"2023-12-15","17:31:00",6.5,"iButton_R9.csv",9
"2023-12-15","21:46:00",6.5,"iButton_R9.csv",9
"2023-12-16","02:01:00",6.5,"iButton_R9.csv",9
"2023-12-16","06:16:00",6.5,"iButton_R9.csv",9
"2023-12-16","10:31:00",6.5,"iButton_R9.csv",9
"2023-12-16","14:46:00",6.5,"iButton_R9.csv",9
"2023-12-16","19:01:00",6.5,"iButton_R9.csv",9
"2023-12-16","23:16:00",6.5,"iButton_R9.csv",9
"2023-12-17","03:31:00",6.5,"iButton_R9.csv",9
"2023-12-17","07:46:00",6.5,"iButton_R9.csv",9
"2023-12-17","12:01:00",6.5,"iButton_R9.csv",9
"2023-12-17","16:16:00",6.5,"iButton_R9.csv",9
"2023-12-17","20:31:00",6.5,"iButton_R9.csv",9
"2023-12-18","00:46:00",6.5,"iButton_R9.csv",9
"2023-12-18","05:01:00",6.5,"iButton_R9.csv",9
"2023-12-18","09:16:00",6.5,"iButton_R9.csv",9
"2023-12-18","13:31:00",6.5,"iButton_R9.csv",9
"2023-12-18","17:46:00",6.5,"iButton_R9.csv",9
"2023-12-18","22:01:00",6.5,"iButton_R9.csv",9
"2023-12-19","02:16:00",6.5,"iButton_R9.csv",9
"2023-12-19","06:31:00",6.5,"iButton_R9.csv",9
"2023-12-19","10:46:00",6.5,"iButton_R9.csv",9
"2023-12-19","15:01:00",6.5,"iButton_R9.csv",9
"2023-12-19","19:16:00",6.5,"iButton_R9.csv",9
"2023-12-19","23:31:00",6.5,"iButton_R9.csv",9
"2023-12-20","03:46:00",6.5,"iButton_R9.csv",9
"2023-12-20","08:01:00",7,"iButton_R9.csv",9
"2023-12-20","12:16:00",7,"iButton_R9.csv",9
"2023-12-20","16:31:00",7,"iButton_R9.csv",9
"2023-12-20","20:46:00",7,"iButton_R9.csv",9
"2023-12-21","01:01:00",7,"iButton_R9.csv",9
"2023-12-21","05:16:00",7,"iButton_R9.csv",9
"2023-12-21","09:31:00",7,"iButton_R9.csv",9
"2023-12-21","13:46:00",7,"iButton_R9.csv",9
"2023-12-21","18:01:00",7,"iButton_R9.csv",9
"2023-12-21","22:16:00",7,"iButton_R9.csv",9
"2023-12-22","02:31:00",7,"iButton_R9.csv",9
"2023-12-22","06:46:00",6.5,"iButton_R9.csv",9
"2023-12-22","11:01:00",6.5,"iButton_R9.csv",9
"2023-12-22","15:16:00",6.5,"iButton_R9.csv",9
"2023-12-22","19:31:00",6.5,"iButton_R9.csv",9
"2023-12-22","23:46:00",6.5,"iButton_R9.csv",9
"2023-12-23","04:01:00",6.5,"iButton_R9.csv",9
"2023-12-23","08:16:00",6.5,"iButton_R9.csv",9
"2023-12-23","12:31:00",6.5,"iButton_R9.csv",9
"2023-12-23","16:46:00",6.5,"iButton_R9.csv",9
"2023-12-23","21:01:00",6.5,"iButton_R9.csv",9
"2023-12-24","01:16:00",6.5,"iButton_R9.csv",9
"2023-12-24","05:31:00",6.5,"iButton_R9.csv",9
"2023-12-24","09:46:00",6.5,"iButton_R9.csv",9
"2023-12-24","14:01:00",6.5,"iButton_R9.csv",9
"2023-12-24","18:16:00",6.5,"iButton_R9.csv",9
"2023-12-24","22:31:00",6.5,"iButton_R9.csv",9
"2023-12-25","02:46:00",6.5,"iButton_R9.csv",9
"2023-12-25","07:01:00",6.5,"iButton_R9.csv",9
"2023-12-25","11:16:00",6.5,"iButton_R9.csv",9
"2023-12-25","15:31:00",6.5,"iButton_R9.csv",9
"2023-12-25","19:46:00",6.5,"iButton_R9.csv",9
"2023-12-26","00:01:00",6.5,"iButton_R9.csv",9
"2023-12-26","04:16:00",6.5,"iButton_R9.csv",9
"2023-12-26","08:31:00",7,"iButton_R9.csv",9
"2023-12-26","12:46:00",6.5,"iButton_R9.csv",9
"2023-12-26","17:01:00",7,"iButton_R9.csv",9
"2023-12-26","21:16:00",6.5,"iButton_R9.csv",9
"2023-12-27","01:31:00",6.5,"iButton_R9.csv",9
"2023-12-27","05:46:00",6.5,"iButton_R9.csv",9
"2023-12-27","10:01:00",6.5,"iButton_R9.csv",9
"2023-12-27","14:16:00",6.5,"iButton_R9.csv",9
"2023-12-27","18:31:00",6.5,"iButton_R9.csv",9
"2023-12-27","22:46:00",6.5,"iButton_R9.csv",9
"2023-12-28","03:01:00",6.5,"iButton_R9.csv",9
"2023-12-28","07:16:00",6.5,"iButton_R9.csv",9
"2023-12-28","11:31:00",7,"iButton_R9.csv",9
"2023-12-28","15:46:00",6.5,"iButton_R9.csv",9
"2023-12-28","20:01:00",7,"iButton_R9.csv",9
"2023-12-29","00:16:00",7,"iButton_R9.csv",9
"2023-12-29","04:31:00",7,"iButton_R9.csv",9
"2023-12-29","08:46:00",7,"iButton_R9.csv",9
"2023-12-29","13:01:00",7,"iButton_R9.csv",9
"2023-12-29","17:16:00",7,"iButton_R9.csv",9
"2023-12-29","21:31:00",7,"iButton_R9.csv",9
"2023-12-30","01:46:00",7,"iButton_R9.csv",9
"2023-12-30","06:01:00",7,"iButton_R9.csv",9
"2023-12-30","10:16:00",7,"iButton_R9.csv",9
"2023-12-30","14:31:00",7,"iButton_R9.csv",9
"2023-12-30","18:46:00",7,"iButton_R9.csv",9
"2023-12-30","23:01:00",7,"iButton_R9.csv",9
"2023-12-31","03:16:00",7,"iButton_R9.csv",9
"2023-12-31","07:31:00",7,"iButton_R9.csv",9
"2023-12-31","11:46:00",7,"iButton_R9.csv",9
"2023-12-31","16:01:00",7,"iButton_R9.csv",9
"2023-12-31","20:16:00",7,"iButton_R9.csv",9
"2024-01-01","00:31:00",7,"iButton_R9.csv",9
"2024-01-01","04:46:00",7,"iButton_R9.csv",9
"2024-01-01","09:01:00",7,"iButton_R9.csv",9
"2024-01-01","13:16:00",7,"iButton_R9.csv",9
"2024-01-01","17:31:00",7,"iButton_R9.csv",9
"2024-01-01","21:46:00",7,"iButton_R9.csv",9
"2024-01-02","02:01:00",7,"iButton_R9.csv",9
"2024-01-02","06:16:00",7,"iButton_R9.csv",9
"2024-01-02","10:31:00",7,"iButton_R9.csv",9
"2024-01-02","14:46:00",7,"iButton_R9.csv",9
"2024-01-02","19:01:00",7,"iButton_R9.csv",9
"2024-01-02","23:16:00",7,"iButton_R9.csv",9
"2024-01-03","03:31:00",7,"iButton_R9.csv",9
"2024-01-03","07:46:00",7,"iButton_R9.csv",9
"2024-01-03","12:01:00",7,"iButton_R9.csv",9
"2024-01-03","16:16:00",7,"iButton_R9.csv",9
"2024-01-03","20:31:00",7,"iButton_R9.csv",9
"2024-01-04","00:46:00",7,"iButton_R9.csv",9
"2024-01-04","05:01:00",7,"iButton_R9.csv",9
"2024-01-04","09:16:00",7,"iButton_R9.csv",9
"2024-01-04","13:31:00",7,"iButton_R9.csv",9
"2024-01-04","17:46:00",7,"iButton_R9.csv",9
"2024-01-04","22:01:00",7,"iButton_R9.csv",9
"2024-01-05","02:16:00",6.5,"iButton_R9.csv",9
"2024-01-05","06:31:00",6.5,"iButton_R9.csv",9
"2024-01-05","10:46:00",6.5,"iButton_R9.csv",9
"2024-01-05","15:01:00",6.5,"iButton_R9.csv",9
"2024-01-05","19:16:00",6.5,"iButton_R9.csv",9
"2024-01-05","23:31:00",6.5,"iButton_R9.csv",9
"2024-01-06","03:46:00",7,"iButton_R9.csv",9
"2024-01-06","08:01:00",7,"iButton_R9.csv",9
"2024-01-06","12:16:00",6.5,"iButton_R9.csv",9
"2024-01-06","16:31:00",7,"iButton_R9.csv",9
"2024-01-06","20:46:00",6.5,"iButton_R9.csv",9
"2024-01-07","01:01:00",6.5,"iButton_R9.csv",9
"2024-01-07","05:16:00",6.5,"iButton_R9.csv",9
"2024-01-07","09:31:00",6.5,"iButton_R9.csv",9
"2024-01-07","13:46:00",6.5,"iButton_R9.csv",9
"2024-01-07","18:01:00",6.5,"iButton_R9.csv",9
"2024-01-07","22:16:00",6.5,"iButton_R9.csv",9
"2024-01-08","02:31:00",6.5,"iButton_R9.csv",9
"2024-01-08","06:46:00",6.5,"iButton_R9.csv",9
"2024-01-08","11:01:00",6.5,"iButton_R9.csv",9
"2024-01-08","15:16:00",6.5,"iButton_R9.csv",9
"2024-01-08","19:31:00",6.5,"iButton_R9.csv",9
"2024-01-08","23:46:00",6.5,"iButton_R9.csv",9
"2024-01-09","04:01:00",6,"iButton_R9.csv",9
"2024-01-09","08:16:00",6,"iButton_R9.csv",9
"2024-01-09","12:31:00",6,"iButton_R9.csv",9
"2024-01-09","16:46:00",6,"iButton_R9.csv",9
"2024-01-09","21:01:00",6,"iButton_R9.csv",9
"2024-01-10","01:16:00",6,"iButton_R9.csv",9
"2024-01-10","05:31:00",6,"iButton_R9.csv",9
"2024-01-10","09:46:00",6,"iButton_R9.csv",9
"2024-01-10","14:01:00",6,"iButton_R9.csv",9
"2024-01-10","18:16:00",6,"iButton_R9.csv",9
"2024-01-10","22:31:00",6,"iButton_R9.csv",9
"2024-01-11","02:46:00",6,"iButton_R9.csv",9
"2024-01-11","07:01:00",6,"iButton_R9.csv",9
"2024-01-11","11:16:00",6,"iButton_R9.csv",9
"2024-01-11","15:31:00",6,"iButton_R9.csv",9
"2024-01-11","19:46:00",6,"iButton_R9.csv",9
"2024-01-12","00:01:00",6,"iButton_R9.csv",9
"2024-01-12","04:16:00",6,"iButton_R9.csv",9
"2024-01-12","08:31:00",6,"iButton_R9.csv",9
"2024-01-12","12:46:00",5.5,"iButton_R9.csv",9
"2024-01-12","17:01:00",5.5,"iButton_R9.csv",9
"2024-01-12","21:16:00",5.5,"iButton_R9.csv",9
"2024-01-13","01:31:00",5.5,"iButton_R9.csv",9
"2024-01-13","05:46:00",5.5,"iButton_R9.csv",9
"2024-01-13","10:01:00",5.5,"iButton_R9.csv",9
"2024-01-13","14:16:00",5.5,"iButton_R9.csv",9
"2024-01-13","18:31:00",5.5,"iButton_R9.csv",9
"2024-01-13","22:46:00",5.5,"iButton_R9.csv",9
"2024-01-14","03:01:00",5.5,"iButton_R9.csv",9
"2024-01-14","07:16:00",5.5,"iButton_R9.csv",9
"2024-01-14","11:31:00",5.5,"iButton_R9.csv",9
"2024-01-14","15:46:00",5.5,"iButton_R9.csv",9
"2024-01-14","20:01:00",5.5,"iButton_R9.csv",9
"2024-01-15","00:16:00",5.5,"iButton_R9.csv",9
"2024-01-15","04:31:00",5.5,"iButton_R9.csv",9
"2024-01-15","08:46:00",5.5,"iButton_R9.csv",9
"2024-01-15","13:01:00",5.5,"iButton_R9.csv",9
"2024-01-15","17:16:00",5.5,"iButton_R9.csv",9
"2024-01-15","21:31:00",5.5,"iButton_R9.csv",9
"2024-01-16","01:46:00",5.5,"iButton_R9.csv",9
"2024-01-16","06:01:00",5.5,"iButton_R9.csv",9
"2024-01-16","10:16:00",5.5,"iButton_R9.csv",9
"2024-01-16","14:31:00",5.5,"iButton_R9.csv",9
"2024-01-16","18:46:00",5.5,"iButton_R9.csv",9
"2024-01-16","23:01:00",5.5,"iButton_R9.csv",9
"2024-01-17","03:16:00",5.5,"iButton_R9.csv",9
"2024-01-17","07:31:00",5.5,"iButton_R9.csv",9
"2024-01-17","11:46:00",5.5,"iButton_R9.csv",9
"2024-01-17","16:01:00",5.5,"iButton_R9.csv",9
"2024-01-17","20:16:00",5.5,"iButton_R9.csv",9
"2024-01-18","00:31:00",5.5,"iButton_R9.csv",9
"2024-01-18","04:46:00",5,"iButton_R9.csv",9
"2024-01-18","09:01:00",5,"iButton_R9.csv",9
"2024-01-18","13:16:00",5,"iButton_R9.csv",9
"2024-01-18","17:31:00",5,"iButton_R9.csv",9
"2024-01-18","21:46:00",5,"iButton_R9.csv",9
"2024-01-19","02:01:00",5,"iButton_R9.csv",9
"2024-01-19","06:16:00",5,"iButton_R9.csv",9
"2024-01-19","10:31:00",5,"iButton_R9.csv",9
"2024-01-19","14:46:00",5,"iButton_R9.csv",9
"2024-01-19","19:01:00",5,"iButton_R9.csv",9
"2024-01-19","23:16:00",5,"iButton_R9.csv",9
"2024-01-20","03:31:00",5,"iButton_R9.csv",9
"2024-01-20","07:46:00",5,"iButton_R9.csv",9
"2024-01-20","12:01:00",5,"iButton_R9.csv",9
"2024-01-20","16:16:00",5,"iButton_R9.csv",9
"2024-01-20","20:31:00",5,"iButton_R9.csv",9
"2024-01-21","00:46:00",5,"iButton_R9.csv",9
"2024-01-21","05:01:00",5,"iButton_R9.csv",9
"2024-01-21","09:16:00",5,"iButton_R9.csv",9
"2024-01-21","13:31:00",5,"iButton_R9.csv",9
"2024-01-21","17:46:00",5,"iButton_R9.csv",9
"2024-01-21","22:01:00",5,"iButton_R9.csv",9
"2024-01-22","02:16:00",5,"iButton_R9.csv",9
"2024-01-22","06:31:00",5,"iButton_R9.csv",9
"2024-01-22","10:46:00",5,"iButton_R9.csv",9
"2024-01-22","15:01:00",5,"iButton_R9.csv",9
"2024-01-22","19:16:00",5,"iButton_R9.csv",9
"2024-01-22","23:31:00",5,"iButton_R9.csv",9
"2024-01-23","03:46:00",5,"iButton_R9.csv",9
"2024-01-23","08:01:00",5,"iButton_R9.csv",9
"2024-01-23","12:16:00",5,"iButton_R9.csv",9
"2024-01-23","16:31:00",5,"iButton_R9.csv",9
"2024-01-23","20:46:00",5,"iButton_R9.csv",9
"2024-01-24","01:01:00",5,"iButton_R9.csv",9
"2024-01-24","05:16:00",5,"iButton_R9.csv",9
"2024-01-24","09:31:00",5,"iButton_R9.csv",9
"2024-01-24","13:46:00",5,"iButton_R9.csv",9
"2024-01-24","18:01:00",5,"iButton_R9.csv",9
"2024-01-24","22:16:00",5,"iButton_R9.csv",9
"2024-01-25","02:31:00",5,"iButton_R9.csv",9
"2024-01-25","06:46:00",5,"iButton_R9.csv",9
"2024-01-25","11:01:00",5.5,"iButton_R9.csv",9
"2024-01-25","15:16:00",5.5,"iButton_R9.csv",9
"2024-01-25","19:31:00",5.5,"iButton_R9.csv",9
"2024-01-25","23:46:00",5.5,"iButton_R9.csv",9
"2024-01-26","04:01:00",5.5,"iButton_R9.csv",9
"2024-01-26","08:16:00",5.5,"iButton_R9.csv",9
"2024-01-26","12:31:00",5.5,"iButton_R9.csv",9
"2024-01-26","16:46:00",5.5,"iButton_R9.csv",9
"2024-01-26","21:01:00",5.5,"iButton_R9.csv",9
"2024-01-27","01:16:00",5,"iButton_R9.csv",9
"2024-01-27","05:31:00",5,"iButton_R9.csv",9
"2024-01-27","09:46:00",5,"iButton_R9.csv",9
"2024-01-27","14:01:00",5,"iButton_R9.csv",9
"2024-01-27","18:16:00",5,"iButton_R9.csv",9
"2024-01-27","22:31:00",5,"iButton_R9.csv",9
"2024-01-28","02:46:00",5,"iButton_R9.csv",9
"2024-01-28","07:01:00",5,"iButton_R9.csv",9
"2024-01-28","11:16:00",5,"iButton_R9.csv",9
"2024-01-28","15:31:00",5,"iButton_R9.csv",9
"2024-01-28","19:46:00",5,"iButton_R9.csv",9
"2024-01-29","00:01:00",5,"iButton_R9.csv",9
"2024-01-29","04:16:00",5,"iButton_R9.csv",9
"2024-01-29","08:31:00",5,"iButton_R9.csv",9
"2024-01-29","12:46:00",5,"iButton_R9.csv",9
"2024-01-29","17:01:00",5,"iButton_R9.csv",9
"2024-01-29","21:16:00",5,"iButton_R9.csv",9
"2024-01-30","01:31:00",5,"iButton_R9.csv",9
"2024-01-30","05:46:00",5,"iButton_R9.csv",9
"2024-01-30","10:01:00",5,"iButton_R9.csv",9
"2024-01-30","14:16:00",5,"iButton_R9.csv",9
"2024-01-30","18:31:00",5,"iButton_R9.csv",9
"2024-01-30","22:46:00",5,"iButton_R9.csv",9
"2024-01-31","03:01:00",5,"iButton_R9.csv",9
"2024-01-31","07:16:00",5,"iButton_R9.csv",9
"2024-01-31","11:31:00",5,"iButton_R9.csv",9
"2024-01-31","15:46:00",5,"iButton_R9.csv",9
"2024-01-31","20:01:00",5,"iButton_R9.csv",9
"2024-02-01","00:16:00",5,"iButton_R9.csv",9
"2024-02-01","04:31:00",5,"iButton_R9.csv",9
"2024-02-01","08:46:00",5,"iButton_R9.csv",9
"2024-02-01","13:01:00",5,"iButton_R9.csv",9
"2024-02-01","17:16:00",5,"iButton_R9.csv",9
"2024-02-01","21:31:00",5,"iButton_R9.csv",9
"2024-02-02","01:46:00",5,"iButton_R9.csv",9
"2024-02-02","06:01:00",5,"iButton_R9.csv",9
"2024-02-02","10:16:00",5,"iButton_R9.csv",9
"2024-02-02","14:31:00",5,"iButton_R9.csv",9
"2024-02-02","18:46:00",5,"iButton_R9.csv",9
"2024-02-02","23:01:00",5,"iButton_R9.csv",9
"2024-02-03","03:16:00",5,"iButton_R9.csv",9
"2024-02-03","07:31:00",5,"iButton_R9.csv",9
"2024-02-03","11:46:00",5,"iButton_R9.csv",9
"2024-02-03","16:01:00",5,"iButton_R9.csv",9
"2024-02-03","20:16:00",5.5,"iButton_R9.csv",9
"2024-02-04","00:31:00",5.5,"iButton_R9.csv",9
"2024-02-04","04:46:00",5.5,"iButton_R9.csv",9
"2024-02-04","09:01:00",5.5,"iButton_R9.csv",9
"2024-02-04","13:16:00",5.5,"iButton_R9.csv",9
"2024-02-04","17:31:00",5.5,"iButton_R9.csv",9
"2024-02-04","21:46:00",5.5,"iButton_R9.csv",9
"2024-02-05","02:01:00",5.5,"iButton_R9.csv",9
"2024-02-05","06:16:00",5.5,"iButton_R9.csv",9
"2024-02-05","10:31:00",5.5,"iButton_R9.csv",9
"2024-02-05","14:46:00",5.5,"iButton_R9.csv",9
"2024-02-05","19:01:00",5.5,"iButton_R9.csv",9
"2024-02-05","23:16:00",5.5,"iButton_R9.csv",9
"2024-02-06","03:31:00",5.5,"iButton_R9.csv",9
"2024-02-06","07:46:00",5.5,"iButton_R9.csv",9
"2024-02-06","12:01:00",5.5,"iButton_R9.csv",9
"2024-02-06","16:16:00",5.5,"iButton_R9.csv",9
"2024-02-06","20:31:00",5.5,"iButton_R9.csv",9
"2024-02-07","00:46:00",5.5,"iButton_R9.csv",9
"2024-02-07","05:01:00",5.5,"iButton_R9.csv",9
"2024-02-07","09:16:00",5.5,"iButton_R9.csv",9
"2024-02-07","13:31:00",5.5,"iButton_R9.csv",9
"2024-02-07","17:46:00",5.5,"iButton_R9.csv",9
"2024-02-07","22:01:00",5.5,"iButton_R9.csv",9
"2024-02-08","02:16:00",5.5,"iButton_R9.csv",9
"2024-02-08","06:31:00",5.5,"iButton_R9.csv",9
"2024-02-08","10:46:00",5.5,"iButton_R9.csv",9
"2024-02-08","15:01:00",5.5,"iButton_R9.csv",9
"2024-02-08","19:16:00",5.5,"iButton_R9.csv",9
"2024-02-08","23:31:00",5.5,"iButton_R9.csv",9
"2024-02-09","03:46:00",5.5,"iButton_R9.csv",9
"2024-02-09","08:01:00",5.5,"iButton_R9.csv",9
"2024-02-09","12:16:00",5.5,"iButton_R9.csv",9
"2024-02-09","16:31:00",5.5,"iButton_R9.csv",9
"2024-02-09","20:46:00",5.5,"iButton_R9.csv",9
"2024-02-10","01:01:00",5.5,"iButton_R9.csv",9
"2024-02-10","05:16:00",5.5,"iButton_R9.csv",9
"2024-02-10","09:31:00",5.5,"iButton_R9.csv",9
"2024-02-10","13:46:00",5.5,"iButton_R9.csv",9
"2024-02-10","18:01:00",5.5,"iButton_R9.csv",9
"2024-02-10","22:16:00",5.5,"iButton_R9.csv",9
"2024-02-11","02:31:00",5.5,"iButton_R9.csv",9
"2024-02-11","06:46:00",5.5,"iButton_R9.csv",9
"2024-02-11","11:01:00",5.5,"iButton_R9.csv",9
"2024-02-11","15:16:00",5.5,"iButton_R9.csv",9
"2024-02-11","19:31:00",5.5,"iButton_R9.csv",9
"2024-02-11","23:46:00",5.5,"iButton_R9.csv",9
"2024-02-12","04:01:00",5.5,"iButton_R9.csv",9
"2024-02-12","08:16:00",5.5,"iButton_R9.csv",9
"2024-02-12","12:31:00",5.5,"iButton_R9.csv",9
"2024-02-12","16:46:00",5.5,"iButton_R9.csv",9
"2024-02-12","21:01:00",5.5,"iButton_R9.csv",9
"2024-02-13","01:16:00",5.5,"iButton_R9.csv",9
"2024-02-13","05:31:00",5.5,"iButton_R9.csv",9
"2024-02-13","09:46:00",5.5,"iButton_R9.csv",9
"2024-02-13","14:01:00",5.5,"iButton_R9.csv",9
"2024-02-13","18:16:00",5.5,"iButton_R9.csv",9
"2024-02-13","22:31:00",5.5,"iButton_R9.csv",9
"2024-02-14","02:46:00",5.5,"iButton_R9.csv",9
"2024-02-14","07:01:00",5.5,"iButton_R9.csv",9
"2024-02-14","11:16:00",5.5,"iButton_R9.csv",9
"2024-02-14","15:31:00",5.5,"iButton_R9.csv",9
"2024-02-14","19:46:00",5.5,"iButton_R9.csv",9
"2024-02-15","00:01:00",5.5,"iButton_R9.csv",9
"2024-02-15","04:16:00",5.5,"iButton_R9.csv",9
"2024-02-15","08:31:00",5.5,"iButton_R9.csv",9
"2024-02-15","12:46:00",5.5,"iButton_R9.csv",9
"2024-02-15","17:01:00",5.5,"iButton_R9.csv",9
"2024-02-15","21:16:00",5.5,"iButton_R9.csv",9
"2024-02-16","01:31:00",5.5,"iButton_R9.csv",9
"2024-02-16","05:46:00",5.5,"iButton_R9.csv",9
"2024-02-16","10:01:00",5.5,"iButton_R9.csv",9
"2024-02-16","14:16:00",5.5,"iButton_R9.csv",9
"2024-02-16","18:31:00",5.5,"iButton_R9.csv",9
"2024-02-16","22:46:00",5.5,"iButton_R9.csv",9
"2024-02-17","03:01:00",5.5,"iButton_R9.csv",9
"2024-02-17","07:16:00",5.5,"iButton_R9.csv",9
"2024-02-17","11:31:00",5.5,"iButton_R9.csv",9
"2024-02-17","15:46:00",6,"iButton_R9.csv",9
"2024-02-17","20:01:00",6,"iButton_R9.csv",9
"2024-02-18","00:16:00",6,"iButton_R9.csv",9
"2024-02-18","04:31:00",6,"iButton_R9.csv",9
"2024-02-18","08:46:00",6,"iButton_R9.csv",9
"2024-02-18","13:01:00",6,"iButton_R9.csv",9
"2024-02-18","17:16:00",6,"iButton_R9.csv",9
"2024-02-18","21:31:00",6,"iButton_R9.csv",9
"2024-02-19","01:46:00",6,"iButton_R9.csv",9
"2024-02-19","06:01:00",6,"iButton_R9.csv",9
"2024-02-19","10:16:00",6,"iButton_R9.csv",9
"2024-02-19","14:31:00",6,"iButton_R9.csv",9
"2024-02-19","18:46:00",6,"iButton_R9.csv",9
"2024-02-19","23:01:00",6,"iButton_R9.csv",9
"2024-02-20","03:16:00",6,"iButton_R9.csv",9
"2024-02-20","07:31:00",6,"iButton_R9.csv",9
"2024-02-20","11:46:00",6,"iButton_R9.csv",9
"2024-02-20","16:01:00",6,"iButton_R9.csv",9
"2024-02-20","20:16:00",6,"iButton_R9.csv",9
"2024-02-21","00:31:00",6,"iButton_R9.csv",9
"2024-02-21","04:46:00",6,"iButton_R9.csv",9
"2024-02-21","09:01:00",6,"iButton_R9.csv",9
"2024-02-21","13:16:00",6,"iButton_R9.csv",9
"2024-02-21","17:31:00",6,"iButton_R9.csv",9
"2024-02-21","21:46:00",6,"iButton_R9.csv",9
"2024-02-22","02:01:00",6,"iButton_R9.csv",9
"2024-02-22","06:16:00",6,"iButton_R9.csv",9
"2024-02-22","10:31:00",6,"iButton_R9.csv",9
"2024-02-22","14:46:00",6,"iButton_R9.csv",9
"2024-02-22","19:01:00",6,"iButton_R9.csv",9
"2024-02-22","23:16:00",6,"iButton_R9.csv",9
"2024-02-23","03:31:00",6,"iButton_R9.csv",9
"2024-02-23","07:46:00",6,"iButton_R9.csv",9
"2024-02-23","12:01:00",6,"iButton_R9.csv",9
"2024-02-23","16:16:00",6,"iButton_R9.csv",9
"2024-02-23","20:31:00",6,"iButton_R9.csv",9
"2024-02-24","00:46:00",6,"iButton_R9.csv",9
"2024-02-24","05:01:00",6,"iButton_R9.csv",9
"2024-02-24","09:16:00",6,"iButton_R9.csv",9
"2024-02-24","13:31:00",6,"iButton_R9.csv",9
"2024-02-24","17:46:00",6,"iButton_R9.csv",9
"2024-02-24","22:01:00",6,"iButton_R9.csv",9
"2024-02-25","02:16:00",6,"iButton_R9.csv",9
"2024-02-25","06:31:00",6,"iButton_R9.csv",9
"2024-02-25","10:46:00",6,"iButton_R9.csv",9
"2024-02-25","15:01:00",6,"iButton_R9.csv",9
"2024-02-25","19:16:00",6,"iButton_R9.csv",9
"2024-02-25","23:31:00",6,"iButton_R9.csv",9
"2024-02-26","03:46:00",6,"iButton_R9.csv",9
"2024-02-26","08:01:00",6,"iButton_R9.csv",9
"2024-02-26","12:16:00",6,"iButton_R9.csv",9
"2024-02-26","16:31:00",6,"iButton_R9.csv",9
"2024-02-26","20:46:00",6,"iButton_R9.csv",9
"2024-02-27","01:01:00",6,"iButton_R9.csv",9
"2024-02-27","05:16:00",6,"iButton_R9.csv",9
"2024-02-27","09:31:00",6,"iButton_R9.csv",9
"2024-02-27","13:46:00",6,"iButton_R9.csv",9
"2024-02-27","18:01:00",6,"iButton_R9.csv",9
"2024-02-27","22:16:00",6,"iButton_R9.csv",9
"2024-02-28","02:31:00",6,"iButton_R9.csv",9
"2024-02-28","06:46:00",6,"iButton_R9.csv",9
"2024-02-28","11:01:00",6,"iButton_R9.csv",9
"2024-02-28","15:16:00",6,"iButton_R9.csv",9
"2024-02-28","19:31:00",6,"iButton_R9.csv",9
"2024-02-28","23:46:00",6,"iButton_R9.csv",9
"2024-02-29","04:01:00",6,"iButton_R9.csv",9
"2024-02-29","08:16:00",6,"iButton_R9.csv",9
"2024-02-29","12:31:00",6,"iButton_R9.csv",9
"2024-02-29","16:46:00",6,"iButton_R9.csv",9
"2024-02-29","21:01:00",6,"iButton_R9.csv",9
"2024-03-01","01:16:00",6,"iButton_R9.csv",9
"2024-03-01","05:31:00",6,"iButton_R9.csv",9
"2024-03-01","09:46:00",6,"iButton_R9.csv",9
"2024-03-01","14:01:00",6,"iButton_R9.csv",9
"2024-03-01","18:16:00",6,"iButton_R9.csv",9
"2024-03-01","22:31:00",6,"iButton_R9.csv",9
"2024-03-02","02:46:00",6,"iButton_R9.csv",9
"2024-03-02","07:01:00",6,"iButton_R9.csv",9
"2024-03-02","11:16:00",6,"iButton_R9.csv",9
"2024-03-02","15:31:00",6,"iButton_R9.csv",9
"2024-03-02","19:46:00",6,"iButton_R9.csv",9
"2024-03-03","00:01:00",6,"iButton_R9.csv",9
"2024-03-03","04:16:00",6,"iButton_R9.csv",9
"2024-03-03","08:31:00",6,"iButton_R9.csv",9
"2024-03-03","12:46:00",6,"iButton_R9.csv",9
"2024-03-03","17:01:00",6,"iButton_R9.csv",9
"2024-03-03","21:16:00",6,"iButton_R9.csv",9
"2024-03-04","01:31:00",6,"iButton_R9.csv",9
"2024-03-04","05:46:00",6,"iButton_R9.csv",9
"2024-03-04","10:01:00",6,"iButton_R9.csv",9
"2024-03-04","14:16:00",6,"iButton_R9.csv",9
"2024-03-04","18:31:00",6,"iButton_R9.csv",9
"2024-03-04","22:46:00",6,"iButton_R9.csv",9
"2024-03-05","03:01:00",6,"iButton_R9.csv",9
"2024-03-05","07:16:00",6,"iButton_R9.csv",9
"2024-03-05","11:31:00",6,"iButton_R9.csv",9
"2024-03-05","15:46:00",6,"iButton_R9.csv",9
"2024-03-05","20:01:00",6,"iButton_R9.csv",9
"2024-03-06","00:16:00",6,"iButton_R9.csv",9
"2024-03-06","04:31:00",6,"iButton_R9.csv",9
"2024-03-06","08:46:00",6,"iButton_R9.csv",9
"2024-03-06","13:01:00",6,"iButton_R9.csv",9
"2024-03-06","17:16:00",6,"iButton_R9.csv",9
"2024-03-06","21:31:00",6,"iButton_R9.csv",9
"2024-03-07","01:46:00",6,"iButton_R9.csv",9
"2024-03-07","06:01:00",6,"iButton_R9.csv",9
"2024-03-07","10:16:00",6,"iButton_R9.csv",9
"2024-03-07","14:31:00",6,"iButton_R9.csv",9
"2024-03-07","18:46:00",6,"iButton_R9.csv",9
"2024-03-07","23:01:00",6,"iButton_R9.csv",9
"2024-03-08","03:16:00",6,"iButton_R9.csv",9
"2024-03-08","07:31:00",6,"iButton_R9.csv",9
"2024-03-08","11:46:00",6,"iButton_R9.csv",9
"2024-03-08","16:01:00",6,"iButton_R9.csv",9
"2024-03-08","20:16:00",6,"iButton_R9.csv",9
"2024-03-09","00:31:00",6,"iButton_R9.csv",9
"2024-03-09","04:46:00",6,"iButton_R9.csv",9
"2024-03-09","09:01:00",6,"iButton_R9.csv",9
"2024-03-09","13:16:00",6,"iButton_R9.csv",9
"2024-03-09","17:31:00",6,"iButton_R9.csv",9
"2024-03-09","21:46:00",6,"iButton_R9.csv",9
"2024-03-10","02:01:00",6,"iButton_R9.csv",9
"2024-03-10","06:16:00",6,"iButton_R9.csv",9
"2024-03-10","10:31:00",6,"iButton_R9.csv",9
"2024-03-10","14:46:00",6,"iButton_R9.csv",9
"2024-03-10","19:01:00",6,"iButton_R9.csv",9
"2024-03-10","23:16:00",6,"iButton_R9.csv",9
"2024-03-11","03:31:00",6,"iButton_R9.csv",9
"2024-03-11","07:46:00",6,"iButton_R9.csv",9
"2024-03-11","12:01:00",6,"iButton_R9.csv",9
"2024-03-11","16:16:00",6,"iButton_R9.csv",9
"2024-03-11","20:31:00",6,"iButton_R9.csv",9
"2024-03-12","00:46:00",6,"iButton_R9.csv",9
"2024-03-12","05:01:00",6,"iButton_R9.csv",9
"2024-03-12","09:16:00",6,"iButton_R9.csv",9
"2024-03-12","13:31:00",6,"iButton_R9.csv",9
"2024-03-12","17:46:00",6,"iButton_R9.csv",9
"2024-03-12","22:01:00",6,"iButton_R9.csv",9
"2024-03-13","02:16:00",6,"iButton_R9.csv",9
"2024-03-13","06:31:00",6,"iButton_R9.csv",9
"2024-03-13","10:46:00",6,"iButton_R9.csv",9
"2024-03-13","15:01:00",6,"iButton_R9.csv",9
"2024-03-13","19:16:00",6,"iButton_R9.csv",9
"2024-03-13","23:31:00",6,"iButton_R9.csv",9
"2024-03-14","03:46:00",6,"iButton_R9.csv",9
"2024-03-14","08:01:00",6,"iButton_R9.csv",9
"2024-03-14","12:16:00",6,"iButton_R9.csv",9
"2024-03-14","16:31:00",6,"iButton_R9.csv",9
"2024-03-14","20:46:00",6,"iButton_R9.csv",9
"2024-03-15","01:01:00",6,"iButton_R9.csv",9
"2024-03-15","05:16:00",6,"iButton_R9.csv",9
"2024-03-15","09:31:00",6,"iButton_R9.csv",9
"2024-03-15","13:46:00",6,"iButton_R9.csv",9
"2024-03-15","18:01:00",6,"iButton_R9.csv",9
"2024-03-15","22:16:00",6.5,"iButton_R9.csv",9
"2024-03-16","02:31:00",6.5,"iButton_R9.csv",9
"2024-03-16","06:46:00",6.5,"iButton_R9.csv",9
"2024-03-16","11:01:00",6.5,"iButton_R9.csv",9
"2024-03-16","15:16:00",6.5,"iButton_R9.csv",9
"2024-03-16","19:31:00",6.5,"iButton_R9.csv",9
"2024-03-16","23:46:00",6.5,"iButton_R9.csv",9
"2024-03-17","04:01:00",6.5,"iButton_R9.csv",9
"2024-03-17","08:16:00",6.5,"iButton_R9.csv",9
"2024-03-17","12:31:00",6.5,"iButton_R9.csv",9
"2024-03-17","16:46:00",6.5,"iButton_R9.csv",9
"2024-03-17","21:01:00",6.5,"iButton_R9.csv",9
"2024-03-18","01:16:00",6.5,"iButton_R9.csv",9
"2024-03-18","05:31:00",6.5,"iButton_R9.csv",9
"2024-03-18","09:46:00",6.5,"iButton_R9.csv",9
"2024-03-18","14:01:00",6.5,"iButton_R9.csv",9
"2024-03-18","18:16:00",6.5,"iButton_R9.csv",9
"2024-03-18","22:31:00",6.5,"iButton_R9.csv",9
"2024-03-19","02:46:00",6.5,"iButton_R9.csv",9
"2024-03-19","07:01:00",6.5,"iButton_R9.csv",9
"2024-03-19","11:16:00",6.5,"iButton_R9.csv",9
"2024-03-19","15:31:00",6.5,"iButton_R9.csv",9
"2024-03-19","19:46:00",6.5,"iButton_R9.csv",9
"2024-03-20","00:01:00",6.5,"iButton_R9.csv",9
"2024-03-20","04:16:00",6.5,"iButton_R9.csv",9
"2024-03-20","08:31:00",6.5,"iButton_R9.csv",9
"2024-03-20","12:46:00",6.5,"iButton_R9.csv",9
"2024-03-20","17:01:00",6.5,"iButton_R9.csv",9
"2024-03-20","21:16:00",6.5,"iButton_R9.csv",9
"2024-03-21","01:31:00",6.5,"iButton_R9.csv",9
"2024-03-21","05:46:00",6.5,"iButton_R9.csv",9
"2024-03-21","10:01:00",6.5,"iButton_R9.csv",9
"2024-03-21","14:16:00",6.5,"iButton_R9.csv",9
"2024-03-21","18:31:00",6.5,"iButton_R9.csv",9
"2024-03-21","22:46:00",6.5,"iButton_R9.csv",9
"2024-03-22","03:01:00",6.5,"iButton_R9.csv",9
"2024-03-22","07:16:00",6.5,"iButton_R9.csv",9
"2024-03-22","11:31:00",6.5,"iButton_R9.csv",9
"2024-03-22","15:46:00",6.5,"iButton_R9.csv",9
"2024-03-22","20:01:00",6.5,"iButton_R9.csv",9
"2024-03-23","00:16:00",6.5,"iButton_R9.csv",9
"2024-03-23","04:31:00",6.5,"iButton_R9.csv",9
"2024-03-23","08:46:00",6.5,"iButton_R9.csv",9
"2024-03-23","13:01:00",6.5,"iButton_R9.csv",9
"2024-03-23","17:16:00",6.5,"iButton_R9.csv",9
"2024-03-23","21:31:00",6.5,"iButton_R9.csv",9
"2024-03-24","01:46:00",6.5,"iButton_R9.csv",9
"2024-03-24","06:01:00",6.5,"iButton_R9.csv",9
"2024-03-24","10:16:00",6.5,"iButton_R9.csv",9
"2024-03-24","14:31:00",6.5,"iButton_R9.csv",9
"2024-03-24","18:46:00",6.5,"iButton_R9.csv",9
"2024-03-24","23:01:00",6.5,"iButton_R9.csv",9
"2024-03-25","03:16:00",6.5,"iButton_R9.csv",9
"2024-03-25","07:31:00",6.5,"iButton_R9.csv",9
"2024-03-25","11:46:00",6.5,"iButton_R9.csv",9
"2024-03-25","16:01:00",6.5,"iButton_R9.csv",9
"2024-03-25","20:16:00",6.5,"iButton_R9.csv",9
"2024-03-26","00:31:00",6.5,"iButton_R9.csv",9
"2024-03-26","04:46:00",6.5,"iButton_R9.csv",9
"2024-03-26","09:01:00",6.5,"iButton_R9.csv",9
"2024-03-26","13:16:00",6.5,"iButton_R9.csv",9
"2024-03-26","17:31:00",6.5,"iButton_R9.csv",9
"2024-03-26","21:46:00",6.5,"iButton_R9.csv",9
"2024-03-27","02:01:00",6.5,"iButton_R9.csv",9
"2024-03-27","06:16:00",6.5,"iButton_R9.csv",9
"2024-03-27","10:31:00",6.5,"iButton_R9.csv",9
"2024-03-27","14:46:00",6.5,"iButton_R9.csv",9
"2024-03-27","19:01:00",6.5,"iButton_R9.csv",9
"2024-03-27","23:16:00",6.5,"iButton_R9.csv",9
"2024-03-28","03:31:00",6.5,"iButton_R9.csv",9
"2024-03-28","07:46:00",6.5,"iButton_R9.csv",9
"2024-03-28","12:01:00",6.5,"iButton_R9.csv",9
"2024-03-28","16:16:00",6.5,"iButton_R9.csv",9
"2024-03-28","20:31:00",6.5,"iButton_R9.csv",9
"2024-03-29","00:46:00",6.5,"iButton_R9.csv",9
"2024-03-29","05:01:00",6.5,"iButton_R9.csv",9
"2024-03-29","09:16:00",6.5,"iButton_R9.csv",9
"2024-03-29","13:31:00",6.5,"iButton_R9.csv",9
"2024-03-29","17:46:00",6.5,"iButton_R9.csv",9
